code,municipality,score,year,subject,treated,post,treat_post,baseline_score,low_baseline,triple
4300034,Aceguá,244.88,2007,Matemática,0,0,0,258.8025,1,0
4300059,Água Santa,263.71,2007,Matemática,0,0,0,273.90999999999997,0,0
4300109,Agudo,276.83,2007,Matemática,1,0,0,283.125,0,0
4300208,Ajuricaba,271.56,2007,Matemática,0,0,0,282.4875,0,0
4300307,Alecrim,259.69,2007,Matemática,0,0,0,270.22,0,0
4300406,Alegrete,241.41,2007,Matemática,0,0,0,255.27499999999998,1,0
4300455,Alegria,241.33,2007,Matemática,0,0,0,248.785,1,0
4300471,Almirante Tamandaré do Sul,,2007,Matemática,0,0,0,263.03499999999997,0,0
4300505,Alpestre,254.41,2007,Matemática,0,0,0,253.365,1,0
4300554,Alto Alegre,269.32,2007,Matemática,0,0,0,268.0275,0,0
4300570,Alto Feliz,266.97,2007,Matemática,1,0,0,272.85,0,0
4300604,Alvorada,237.17,2007,Matemática,0,0,0,249.875,1,0
4300638,Amaral Ferrador,220.42,2007,Matemática,0,0,0,243.3175,1,0
4300646,Ametista do Sul,249.9,2007,Matemática,0,0,0,260.3375,1,0
4300661,André da Rocha,,2007,Matemática,0,0,0,,0,0
4300703,Anta Gorda,276.21,2007,Matemática,0,0,0,275.6625,0,0
4300802,Antônio Prado,263.73,2007,Matemática,0,0,0,278.4175,0,0
4300851,Arambaré,245.13,2007,Matemática,0,0,0,261.385,1,0
4300877,Araricá,249.26,2007,Matemática,1,0,0,267.5125,0,0
4300901,Aratiba,267.29,2007,Matemática,0,0,0,272.885,0,0
4301008,Arroio do Meio,265.37,2007,Matemática,0,0,0,278.38,0,0
4301057,Arroio do Sal,255.11,2007,Matemática,0,0,0,259.7175,1,0
4301073,Arroio do Padre,248.43,2007,Matemática,0,0,0,276.6875,0,0
4301107,Arroio dos Ratos,233.54,2007,Matemática,0,0,0,258.9475,1,0
4301206,Arroio do Tigre,267.36,2007,Matemática,1,0,0,273.1425,0,0
4301305,Arroio Grande,244.93,2007,Matemática,1,0,0,252.03,1,0
4301404,Arvorezinha,250.77,2007,Matemática,0,0,0,254.0325,1,0
4301503,Augusto Pestana,269.69,2007,Matemática,0,0,0,287.62,0,0
4301552,Áurea,242.45,2007,Matemática,0,0,0,287.3,0,0
4301602,Bagé,242.49,2007,Matemática,0,0,0,259.52750000000003,1,0
4301636,Balneário Pinhal,233.99,2007,Matemática,0,0,0,248.6575,1,0
4301651,Barão,258.28,2007,Matemática,1,0,0,286.47749999999996,0,0
4301701,Barão de Cotegipe,261.2,2007,Matemática,0,0,0,261.39,1,0
4301750,Barão do Triunfo,238.63,2007,Matemática,0,0,0,247.54500000000002,1,0
4301800,Barracão,236.5,2007,Matemática,0,0,0,260.42,1,0
4301859,Barra do Guarita,248.59,2007,Matemática,0,0,0,245.8625,1,0
4301875,Barra do Quaraí,222.85,2007,Matemática,0,0,0,246.0125,1,0
4301909,Barra do Ribeiro,244.59,2007,Matemática,0,0,0,248.1525,1,0
4301925,Barra do Rio Azul,,2007,Matemática,0,0,0,291.45500000000004,0,0
4301958,Barra Funda,253.37,2007,Matemática,0,0,0,280.58500000000004,0,0
4302006,Barros Cassal,248.35,2007,Matemática,0,0,0,242.02249999999998,1,0
4302055,Benjamin Constant do Sul,225.61,2007,Matemática,0,0,0,250.905,1,0
4302105,Bento Gonçalves,265.07,2007,Matemática,0,0,0,278.49,0,0
4302154,Boa Vista das Missões,253.3,2007,Matemática,0,0,0,272.745,0,0
4302204,Boa Vista do Buricá,285.85,2007,Matemática,0,0,0,283.9475,0,0
4302220,Boa Vista do Cadeado,224.02,2007,Matemática,0,0,0,232.07,1,0
4302238,Boa Vista do Incra,220.64,2007,Matemática,0,0,0,263.09000000000003,0,0
4302253,Boa Vista do Sul,261.55,2007,Matemática,0,0,0,276.225,0,0
4302303,Bom Jesus,235.57,2007,Matemática,0,0,0,262.40999999999997,0,0
4302352,Bom Princípio,281.01,2007,Matemática,1,0,0,294.6,0,0
4302378,Bom Progresso,229.06,2007,Matemática,0,0,0,272.47,0,0
4302402,Bom Retiro do Sul,261.19,2007,Matemática,1,0,0,279.4075,0,0
4302451,Boqueirão do Leão,265.81,2007,Matemática,0,0,0,260.3675,1,0
4302501,Bossoroca,244.2,2007,Matemática,0,0,0,250.0275,1,0
4302584,Bozano,272.68,2007,Matemática,0,0,0,283.14,0,0
4302600,Braga,252.2,2007,Matemática,0,0,0,266.14,0,0
4302659,Brochier,271.51,2007,Matemática,1,0,0,317.675,0,0
4302709,Butiá,240.08,2007,Matemática,1,0,0,227.42000000000002,1,0
4302808,Caçapava do Sul,248.91,2007,Matemática,0,0,0,254.54250000000002,1,0
4302907,Cacequi,238.28,2007,Matemática,0,0,0,243.95499999999998,1,0
4303004,Cachoeira do Sul,251.08,2007,Matemática,1,0,0,259.44,1,0
4303103,Cachoeirinha,241.16,2007,Matemática,0,0,0,254.6925,1,0
4303202,Cacique Doble,248.05,2007,Matemática,0,0,0,268.835,0,0
4303301,Caibaté,261.37,2007,Matemática,0,0,0,253.8675,1,0
4303400,Caiçara,261.83,2007,Matemática,0,0,0,263.9725,0,0
4303509,Camaquã,247.8,2007,Matemática,1,0,0,257.87,1,0
4303558,Camargo,276.12,2007,Matemática,0,0,0,277.94500000000005,0,0
4303608,Cambará do Sul,233.74,2007,Matemática,0,0,0,253.89499999999998,1,0
4303673,Campestre da Serra,276.97,2007,Matemática,0,0,0,280.15999999999997,0,0
4303707,Campina das Missões,269.42,2007,Matemática,0,0,0,276.8675,0,0
4303806,Campinas do Sul,264.03,2007,Matemática,0,0,0,287.3275,0,0
4303905,Campo Bom,259.18,2007,Matemática,1,0,0,277.98,0,0
4304002,Campo Novo,245.9,2007,Matemática,0,0,0,250.65,1,0
4304101,Campos Borges,244.04,2007,Matemática,0,0,0,248.02749999999997,1,0
4304200,Candelária,250.63,2007,Matemática,0,0,0,257.2225,1,0
4304309,Cândido Godói,,2007,Matemática,0,0,0,277.0475,0,0
4304358,Candiota,248.7,2007,Matemática,0,0,0,256.425,1,0
4304408,Canela,243.42,2007,Matemática,0,0,0,265.1925,0,0
4304507,Canguçu,234.37,2007,Matemática,0,0,0,286.52250000000004,0,0
4304606,Canoas,249.54,2007,Matemática,1,0,0,262.84000000000003,0,0
4304614,Canudos do Vale,267.08,2007,Matemática,0,0,0,261.0825,1,0
4304622,Capão Bonito do Sul,213.27,2007,Matemática,0,0,0,252.98250000000002,1,0
4304630,Capão da Canoa,257.62,2007,Matemática,0,0,0,264.2625,0,0
4304655,Capão do Cipó,221.69,2007,Matemática,0,0,0,260.1325,1,0
4304663,Capão do Leão,248.66,2007,Matemática,1,0,0,257.65,1,0
4304671,Capivari do Sul,263.94,2007,Matemática,0,0,0,265.8975,0,0
4304689,Capela de Santana,251.34,2007,Matemática,1,0,0,260.0325,1,0
4304697,Capitão,279.96,2007,Matemática,0,0,0,275.08000000000004,0,0
4304705,Carazinho,249.43,2007,Matemática,0,0,0,258.59749999999997,1,0
4304713,Caraá,248.49,2007,Matemática,0,0,0,223.9,1,0
4304804,Carlos Barbosa,260.55,2007,Matemática,0,0,0,285.27,0,0
4304903,Casca,260.83,2007,Matemática,0,0,0,270.7,0,0
4304952,Caseiros,248.34,2007,Matemática,0,0,0,258.97,1,0
4305009,Catuípe,262.58,2007,Matemática,0,0,0,271.6225,0,0
4305108,Caxias do Sul,261.68,2007,Matemática,1,0,0,268.43,0,0
4305116,Centenário,272.84,2007,Matemática,0,0,0,286.9775,0,0
4305124,Cerrito,245.8,2007,Matemática,0,0,0,267.835,0,0
4305132,Cerro Branco,248.34,2007,Matemática,0,0,0,271.105,0,0
4305157,Cerro Grande,250.4,2007,Matemática,0,0,0,279.815,0,0
4305173,Cerro Grande do Sul,266.53,2007,Matemática,1,0,0,264.0375,0,0
4305207,Cerro Largo,259.36,2007,Matemática,0,0,0,286.55,0,0
4305306,Chapada,252.04,2007,Matemática,0,0,0,270.98249999999996,0,0
4305355,Charqueadas,248.02,2007,Matemática,0,0,0,261.0675,1,0
4305371,Charrua,261.19,2007,Matemática,0,0,0,275.225,0,0
4305405,Chiapetta,258.01,2007,Matemática,0,0,0,261.68,1,0
4305439,Chuí,248.27,2007,Matemática,1,0,0,,0,0
4305447,Chuvisca,232.7,2007,Matemática,1,0,0,260.015,1,0
4305454,Cidreira,255.17,2007,Matemática,0,0,0,258.90999999999997,1,0
4305504,Ciríaco,250.96,2007,Matemática,0,0,0,256.21250000000003,1,0
4305587,Colinas,295.07,2007,Matemática,0,0,0,288.32,0,0
4305603,Colorado,276.69,2007,Matemática,0,0,0,291.46000000000004,0,0
4305702,Condor,249.74,2007,Matemática,0,0,0,268.6075,0,0
4305801,Constantina,251.79,2007,Matemática,0,0,0,268.3375,0,0
4305835,Coqueiro Baixo,266.86,2007,Matemática,0,0,0,296.775,0,0
4305850,Coqueiros do Sul,260.97,2007,Matemática,0,0,0,235.36,1,0
4305871,Coronel Barros,248.72,2007,Matemática,0,0,0,287.375,0,0
4305900,Coronel Bicaco,246.7,2007,Matemática,0,0,0,251.2725,1,0
4305934,Coronel Pilar,247.63,2007,Matemática,0,0,0,274.95500000000004,0,0
4305959,Cotiporã,260.81,2007,Matemática,0,0,0,279.155,0,0
4305975,Coxilha,239.63,2007,Matemática,0,0,0,262.2375,0,0
4306007,Crissiumal,257.3,2007,Matemática,0,0,0,277.26,0,0
4306056,Cristal,245.63,2007,Matemática,0,0,0,262.325,0,0
4306072,Cristal do Sul,242.46,2007,Matemática,0,0,0,239.67000000000002,1,0
4306106,Cruz Alta,239.16,2007,Matemática,0,0,0,255.2525,1,0
4306130,Cruzaltense,266.48,2007,Matemática,0,0,0,287.585,0,0
4306205,Cruzeiro do Sul,266.0,2007,Matemática,1,0,0,264.855,0,0
4306304,David Canabarro,258.19,2007,Matemática,0,0,0,268.75,0,0
4306320,Derrubadas,249.84,2007,Matemática,0,0,0,286.65999999999997,0,0
4306353,Dezesseis de Novembro,,2007,Matemática,0,0,0,257.25250000000005,1,0
4306379,Dilermando de Aguiar,,2007,Matemática,0,0,0,,0,0
4306403,Dois Irmãos,270.1,2007,Matemática,1,0,0,281.48,0,0
4306429,Dois Irmãos das Missões,231.19,2007,Matemática,0,0,0,,0,0
4306452,Dois Lajeados,272.12,2007,Matemática,0,0,0,296.695,0,0
4306502,Dom Feliciano,243.47,2007,Matemática,1,0,0,267.5075,0,0
4306551,Dom Pedro de Alcântara,268.87,2007,Matemática,0,0,0,269.84,0,0
4306601,Dom Pedrito,241.81,2007,Matemática,0,0,0,249.8275,1,0
4306700,Dona Francisca,280.67,2007,Matemática,1,0,0,274.475,0,0
4306734,Doutor Maurício Cardoso,265.64,2007,Matemática,0,0,0,261.805,0,0
4306759,Doutor Ricardo,248.05,2007,Matemática,0,0,0,,0,0
4306767,Eldorado do Sul,229.39,2007,Matemática,0,0,0,259.9975,1,0
4306809,Encantado,275.21,2007,Matemática,0,0,0,280.855,0,0
4306908,Encruzilhada do Sul,248.78,2007,Matemática,0,0,0,256.9325,1,0
4306924,Engenho Velho,256.11,2007,Matemática,0,0,0,227.77,1,0
4306932,Entre-Ijuís,245.36,2007,Matemática,0,0,0,262.28499999999997,0,0
4306957,Entre Rios do Sul,271.49,2007,Matemática,0,0,0,291.59000000000003,0,0
4306973,Erebango,250.34,2007,Matemática,0,0,0,266.5475,0,0
4307005,Erechim,257.9,2007,Matemática,0,0,0,276.5175,0,0
4307054,Ernestina,,2007,Matemática,0,0,0,262.69,0,0
4307104,Herval,251.23,2007,Matemática,0,0,0,258.245,1,0
4307203,Erval Grande,252.38,2007,Matemática,0,0,0,262.9125,0,0
4307302,Erval Seco,259.87,2007,Matemática,0,0,0,271.1925,0,0
4307401,Esmeralda,263.54,2007,Matemática,0,0,0,255.6775,1,0
4307450,Esperança do Sul,231.51,2007,Matemática,0,0,0,249.405,1,0
4307500,Espumoso,245.92,2007,Matemática,0,0,0,274.885,0,0
4307559,Estação,244.35,2007,Matemática,0,0,0,269.89,0,0
4307609,Estância Velha,255.62,2007,Matemática,1,0,0,271.89,0,0
4307708,Esteio,253.28,2007,Matemática,0,0,0,255.48250000000002,1,0
4307807,Estrela,273.32,2007,Matemática,1,0,0,272.0675,0,0
4307815,Estrela Velha,248.93,2007,Matemática,1,0,0,259.7125,1,0
4307831,Eugênio de Castro,254.84,2007,Matemática,0,0,0,275.15250000000003,0,0
4307864,Fagundes Varela,255.54,2007,Matemática,0,0,0,262.72249999999997,0,0
4307906,Farroupilha,261.17,2007,Matemática,0,0,0,289.96500000000003,0,0
4308003,Faxinal do Soturno,266.88,2007,Matemática,0,0,0,270.95,0,0
4308052,Faxinalzinho,245.31,2007,Matemática,0,0,0,238.07999999999998,1,0
4308078,Fazenda Vilanova,252.51,2007,Matemática,0,0,0,266.7075,0,0
4308102,Feliz,301.11,2007,Matemática,1,0,0,292.92,0,0
4308201,Flores da Cunha,282.29,2007,Matemática,0,0,0,287.8225,0,0
4308250,Floriano Peixoto,287.91,2007,Matemática,0,0,0,289.125,0,0
4308300,Fontoura Xavier,235.95,2007,Matemática,0,0,0,256.0175,1,0
4308409,Formigueiro,249.24,2007,Matemática,0,0,0,247.4175,1,0
4308433,Forquetinha,252.97,2007,Matemática,1,0,0,258.475,1,0
4308458,Fortaleza dos Valos,266.14,2007,Matemática,0,0,0,260.8175,1,0
4308508,Frederico Westphalen,260.47,2007,Matemática,0,0,0,281.63,0,0
4308607,Garibaldi,276.02,2007,Matemática,0,0,0,277.8825,0,0
4308656,Garruchos,248.41,2007,Matemática,0,0,0,263.995,0,0
4308706,Gaurama,263.54,2007,Matemática,0,0,0,277.07,0,0
4308805,General Câmara,259.55,2007,Matemática,0,0,0,238.71249999999998,1,0
4308854,Gentil,,2007,Matemática,0,0,0,276.245,0,0
4308904,Getúlio Vargas,262.87,2007,Matemática,0,0,0,269.7425,0,0
4309001,Giruá,250.62,2007,Matemática,0,0,0,252.3975,1,0
4309050,Glorinha,245.54,2007,Matemática,0,0,0,260.4,1,0
4309100,Gramado,261.73,2007,Matemática,1,0,0,273.725,0,0
4309126,Gramado dos Loureiros,240.73,2007,Matemática,0,0,0,287.33500000000004,0,0
4309159,Gramado Xavier,249.83,2007,Matemática,0,0,0,262.23,0,0
4309209,Gravataí,241.43,2007,Matemática,0,0,0,258.17,1,0
4309258,Guabiju,284.84,2007,Matemática,0,0,0,295.995,0,0
4309308,Guaíba,243.2,2007,Matemática,0,0,0,259.62,1,0
4309407,Guaporé,251.51,2007,Matemática,0,0,0,270.3025,0,0
4309506,Guarani das Missões,252.35,2007,Matemática,0,0,0,260.4675,1,0
4309555,Harmonia,275.85,2007,Matemática,1,0,0,289.6925,0,0
4309571,Herveiras,260.79,2007,Matemática,0,0,0,,0,0
4309605,Horizontina,252.96,2007,Matemática,0,0,0,275.78999999999996,0,0
4309654,Hulha Negra,239.55,2007,Matemática,0,0,0,243.965,1,0
4309704,Humaitá,269.99,2007,Matemática,0,0,0,269.4625,0,0
4309753,Ibarama,268.13,2007,Matemática,1,0,0,266.0775,0,0
4309803,Ibiaçá,279.47,2007,Matemática,0,0,0,268.3,0,0
4309902,Ibiraiaras,265.97,2007,Matemática,0,0,0,277.61,0,0
4309951,Ibirapuitã,243.35,2007,Matemática,0,0,0,259.635,1,0
4310009,Ibirubá,270.21,2007,Matemática,0,0,0,284.3225,0,0
4310108,Igrejinha,257.65,2007,Matemática,1,0,0,280.45500000000004,0,0
4310207,Ijuí,253.97,2007,Matemática,0,0,0,276.125,0,0
4310306,Ilópolis,235.81,2007,Matemática,0,0,0,274.415,0,0
4310330,Imbé,249.63,2007,Matemática,0,0,0,265.9125,0,0
4310363,Imigrante,317.68,2007,Matemática,0,0,0,314.095,0,0
4310405,Independência,249.47,2007,Matemática,0,0,0,270.01,0,0
4310413,Inhacorá,235.36,2007,Matemática,0,0,0,241.72,1,0
4310439,Ipê,252.31,2007,Matemática,0,0,0,278.12,0,0
4310462,Ipiranga do Sul,244.31,2007,Matemática,0,0,0,273.4625,0,0
4310504,Iraí,265.3,2007,Matemática,0,0,0,278.305,0,0
4310538,Itaara,252.06,2007,Matemática,0,0,0,270.71500000000003,0,0
4310553,Itacurubi,219.44,2007,Matemática,0,0,0,248.8,1,0
4310579,Itapuca,238.09,2007,Matemática,0,0,0,261.815,0,0
4310603,Itaqui,239.81,2007,Matemática,0,0,0,250.2475,1,0
4310652,Itati,250.41,2007,Matemática,0,0,0,277.8825,0,0
4310702,Itatiba do Sul,258.96,2007,Matemática,0,0,0,281.985,0,0
4310751,Ivorá,255.19,2007,Matemática,0,0,0,257.36,1,0
4310801,Ivoti,267.68,2007,Matemática,1,0,0,290.4175,0,0
4310850,Jaboticaba,245.62,2007,Matemática,0,0,0,270.905,0,0
4310876,Jacuizinho,223.52,2007,Matemática,0,0,0,230.04,1,0
4310900,Jacutinga,266.9,2007,Matemática,0,0,0,288.6225,0,0
4311007,Jaguarão,236.0,2007,Matemática,0,0,0,266.1075,0,0
4311106,Jaguari,268.06,2007,Matemática,0,0,0,275.045,0,0
4311122,Jaquirana,213.86,2007,Matemática,0,0,0,242.95,1,0
4311130,Jari,263.01,2007,Matemática,0,0,0,263.505,0,0
4311155,Jóia,287.01,2007,Matemática,0,0,0,269.4425,0,0
4311205,Júlio de Castilhos,251.7,2007,Matemática,0,0,0,262.755,0,0
4311239,Lagoa Bonita do Sul,230.48,2007,Matemática,0,0,0,245.8575,1,0
4311254,Lagoão,240.31,2007,Matemática,0,0,0,265.555,0,0
4311270,Lagoa dos Três Cantos,256.19,2007,Matemática,0,0,0,278.515,0,0
4311304,Lagoa Vermelha,242.62,2007,Matemática,0,0,0,258.63,1,0
4311403,Lajeado,255.94,2007,Matemática,1,0,0,276.10249999999996,0,0
4311429,Lajeado do Bugre,209.07,2007,Matemática,0,0,0,,0,0
4311502,Lavras do Sul,227.42,2007,Matemática,0,0,0,254.60250000000002,1,0
4311601,Liberato Salzano,247.16,2007,Matemática,0,0,0,265.94,0,0
4311627,Lindolfo Collor,228.42,2007,Matemática,0,0,0,281.4275,0,0
4311643,Linha Nova,276.49,2007,Matemática,1,0,0,286.825,0,0
4311700,Machadinho,258.34,2007,Matemática,0,0,0,260.32,1,0
4311718,Maçambará,227.82,2007,Matemática,0,0,0,232.3275,1,0
4311734,Mampituba,266.4,2007,Matemática,0,0,0,271.475,0,0
4311759,Manoel Viana,254.91,2007,Matemática,0,0,0,253.1625,1,0
4311775,Maquiné,232.21,2007,Matemática,0,0,0,261.61,1,0
4311791,Maratá,261.29,2007,Matemática,0,0,0,279.76,0,0
4311809,Marau,262.54,2007,Matemática,0,0,0,265.78,0,0
4311908,Marcelino Ramos,283.23,2007,Matemática,0,0,0,244.51999999999998,1,0
4311981,Mariana Pimentel,,2007,Matemática,0,0,0,261.555,1,0
4312005,Mariano Moro,232.73,2007,Matemática,0,0,0,237.0475,1,0
4312054,Marques de Souza,275.07,2007,Matemática,0,0,0,283.3525,0,0
4312104,Mata,254.57,2007,Matemática,0,0,0,262.84250000000003,0,0
4312138,Mato Castelhano,251.79,2007,Matemática,0,0,0,232.94,1,0
4312153,Mato Leitão,297.7,2007,Matemática,0,0,0,283.765,0,0
4312179,Mato Queimado,240.59,2007,Matemática,0,0,0,284.9875,0,0
4312203,Maximiliano de Almeida,261.36,2007,Matemática,0,0,0,264.61,0,0
4312252,Minas do Leão,251.67,2007,Matemática,1,0,0,256.20500000000004,1,0
4312302,Miraguaí,225.34,2007,Matemática,0,0,0,251.9525,1,0
4312351,Montauri,247.7,2007,Matemática,0,0,0,300.265,0,0
4312377,Monte Alegre dos Campos,225.39,2007,Matemática,0,0,0,244.48250000000002,1,0
4312385,Monte Belo do Sul,259.47,2007,Matemática,0,0,0,282.6375,0,0
4312401,Montenegro,250.65,2007,Matemática,1,0,0,261.1775,1,0
4312427,Mormaço,,2007,Matemática,0,0,0,259.805,1,0
4312443,Morrinhos do Sul,287.44,2007,Matemática,0,0,0,286.285,0,0
4312450,Morro Redondo,261.4,2007,Matemática,0,0,0,270.59000000000003,0,0
4312476,Morro Reuter,258.98,2007,Matemática,1,0,0,287.4925,0,0
4312500,Mostardas,255.36,2007,Matemática,0,0,0,251.8225,1,0
4312609,Muçum,247.93,2007,Matemática,0,0,0,268.775,0,0
4312617,Muitos Capões,250.57,2007,Matemática,0,0,0,260.4375,1,0
4312625,Muliterno,260.54,2007,Matemática,0,0,0,261.045,1,0
4312658,Não-Me-Toque,261.99,2007,Matemática,0,0,0,260.67,1,0
4312674,Nicolau Vergueiro,236.21,2007,Matemática,0,0,0,246.98,1,0
4312708,Nonoai,244.87,2007,Matemática,0,0,0,269.1175,0,0
4312757,Nova Alvorada,248.13,2007,Matemática,0,0,0,281.76,0,0
4312807,Nova Araçá,272.87,2007,Matemática,0,0,0,274.5925,0,0
4312906,Nova Bassano,256.2,2007,Matemática,0,0,0,266.2675,0,0
4312955,Nova Boa Vista,269.1,2007,Matemática,0,0,0,276.22249999999997,0,0
4313003,Nova Bréscia,273.67,2007,Matemática,0,0,0,269.0575,0,0
4313011,Nova Candelária,285.45,2007,Matemática,0,0,0,284.65999999999997,0,0
4313037,Nova Esperança do Sul,255.36,2007,Matemática,0,0,0,253.46,1,0
4313060,Nova Hartz,248.0,2007,Matemática,1,0,0,269.175,0,0
4313086,Nova Pádua,260.64,2007,Matemática,0,0,0,262.9375,0,0
4313102,Nova Palma,274.93,2007,Matemática,0,0,0,264.4275,0,0
4313201,Nova Petrópolis,246.44,2007,Matemática,0,0,0,295.1225,0,0
4313300,Nova Prata,272.99,2007,Matemática,0,0,0,272.12,0,0
4313334,Nova Ramada,271.04,2007,Matemática,0,0,0,,0,0
4313359,Nova Roma do Sul,269.11,2007,Matemática,0,0,0,282.83500000000004,0,0
4313375,Nova Santa Rita,245.7,2007,Matemática,0,0,0,263.56,0,0
4313391,Novo Cabrais,245.35,2007,Matemática,0,0,0,,0,0
4313409,Novo Hamburgo,259.44,2007,Matemática,1,0,0,262.5975,0,0
4313425,Novo Machado,247.02,2007,Matemática,0,0,0,273.24,0,0
4313441,Novo Tiradentes,250.6,2007,Matemática,0,0,0,,0,0
4313466,Novo Xingu,238.42,2007,Matemática,0,0,0,264.58000000000004,0,0
4313490,Novo Barreiro,243.22,2007,Matemática,0,0,0,245.58499999999998,1,0
4313508,Osório,255.25,2007,Matemática,0,0,0,270.8225,0,0
4313607,Paim Filho,260.14,2007,Matemática,0,0,0,254.39,1,0
4313656,Palmares do Sul,244.03,2007,Matemática,0,0,0,248.7225,1,0
4313706,Palmeira das Missões,242.77,2007,Matemática,0,0,0,256.305,1,0
4313805,Palmitinho,230.51,2007,Matemática,0,0,0,269.9325,0,0
4313904,Panambi,261.26,2007,Matemática,0,0,0,276.56,0,0
4313953,Pantano Grande,249.88,2007,Matemática,0,0,0,246.0575,1,0
4314001,Paraí,265.83,2007,Matemática,0,0,0,279.74,0,0
4314027,Paraíso do Sul,258.5,2007,Matemática,1,0,0,270.52250000000004,0,0
4314035,Pareci Novo,287.98,2007,Matemática,1,0,0,283.0425,0,0
4314050,Parobé,250.32,2007,Matemática,1,0,0,267.53999999999996,0,0
4314068,Passa Sete,261.55,2007,Matemática,0,0,0,273.87,0,0
4314076,Passo do Sobrado,259.95,2007,Matemática,0,0,0,267.4075,0,0
4314100,Passo Fundo,245.96,2007,Matemática,0,0,0,257.48,1,0
4314134,Paulo Bento,249.64,2007,Matemática,0,0,0,274.035,0,0
4314159,Paverama,245.99,2007,Matemática,0,0,0,258.2,1,0
4314175,Pedras Altas,246.14,2007,Matemática,0,0,0,,0,0
4314209,Pedro Osório,249.13,2007,Matemática,0,0,0,243.815,1,0
4314308,Pejuçara,249.86,2007,Matemática,0,0,0,274.65250000000003,0,0
4314407,Pelotas,249.37,2007,Matemática,1,0,0,264.845,0,0
4314423,Picada Café,292.32,2007,Matemática,0,0,0,294.65999999999997,0,0
4314456,Pinhal,251.84,2007,Matemática,0,0,0,269.0825,0,0
4314464,Pinhal da Serra,264.06,2007,Matemática,0,0,0,271.9825,0,0
4314472,Pinhal Grande,263.87,2007,Matemática,0,0,0,276.085,0,0
4314498,Pinheirinho do Vale,232.06,2007,Matemática,0,0,0,278.35,0,0
4314506,Pinheiro Machado,246.66,2007,Matemática,0,0,0,261.7125,1,0
4314548,Pinto Bandeira,,2007,Matemática,0,0,0,275.36,0,0
4314555,Pirapó,275.35,2007,Matemática,0,0,0,263.7625,0,0
4314605,Piratini,223.27,2007,Matemática,0,0,0,256.49,1,0
4314704,Planalto,245.97,2007,Matemática,0,0,0,264.48,0,0
4314753,Poço das Antas,268.2,2007,Matemática,1,0,0,276.18,0,0
4314779,Pontão,239.26,2007,Matemática,0,0,0,272.495,0,0
4314787,Ponte Preta,277.43,2007,Matemática,0,0,0,269.605,0,0
4314803,Portão,260.81,2007,Matemática,1,0,0,280.7,0,0
4314902,Porto Alegre,247.17,2007,Matemática,1,0,0,253.5,1,0
4315008,Porto Lucena,251.78,2007,Matemática,0,0,0,265.32,0,0
4315057,Porto Mauá,262.88,2007,Matemática,0,0,0,254.38,1,0
4315073,Porto Vera Cruz,239.35,2007,Matemática,0,0,0,263.54,0,0
4315107,Porto Xavier,269.89,2007,Matemática,0,0,0,272.135,0,0
4315131,Pouso Novo,,2007,Matemática,0,0,0,264.1375,0,0
4315149,Presidente Lucena,270.99,2007,Matemática,1,0,0,286.67,0,0
4315156,Progresso,262.74,2007,Matemática,0,0,0,247.5275,1,0
4315172,Protásio Alves,258.15,2007,Matemática,0,0,0,264.3575,0,0
4315206,Putinga,227.64,2007,Matemática,0,0,0,246.4325,1,0
4315305,Quaraí,235.31,2007,Matemática,0,0,0,267.21500000000003,0,0
4315313,Quatro Irmãos,,2007,Matemática,0,0,0,261.11,1,0
4315321,Quevedos,267.6,2007,Matemática,0,0,0,253.7125,1,0
4315354,Quinze de Novembro,262.49,2007,Matemática,0,0,0,275.4375,0,0
4315404,Redentora,237.1,2007,Matemática,0,0,0,250.36,1,0
4315453,Relvado,301.08,2007,Matemática,0,0,0,281.5,0,0
4315503,Restinga Sêca,264.59,2007,Matemática,1,0,0,266.78249999999997,0,0
4315552,Rio dos Índios,,2007,Matemática,0,0,0,265.09000000000003,0,0
4315602,Rio Grande,245.6,2007,Matemática,1,0,0,262.90749999999997,0,0
4315701,Rio Pardo,249.57,2007,Matemática,0,0,0,261.53999999999996,1,0
4315750,Riozinho,267.8,2007,Matemática,0,0,0,270.635,0,0
4315800,Roca Sales,253.32,2007,Matemática,0,0,0,264.0675,0,0
4315909,Rodeio Bonito,266.19,2007,Matemática,0,0,0,274.935,0,0
4315958,Rolador,258.03,2007,Matemática,0,0,0,280.1225,0,0
4316006,Rolante,256.55,2007,Matemática,0,0,0,268.5775,0,0
4316105,Ronda Alta,259.7,2007,Matemática,0,0,0,264.77,0,0
4316204,Rondinha,251.58,2007,Matemática,0,0,0,265.72249999999997,0,0
4316303,Roque Gonzales,288.09,2007,Matemática,0,0,0,277.695,0,0
4316402,Rosário do Sul,234.13,2007,Matemática,0,0,0,243.51999999999998,1,0
4316428,Sagrada Família,234.99,2007,Matemática,0,0,0,267.9,0,0
4316436,Saldanha Marinho,259.36,2007,Matemática,0,0,0,292.145,0,0
4316451,Salto do Jacuí,250.46,2007,Matemática,0,0,0,263.0675,0,0
4316477,Salvador das Missões,271.38,2007,Matemática,0,0,0,274.1075,0,0
4316501,Salvador do Sul,264.0,2007,Matemática,1,0,0,295.6075,0,0
4316600,Sananduva,247.62,2007,Matemática,0,0,0,278.63750000000005,0,0
4316709,Santa Bárbara do Sul,239.09,2007,Matemática,0,0,0,249.405,1,0
4316733,Santa Cecília do Sul,273.5,2007,Matemática,0,0,0,245.10500000000002,1,0
4316758,Santa Clara do Sul,276.36,2007,Matemática,0,0,0,284.4125,0,0
4316808,Santa Cruz do Sul,259.78,2007,Matemática,0,0,0,277.06,0,0
4316907,Santa Maria,258.13,2007,Matemática,0,0,0,270.0075,0,0
4316956,Santa Maria do Herval,271.78,2007,Matemática,1,0,0,290.365,0,0
4316972,Santa Margarida do Sul,209.6,2007,Matemática,0,0,0,252.86,1,0
4317004,Santana da Boa Vista,228.91,2007,Matemática,0,0,0,240.97,1,0
4317103,Sant'Ana do Livramento,237.14,2007,Matemática,0,0,0,250.275,1,0
4317202,Santa Rosa,247.31,2007,Matemática,0,0,0,270.305,0,0
4317251,Santa Tereza,,2007,Matemática,0,0,0,298.14,0,0
4317301,Santa Vitória do Palmar,247.02,2007,Matemática,1,0,0,239.61,1,0
4317400,Santiago,251.03,2007,Matemática,0,0,0,263.0475,0,0
4317509,Santo Ângelo,246.52,2007,Matemática,0,0,0,260.2575,1,0
4317558,Santo Antônio do Palma,262.67,2007,Matemática,0,0,0,267.3575,0,0
4317608,Santo Antônio da Patrulha,242.51,2007,Matemática,0,0,0,267.955,0,0
4317707,Santo Antônio das Missões,231.2,2007,Matemática,0,0,0,259.145,1,0
4317756,Santo Antônio do Planalto,254.14,2007,Matemática,0,0,0,269.45000000000005,0,0
4317806,Santo Augusto,251.66,2007,Matemática,0,0,0,262.945,0,0
4317905,Santo Cristo,270.94,2007,Matemática,0,0,0,280.7475,0,0
4317954,Santo Expedito do Sul,253.22,2007,Matemática,0,0,0,273.025,0,0
4318002,São Borja,241.23,2007,Matemática,0,0,0,247.0775,1,0
4318051,São Domingos do Sul,289.21,2007,Matemática,0,0,0,281.8975,0,0
4318101,São Francisco de Assis,237.58,2007,Matemática,0,0,0,235.9175,1,0
4318200,São Francisco de Paula,247.85,2007,Matemática,0,0,0,250.665,1,0
4318309,São Gabriel,233.16,2007,Matemática,0,0,0,246.1925,1,0
4318408,São Jerônimo,245.23,2007,Matemática,0,0,0,256.955,1,0
4318424,São João da Urtiga,241.58,2007,Matemática,0,0,0,270.5125,0,0
4318432,São João do Polêsine,258.65,2007,Matemática,0,0,0,286.72,0,0
4318440,São Jorge,269.95,2007,Matemática,0,0,0,261.30499999999995,1,0
4318457,São José das Missões,251.32,2007,Matemática,0,0,0,269.15500000000003,0,0
4318465,São José do Herval,226.55,2007,Matemática,0,0,0,275.05,0,0
4318481,São José do Hortêncio,275.37,2007,Matemática,1,0,0,288.51750000000004,0,0
4318499,São José do Inhacorá,257.02,2007,Matemática,0,0,0,,0,0
4318507,São José do Norte,244.09,2007,Matemática,1,0,0,259.2975,1,0
4318606,São José do Ouro,254.8,2007,Matemática,0,0,0,274.76,0,0
4318614,São José do Sul,280.14,2007,Matemática,1,0,0,272.265,0,0
4318622,São José dos Ausentes,251.21,2007,Matemática,0,0,0,251.92000000000002,1,0
4318705,São Leopoldo,254.65,2007,Matemática,1,0,0,262.5125,0,0
4318804,São Lourenço do Sul,261.91,2007,Matemática,1,0,0,278.795,0,0
4318903,São Luiz Gonzaga,257.62,2007,Matemática,0,0,0,261.3875,1,0
4319000,São Marcos,269.74,2007,Matemática,0,0,0,293.1125,0,0
4319109,São Martinho,272.07,2007,Matemática,0,0,0,277.43,0,0
4319125,São Martinho da Serra,247.31,2007,Matemática,0,0,0,,0,0
4319158,São Miguel das Missões,231.53,2007,Matemática,0,0,0,269.61,0,0
4319208,São Nicolau,241.84,2007,Matemática,0,0,0,254.625,1,0
4319307,São Paulo das Missões,275.45,2007,Matemática,0,0,0,284.695,0,0
4319356,São Pedro da Serra,275.4,2007,Matemática,1,0,0,273.54999999999995,0,0
4319364,São Pedro das Missões,,2007,Matemática,0,0,0,,0,0
4319372,São Pedro do Butiá,254.52,2007,Matemática,0,0,0,291.7675,0,0
4319406,São Pedro do Sul,261.36,2007,Matemática,0,0,0,264.2025,0,0
4319505,São Sebastião do Caí,267.46,2007,Matemática,0,0,0,263.9225,0,0
4319604,São Sepé,248.81,2007,Matemática,0,0,0,255.82750000000001,1,0
4319703,São Valentim,251.8,2007,Matemática,0,0,0,269.0475,0,0
4319711,São Valentim do Sul,272.57,2007,Matemática,0,0,0,290.6475,0,0
4319737,São Valério do Sul,,2007,Matemática,0,0,0,245.83499999999998,1,0
4319752,São Vendelino,261.58,2007,Matemática,1,0,0,290.555,0,0
4319802,São Vicente do Sul,263.72,2007,Matemática,0,0,0,262.9875,0,0
4319901,Sapiranga,259.12,2007,Matemática,1,0,0,277.77250000000004,0,0
4320008,Sapucaia do Sul,259.28,2007,Matemática,0,0,0,268.925,0,0
4320107,Sarandi,261.69,2007,Matemática,0,0,0,265.0,0,0
4320206,Seberi,257.77,2007,Matemática,0,0,0,278.505,0,0
4320230,Sede Nova,278.16,2007,Matemática,0,0,0,276.6425,0,0
4320263,Segredo,244.79,2007,Matemática,1,0,0,270.01,0,0
4320305,Selbach,290.23,2007,Matemática,0,0,0,287.625,0,0
4320321,Senador Salgado Filho,232.63,2007,Matemática,0,0,0,268.28499999999997,0,0
4320354,Sentinela do Sul,222.41,2007,Matemática,1,0,0,229.37,1,0
4320404,Serafina Corrêa,258.39,2007,Matemática,0,0,0,279.6825,0,0
4320453,Sério,273.28,2007,Matemática,0,0,0,260.0575,1,0
4320503,Sertão,256.87,2007,Matemática,0,0,0,260.6175,1,0
4320552,Sertão Santana,267.29,2007,Matemática,1,0,0,267.15999999999997,0,0
4320578,Sete de Setembro,253.17,2007,Matemática,0,0,0,278.165,0,0
4320602,Severiano de Almeida,260.34,2007,Matemática,0,0,0,292.7975,0,0
4320651,Silveira Martins,267.42,2007,Matemática,0,0,0,283.24,0,0
4320677,Sinimbu,275.25,2007,Matemática,0,0,0,275.19,0,0
4320701,Sobradinho,258.75,2007,Matemática,0,0,0,265.2925,0,0
4320800,Soledade,252.69,2007,Matemática,0,0,0,256.075,1,0
4320859,Tabaí,269.29,2007,Matemática,0,0,0,274.5875,0,0
4320909,Tapejara,261.96,2007,Matemática,0,0,0,267.5675,0,0
4321006,Tapera,255.93,2007,Matemática,0,0,0,264.74,0,0
4321105,Tapes,232.53,2007,Matemática,0,0,0,259.66499999999996,1,0
4321204,Taquara,251.41,2007,Matemática,1,0,0,254.595,1,0
4321303,Taquari,241.93,2007,Matemática,1,0,0,258.84,1,0
4321329,Taquaruçu do Sul,286.99,2007,Matemática,0,0,0,285.52,0,0
4321352,Tavares,239.03,2007,Matemática,0,0,0,250.535,1,0
4321402,Tenente Portela,248.7,2007,Matemática,0,0,0,253.49,1,0
4321436,Terra de Areia,245.44,2007,Matemática,0,0,0,282.2875,0,0
4321451,Teutônia,260.2,2007,Matemática,0,0,0,284.005,0,0
4321469,Tio Hugo,240.43,2007,Matemática,0,0,0,272.2075,0,0
4321477,Tiradentes do Sul,236.27,2007,Matemática,0,0,0,283.9075,0,0
4321493,Toropi,259.53,2007,Matemática,0,0,0,242.08749999999998,1,0
4321501,Torres,259.97,2007,Matemática,0,0,0,265.0675,0,0
4321600,Tramandaí,245.86,2007,Matemática,0,0,0,271.6275,0,0
4321626,Travesseiro,273.21,2007,Matemática,0,0,0,275.8225,0,0
4321634,Três Arroios,329.05,2007,Matemática,0,0,0,293.435,0,0
4321667,Três Cachoeiras,275.73,2007,Matemática,0,0,0,274.79,0,0
4321709,Três Coroas,266.49,2007,Matemática,0,0,0,281.4075,0,0
4321808,Três de Maio,253.1,2007,Matemática,0,0,0,264.6975,0,0
4321832,Três Forquilhas,253.12,2007,Matemática,0,0,0,263.8075,0,0
4321857,Três Palmeiras,236.06,2007,Matemática,0,0,0,265.375,0,0
4321907,Três Passos,256.74,2007,Matemática,0,0,0,276.645,0,0
4321956,Trindade do Sul,282.23,2007,Matemática,0,0,0,267.1225,0,0
4322004,Triunfo,239.11,2007,Matemática,0,0,0,248.135,1,0
4322103,Tucunduva,247.38,2007,Matemática,0,0,0,279.47749999999996,0,0
4322152,Tunas,247.22,2007,Matemática,0,0,0,260.325,1,0
4322186,Tupanci do Sul,254.81,2007,Matemática,0,0,0,294.8675,0,0
4322202,Tupanciretã,247.07,2007,Matemática,0,0,0,261.90250000000003,0,0
4322251,Tupandi,306.63,2007,Matemática,1,0,0,297.295,0,0
4322301,Tuparendi,270.05,2007,Matemática,0,0,0,265.695,0,0
4322327,Turuçu,257.89,2007,Matemática,1,0,0,283.5375,0,0
4322343,Ubiretama,268.75,2007,Matemática,0,0,0,256.1475,1,0
4322350,União da Serra,,2007,Matemática,0,0,0,267.9825,0,0
4322376,Unistalda,245.7,2007,Matemática,0,0,0,285.225,0,0
4322400,Uruguaiana,235.87,2007,Matemática,0,0,0,246.65,1,0
4322509,Vacaria,244.22,2007,Matemática,0,0,0,264.72249999999997,0,0
4322525,Vale Verde,258.51,2007,Matemática,0,0,0,270.515,0,0
4322533,Vale do Sol,270.15,2007,Matemática,0,0,0,270.97749999999996,0,0
4322541,Vale Real,276.27,2007,Matemática,0,0,0,290.5575,0,0
4322558,Vanini,288.47,2007,Matemática,0,0,0,293.3175,0,0
4322608,Venâncio Aires,261.73,2007,Matemática,0,0,0,269.6225,0,0
4322707,Vera Cruz,258.46,2007,Matemática,0,0,0,267.53,0,0
4322806,Veranópolis,263.28,2007,Matemática,0,0,0,275.505,0,0
4322855,Vespasiano Corrêa,264.3,2007,Matemática,1,0,0,279.6375,0,0
4322905,Viadutos,257.43,2007,Matemática,0,0,0,283.3825,0,0
4323002,Viamão,236.15,2007,Matemática,0,0,0,248.1,1,0
4323101,Vicente Dutra,236.29,2007,Matemática,0,0,0,240.8075,1,0
4323200,Victor Graeff,264.68,2007,Matemática,0,0,0,273.8225,0,0
4323309,Vila Flores,271.72,2007,Matemática,0,0,0,284.625,0,0
4323358,Vila Lângaro,268.02,2007,Matemática,0,0,0,279.46,0,0
4323408,Vila Maria,266.5,2007,Matemática,0,0,0,263.60749999999996,0,0
4323457,Vila Nova do Sul,255.22,2007,Matemática,0,0,0,244.41,1,0
4323507,Vista Alegre,238.96,2007,Matemática,0,0,0,278.615,0,0
4323606,Vista Alegre do Prata,245.86,2007,Matemática,0,0,0,271.9225,0,0
4323705,Vista Gaúcha,262.73,2007,Matemática,0,0,0,264.475,0,0
4323754,Vitória das Missões,260.23,2007,Matemática,0,0,0,271.16,0,0
4323770,Westfália,303.6,2007,Matemática,0,0,0,283.4925,0,0
4323804,Xangri-lá,254.97,2007,Matemática,0,0,0,265.4425,0,0
4300034,Aceguá,235.97,2007,Língua Portuguesa,0,0,0,258.8025,1,0
4300059,Água Santa,249.82,2007,Língua Portuguesa,0,0,0,273.90999999999997,0,0
4300109,Agudo,259.63,2007,Língua Portuguesa,1,0,0,283.125,0,0
4300208,Ajuricaba,255.25,2007,Língua Portuguesa,0,0,0,282.4875,0,0
4300307,Alecrim,244.69,2007,Língua Portuguesa,0,0,0,270.22,0,0
4300406,Alegrete,232.22,2007,Língua Portuguesa,0,0,0,255.27499999999998,1,0
4300455,Alegria,224.27,2007,Língua Portuguesa,0,0,0,248.785,1,0
4300471,Almirante Tamandaré do Sul,,2007,Língua Portuguesa,0,0,0,263.03499999999997,0,0
4300505,Alpestre,238.93,2007,Língua Portuguesa,0,0,0,253.365,1,0
4300554,Alto Alegre,244.96,2007,Língua Portuguesa,0,0,0,268.0275,0,0
4300570,Alto Feliz,267.46,2007,Língua Portuguesa,1,0,0,272.85,0,0
4300604,Alvorada,230.23,2007,Língua Portuguesa,0,0,0,249.875,1,0
4300638,Amaral Ferrador,213.94,2007,Língua Portuguesa,0,0,0,243.3175,1,0
4300646,Ametista do Sul,240.58,2007,Língua Portuguesa,0,0,0,260.3375,1,0
4300661,André da Rocha,,2007,Língua Portuguesa,0,0,0,,0,0
4300703,Anta Gorda,241.87,2007,Língua Portuguesa,0,0,0,275.6625,0,0
4300802,Antônio Prado,243.69,2007,Língua Portuguesa,0,0,0,278.4175,0,0
4300851,Arambaré,236.98,2007,Língua Portuguesa,0,0,0,261.385,1,0
4300877,Araricá,228.13,2007,Língua Portuguesa,1,0,0,267.5125,0,0
4300901,Aratiba,250.48,2007,Língua Portuguesa,0,0,0,272.885,0,0
4301008,Arroio do Meio,242.83,2007,Língua Portuguesa,0,0,0,278.38,0,0
4301057,Arroio do Sal,247.79,2007,Língua Portuguesa,0,0,0,259.7175,1,0
4301073,Arroio do Padre,221.91,2007,Língua Portuguesa,0,0,0,276.6875,0,0
4301107,Arroio dos Ratos,216.81,2007,Língua Portuguesa,0,0,0,258.9475,1,0
4301206,Arroio do Tigre,251.71,2007,Língua Portuguesa,1,0,0,273.1425,0,0
4301305,Arroio Grande,236.78,2007,Língua Portuguesa,1,0,0,252.03,1,0
4301404,Arvorezinha,226.29,2007,Língua Portuguesa,0,0,0,254.0325,1,0
4301503,Augusto Pestana,236.53,2007,Língua Portuguesa,0,0,0,287.62,0,0
4301552,Áurea,232.88,2007,Língua Portuguesa,0,0,0,287.3,0,0
4301602,Bagé,233.85,2007,Língua Portuguesa,0,0,0,259.52750000000003,1,0
4301636,Balneário Pinhal,225.03,2007,Língua Portuguesa,0,0,0,248.6575,1,0
4301651,Barão,244.74,2007,Língua Portuguesa,1,0,0,286.47749999999996,0,0
4301701,Barão de Cotegipe,247.83,2007,Língua Portuguesa,0,0,0,261.39,1,0
4301750,Barão do Triunfo,229.53,2007,Língua Portuguesa,0,0,0,247.54500000000002,1,0
4301800,Barracão,219.89,2007,Língua Portuguesa,0,0,0,260.42,1,0
4301859,Barra do Guarita,223.19,2007,Língua Portuguesa,0,0,0,245.8625,1,0
4301875,Barra do Quaraí,220.07,2007,Língua Portuguesa,0,0,0,246.0125,1,0
4301909,Barra do Ribeiro,238.91,2007,Língua Portuguesa,0,0,0,248.1525,1,0
4301925,Barra do Rio Azul,,2007,Língua Portuguesa,0,0,0,291.45500000000004,0,0
4301958,Barra Funda,241.45,2007,Língua Portuguesa,0,0,0,280.58500000000004,0,0
4302006,Barros Cassal,228.41,2007,Língua Portuguesa,0,0,0,242.02249999999998,1,0
4302055,Benjamin Constant do Sul,215.81,2007,Língua Portuguesa,0,0,0,250.905,1,0
4302105,Bento Gonçalves,250.19,2007,Língua Portuguesa,0,0,0,278.49,0,0
4302154,Boa Vista das Missões,241.39,2007,Língua Portuguesa,0,0,0,272.745,0,0
4302204,Boa Vista do Buricá,258.65,2007,Língua Portuguesa,0,0,0,283.9475,0,0
4302220,Boa Vista do Cadeado,227.37,2007,Língua Portuguesa,0,0,0,232.07,1,0
4302238,Boa Vista do Incra,216.19,2007,Língua Portuguesa,0,0,0,263.09000000000003,0,0
4302253,Boa Vista do Sul,240.2,2007,Língua Portuguesa,0,0,0,276.225,0,0
4302303,Bom Jesus,235.07,2007,Língua Portuguesa,0,0,0,262.40999999999997,0,0
4302352,Bom Princípio,246.3,2007,Língua Portuguesa,1,0,0,294.6,0,0
4302378,Bom Progresso,211.48,2007,Língua Portuguesa,0,0,0,272.47,0,0
4302402,Bom Retiro do Sul,238.15,2007,Língua Portuguesa,1,0,0,279.4075,0,0
4302451,Boqueirão do Leão,243.35,2007,Língua Portuguesa,0,0,0,260.3675,1,0
4302501,Bossoroca,234.95,2007,Língua Portuguesa,0,0,0,250.0275,1,0
4302584,Bozano,234.86,2007,Língua Portuguesa,0,0,0,283.14,0,0
4302600,Braga,237.8,2007,Língua Portuguesa,0,0,0,266.14,0,0
4302659,Brochier,248.14,2007,Língua Portuguesa,1,0,0,317.675,0,0
4302709,Butiá,233.37,2007,Língua Portuguesa,1,0,0,227.42000000000002,1,0
4302808,Caçapava do Sul,242.35,2007,Língua Portuguesa,0,0,0,254.54250000000002,1,0
4302907,Cacequi,229.81,2007,Língua Portuguesa,0,0,0,243.95499999999998,1,0
4303004,Cachoeira do Sul,241.98,2007,Língua Portuguesa,1,0,0,259.44,1,0
4303103,Cachoeirinha,232.52,2007,Língua Portuguesa,0,0,0,254.6925,1,0
4303202,Cacique Doble,229.89,2007,Língua Portuguesa,0,0,0,268.835,0,0
4303301,Caibaté,249.41,2007,Língua Portuguesa,0,0,0,253.8675,1,0
4303400,Caiçara,250.65,2007,Língua Portuguesa,0,0,0,263.9725,0,0
4303509,Camaquã,238.29,2007,Língua Portuguesa,1,0,0,257.87,1,0
4303558,Camargo,271.05,2007,Língua Portuguesa,0,0,0,277.94500000000005,0,0
4303608,Cambará do Sul,231.16,2007,Língua Portuguesa,0,0,0,253.89499999999998,1,0
4303673,Campestre da Serra,238.54,2007,Língua Portuguesa,0,0,0,280.15999999999997,0,0
4303707,Campina das Missões,246.57,2007,Língua Portuguesa,0,0,0,276.8675,0,0
4303806,Campinas do Sul,250.21,2007,Língua Portuguesa,0,0,0,287.3275,0,0
4303905,Campo Bom,248.49,2007,Língua Portuguesa,1,0,0,277.98,0,0
4304002,Campo Novo,232.96,2007,Língua Portuguesa,0,0,0,250.65,1,0
4304101,Campos Borges,237.93,2007,Língua Portuguesa,0,0,0,248.02749999999997,1,0
4304200,Candelária,233.96,2007,Língua Portuguesa,0,0,0,257.2225,1,0
4304309,Cândido Godói,,2007,Língua Portuguesa,0,0,0,277.0475,0,0
4304358,Candiota,250.56,2007,Língua Portuguesa,0,0,0,256.425,1,0
4304408,Canela,234.09,2007,Língua Portuguesa,0,0,0,265.1925,0,0
4304507,Canguçu,226.86,2007,Língua Portuguesa,0,0,0,286.52250000000004,0,0
4304606,Canoas,238.49,2007,Língua Portuguesa,1,0,0,262.84000000000003,0,0
4304614,Canudos do Vale,227.41,2007,Língua Portuguesa,0,0,0,261.0825,1,0
4304622,Capão Bonito do Sul,201.01,2007,Língua Portuguesa,0,0,0,252.98250000000002,1,0
4304630,Capão da Canoa,244.6,2007,Língua Portuguesa,0,0,0,264.2625,0,0
4304655,Capão do Cipó,206.72,2007,Língua Portuguesa,0,0,0,260.1325,1,0
4304663,Capão do Leão,235.48,2007,Língua Portuguesa,1,0,0,257.65,1,0
4304671,Capivari do Sul,245.37,2007,Língua Portuguesa,0,0,0,265.8975,0,0
4304689,Capela de Santana,241.41,2007,Língua Portuguesa,1,0,0,260.0325,1,0
4304697,Capitão,254.08,2007,Língua Portuguesa,0,0,0,275.08000000000004,0,0
4304705,Carazinho,237.76,2007,Língua Portuguesa,0,0,0,258.59749999999997,1,0
4304713,Caraá,228.86,2007,Língua Portuguesa,0,0,0,223.9,1,0
4304804,Carlos Barbosa,243.42,2007,Língua Portuguesa,0,0,0,285.27,0,0
4304903,Casca,245.65,2007,Língua Portuguesa,0,0,0,270.7,0,0
4304952,Caseiros,239.79,2007,Língua Portuguesa,0,0,0,258.97,1,0
4305009,Catuípe,247.41,2007,Língua Portuguesa,0,0,0,271.6225,0,0
4305108,Caxias do Sul,247.38,2007,Língua Portuguesa,1,0,0,268.43,0,0
4305116,Centenário,244.45,2007,Língua Portuguesa,0,0,0,286.9775,0,0
4305124,Cerrito,222.05,2007,Língua Portuguesa,0,0,0,267.835,0,0
4305132,Cerro Branco,241.28,2007,Língua Portuguesa,0,0,0,271.105,0,0
4305157,Cerro Grande,236.32,2007,Língua Portuguesa,0,0,0,279.815,0,0
4305173,Cerro Grande do Sul,233.85,2007,Língua Portuguesa,1,0,0,264.0375,0,0
4305207,Cerro Largo,245.04,2007,Língua Portuguesa,0,0,0,286.55,0,0
4305306,Chapada,239.6,2007,Língua Portuguesa,0,0,0,270.98249999999996,0,0
4305355,Charqueadas,237.89,2007,Língua Portuguesa,0,0,0,261.0675,1,0
4305371,Charrua,235.32,2007,Língua Portuguesa,0,0,0,275.225,0,0
4305405,Chiapetta,240.53,2007,Língua Portuguesa,0,0,0,261.68,1,0
4305439,Chuí,243.22,2007,Língua Portuguesa,1,0,0,,0,0
4305447,Chuvisca,247.11,2007,Língua Portuguesa,1,0,0,260.015,1,0
4305454,Cidreira,245.46,2007,Língua Portuguesa,0,0,0,258.90999999999997,1,0
4305504,Ciríaco,242.77,2007,Língua Portuguesa,0,0,0,256.21250000000003,1,0
4305587,Colinas,268.76,2007,Língua Portuguesa,0,0,0,288.32,0,0
4305603,Colorado,247.76,2007,Língua Portuguesa,0,0,0,291.46000000000004,0,0
4305702,Condor,247.27,2007,Língua Portuguesa,0,0,0,268.6075,0,0
4305801,Constantina,232.31,2007,Língua Portuguesa,0,0,0,268.3375,0,0
4305835,Coqueiro Baixo,249.48,2007,Língua Portuguesa,0,0,0,296.775,0,0
4305850,Coqueiros do Sul,234.38,2007,Língua Portuguesa,0,0,0,235.36,1,0
4305871,Coronel Barros,231.5,2007,Língua Portuguesa,0,0,0,287.375,0,0
4305900,Coronel Bicaco,234.57,2007,Língua Portuguesa,0,0,0,251.2725,1,0
4305934,Coronel Pilar,234.6,2007,Língua Portuguesa,0,0,0,274.95500000000004,0,0
4305959,Cotiporã,242.43,2007,Língua Portuguesa,0,0,0,279.155,0,0
4305975,Coxilha,217.2,2007,Língua Portuguesa,0,0,0,262.2375,0,0
4306007,Crissiumal,244.36,2007,Língua Portuguesa,0,0,0,277.26,0,0
4306056,Cristal,234.63,2007,Língua Portuguesa,0,0,0,262.325,0,0
4306072,Cristal do Sul,219.02,2007,Língua Portuguesa,0,0,0,239.67000000000002,1,0
4306106,Cruz Alta,228.47,2007,Língua Portuguesa,0,0,0,255.2525,1,0
4306130,Cruzaltense,242.45,2007,Língua Portuguesa,0,0,0,287.585,0,0
4306205,Cruzeiro do Sul,248.39,2007,Língua Portuguesa,1,0,0,264.855,0,0
4306304,David Canabarro,233.49,2007,Língua Portuguesa,0,0,0,268.75,0,0
4306320,Derrubadas,235.59,2007,Língua Portuguesa,0,0,0,286.65999999999997,0,0
4306353,Dezesseis de Novembro,,2007,Língua Portuguesa,0,0,0,257.25250000000005,1,0
4306379,Dilermando de Aguiar,,2007,Língua Portuguesa,0,0,0,,0,0
4306403,Dois Irmãos,263.27,2007,Língua Portuguesa,1,0,0,281.48,0,0
4306429,Dois Irmãos das Missões,216.42,2007,Língua Portuguesa,0,0,0,,0,0
4306452,Dois Lajeados,249.34,2007,Língua Portuguesa,0,0,0,296.695,0,0
4306502,Dom Feliciano,229.75,2007,Língua Portuguesa,1,0,0,267.5075,0,0
4306551,Dom Pedro de Alcântara,251.36,2007,Língua Portuguesa,0,0,0,269.84,0,0
4306601,Dom Pedrito,232.43,2007,Língua Portuguesa,0,0,0,249.8275,1,0
4306700,Dona Francisca,270.13,2007,Língua Portuguesa,1,0,0,274.475,0,0
4306734,Doutor Maurício Cardoso,232.49,2007,Língua Portuguesa,0,0,0,261.805,0,0
4306759,Doutor Ricardo,231.12,2007,Língua Portuguesa,0,0,0,,0,0
4306767,Eldorado do Sul,222.34,2007,Língua Portuguesa,0,0,0,259.9975,1,0
4306809,Encantado,256.39,2007,Língua Portuguesa,0,0,0,280.855,0,0
4306908,Encruzilhada do Sul,245.23,2007,Língua Portuguesa,0,0,0,256.9325,1,0
4306924,Engenho Velho,238.43,2007,Língua Portuguesa,0,0,0,227.77,1,0
4306932,Entre-Ijuís,231.57,2007,Língua Portuguesa,0,0,0,262.28499999999997,0,0
4306957,Entre Rios do Sul,252.75,2007,Língua Portuguesa,0,0,0,291.59000000000003,0,0
4306973,Erebango,239.45,2007,Língua Portuguesa,0,0,0,266.5475,0,0
4307005,Erechim,248.63,2007,Língua Portuguesa,0,0,0,276.5175,0,0
4307054,Ernestina,,2007,Língua Portuguesa,0,0,0,262.69,0,0
4307104,Herval,240.46,2007,Língua Portuguesa,0,0,0,258.245,1,0
4307203,Erval Grande,240.66,2007,Língua Portuguesa,0,0,0,262.9125,0,0
4307302,Erval Seco,237.36,2007,Língua Portuguesa,0,0,0,271.1925,0,0
4307401,Esmeralda,241.31,2007,Língua Portuguesa,0,0,0,255.6775,1,0
4307450,Esperança do Sul,208.06,2007,Língua Portuguesa,0,0,0,249.405,1,0
4307500,Espumoso,232.99,2007,Língua Portuguesa,0,0,0,274.885,0,0
4307559,Estação,229.69,2007,Língua Portuguesa,0,0,0,269.89,0,0
4307609,Estância Velha,239.66,2007,Língua Portuguesa,1,0,0,271.89,0,0
4307708,Esteio,242.78,2007,Língua Portuguesa,0,0,0,255.48250000000002,1,0
4307807,Estrela,254.06,2007,Língua Portuguesa,1,0,0,272.0675,0,0
4307815,Estrela Velha,255.58,2007,Língua Portuguesa,1,0,0,259.7125,1,0
4307831,Eugênio de Castro,228.43,2007,Língua Portuguesa,0,0,0,275.15250000000003,0,0
4307864,Fagundes Varela,245.48,2007,Língua Portuguesa,0,0,0,262.72249999999997,0,0
4307906,Farroupilha,247.57,2007,Língua Portuguesa,0,0,0,289.96500000000003,0,0
4308003,Faxinal do Soturno,250.19,2007,Língua Portuguesa,0,0,0,270.95,0,0
4308052,Faxinalzinho,238.34,2007,Língua Portuguesa,0,0,0,238.07999999999998,1,0
4308078,Fazenda Vilanova,225.75,2007,Língua Portuguesa,0,0,0,266.7075,0,0
4308102,Feliz,268.34,2007,Língua Portuguesa,1,0,0,292.92,0,0
4308201,Flores da Cunha,254.77,2007,Língua Portuguesa,0,0,0,287.8225,0,0
4308250,Floriano Peixoto,265.77,2007,Língua Portuguesa,0,0,0,289.125,0,0
4308300,Fontoura Xavier,231.19,2007,Língua Portuguesa,0,0,0,256.0175,1,0
4308409,Formigueiro,247.88,2007,Língua Portuguesa,0,0,0,247.4175,1,0
4308433,Forquetinha,222.68,2007,Língua Portuguesa,1,0,0,258.475,1,0
4308458,Fortaleza dos Valos,235.59,2007,Língua Portuguesa,0,0,0,260.8175,1,0
4308508,Frederico Westphalen,247.49,2007,Língua Portuguesa,0,0,0,281.63,0,0
4308607,Garibaldi,261.13,2007,Língua Portuguesa,0,0,0,277.8825,0,0
4308656,Garruchos,232.34,2007,Língua Portuguesa,0,0,0,263.995,0,0
4308706,Gaurama,252.19,2007,Língua Portuguesa,0,0,0,277.07,0,0
4308805,General Câmara,260.07,2007,Língua Portuguesa,0,0,0,238.71249999999998,1,0
4308854,Gentil,,2007,Língua Portuguesa,0,0,0,276.245,0,0
4308904,Getúlio Vargas,251.49,2007,Língua Portuguesa,0,0,0,269.7425,0,0
4309001,Giruá,234.03,2007,Língua Portuguesa,0,0,0,252.3975,1,0
4309050,Glorinha,227.86,2007,Língua Portuguesa,0,0,0,260.4,1,0
4309100,Gramado,246.06,2007,Língua Portuguesa,1,0,0,273.725,0,0
4309126,Gramado dos Loureiros,241.45,2007,Língua Portuguesa,0,0,0,287.33500000000004,0,0
4309159,Gramado Xavier,232.56,2007,Língua Portuguesa,0,0,0,262.23,0,0
4309209,Gravataí,228.73,2007,Língua Portuguesa,0,0,0,258.17,1,0
4309258,Guabiju,267.98,2007,Língua Portuguesa,0,0,0,295.995,0,0
4309308,Guaíba,234.26,2007,Língua Portuguesa,0,0,0,259.62,1,0
4309407,Guaporé,234.96,2007,Língua Portuguesa,0,0,0,270.3025,0,0
4309506,Guarani das Missões,243.23,2007,Língua Portuguesa,0,0,0,260.4675,1,0
4309555,Harmonia,249.47,2007,Língua Portuguesa,1,0,0,289.6925,0,0
4309571,Herveiras,244.16,2007,Língua Portuguesa,0,0,0,,0,0
4309605,Horizontina,240.74,2007,Língua Portuguesa,0,0,0,275.78999999999996,0,0
4309654,Hulha Negra,220.24,2007,Língua Portuguesa,0,0,0,243.965,1,0
4309704,Humaitá,247.55,2007,Língua Portuguesa,0,0,0,269.4625,0,0
4309753,Ibarama,246.45,2007,Língua Portuguesa,1,0,0,266.0775,0,0
4309803,Ibiaçá,248.93,2007,Língua Portuguesa,0,0,0,268.3,0,0
4309902,Ibiraiaras,243.19,2007,Língua Portuguesa,0,0,0,277.61,0,0
4309951,Ibirapuitã,234.61,2007,Língua Portuguesa,0,0,0,259.635,1,0
4310009,Ibirubá,254.25,2007,Língua Portuguesa,0,0,0,284.3225,0,0
4310108,Igrejinha,246.89,2007,Língua Portuguesa,1,0,0,280.45500000000004,0,0
4310207,Ijuí,241.68,2007,Língua Portuguesa,0,0,0,276.125,0,0
4310306,Ilópolis,218.15,2007,Língua Portuguesa,0,0,0,274.415,0,0
4310330,Imbé,239.25,2007,Língua Portuguesa,0,0,0,265.9125,0,0
4310363,Imigrante,278.55,2007,Língua Portuguesa,0,0,0,314.095,0,0
4310405,Independência,237.97,2007,Língua Portuguesa,0,0,0,270.01,0,0
4310413,Inhacorá,216.28,2007,Língua Portuguesa,0,0,0,241.72,1,0
4310439,Ipê,229.64,2007,Língua Portuguesa,0,0,0,278.12,0,0
4310462,Ipiranga do Sul,221.09,2007,Língua Portuguesa,0,0,0,273.4625,0,0
4310504,Iraí,257.72,2007,Língua Portuguesa,0,0,0,278.305,0,0
4310538,Itaara,242.63,2007,Língua Portuguesa,0,0,0,270.71500000000003,0,0
4310553,Itacurubi,204.61,2007,Língua Portuguesa,0,0,0,248.8,1,0
4310579,Itapuca,222.64,2007,Língua Portuguesa,0,0,0,261.815,0,0
4310603,Itaqui,234.12,2007,Língua Portuguesa,0,0,0,250.2475,1,0
4310652,Itati,235.53,2007,Língua Portuguesa,0,0,0,277.8825,0,0
4310702,Itatiba do Sul,245.05,2007,Língua Portuguesa,0,0,0,281.985,0,0
4310751,Ivorá,235.83,2007,Língua Portuguesa,0,0,0,257.36,1,0
4310801,Ivoti,241.82,2007,Língua Portuguesa,1,0,0,290.4175,0,0
4310850,Jaboticaba,243.59,2007,Língua Portuguesa,0,0,0,270.905,0,0
4310876,Jacuizinho,216.36,2007,Língua Portuguesa,0,0,0,230.04,1,0
4310900,Jacutinga,245.83,2007,Língua Portuguesa,0,0,0,288.6225,0,0
4311007,Jaguarão,221.16,2007,Língua Portuguesa,0,0,0,266.1075,0,0
4311106,Jaguari,252.62,2007,Língua Portuguesa,0,0,0,275.045,0,0
4311122,Jaquirana,209.61,2007,Língua Portuguesa,0,0,0,242.95,1,0
4311130,Jari,263.79,2007,Língua Portuguesa,0,0,0,263.505,0,0
4311155,Jóia,275.06,2007,Língua Portuguesa,0,0,0,269.4425,0,0
4311205,Júlio de Castilhos,241.36,2007,Língua Portuguesa,0,0,0,262.755,0,0
4311239,Lagoa Bonita do Sul,214.54,2007,Língua Portuguesa,0,0,0,245.8575,1,0
4311254,Lagoão,246.84,2007,Língua Portuguesa,0,0,0,265.555,0,0
4311270,Lagoa dos Três Cantos,248.12,2007,Língua Portuguesa,0,0,0,278.515,0,0
4311304,Lagoa Vermelha,228.42,2007,Língua Portuguesa,0,0,0,258.63,1,0
4311403,Lajeado,235.67,2007,Língua Portuguesa,1,0,0,276.10249999999996,0,0
4311429,Lajeado do Bugre,205.69,2007,Língua Portuguesa,0,0,0,,0,0
4311502,Lavras do Sul,224.22,2007,Língua Portuguesa,0,0,0,254.60250000000002,1,0
4311601,Liberato Salzano,236.51,2007,Língua Portuguesa,0,0,0,265.94,0,0
4311627,Lindolfo Collor,200.19,2007,Língua Portuguesa,0,0,0,281.4275,0,0
4311643,Linha Nova,238.31,2007,Língua Portuguesa,1,0,0,286.825,0,0
4311700,Machadinho,244.27,2007,Língua Portuguesa,0,0,0,260.32,1,0
4311718,Maçambará,214.35,2007,Língua Portuguesa,0,0,0,232.3275,1,0
4311734,Mampituba,236.27,2007,Língua Portuguesa,0,0,0,271.475,0,0
4311759,Manoel Viana,238.6,2007,Língua Portuguesa,0,0,0,253.1625,1,0
4311775,Maquiné,222.45,2007,Língua Portuguesa,0,0,0,261.61,1,0
4311791,Maratá,241.07,2007,Língua Portuguesa,0,0,0,279.76,0,0
4311809,Marau,245.98,2007,Língua Portuguesa,0,0,0,265.78,0,0
4311908,Marcelino Ramos,254.9,2007,Língua Portuguesa,0,0,0,244.51999999999998,1,0
4311981,Mariana Pimentel,,2007,Língua Portuguesa,0,0,0,261.555,1,0
4312005,Mariano Moro,222.51,2007,Língua Portuguesa,0,0,0,237.0475,1,0
4312054,Marques de Souza,247.08,2007,Língua Portuguesa,0,0,0,283.3525,0,0
4312104,Mata,242.98,2007,Língua Portuguesa,0,0,0,262.84250000000003,0,0
4312138,Mato Castelhano,228.92,2007,Língua Portuguesa,0,0,0,232.94,1,0
4312153,Mato Leitão,265.79,2007,Língua Portuguesa,0,0,0,283.765,0,0
4312179,Mato Queimado,237.75,2007,Língua Portuguesa,0,0,0,284.9875,0,0
4312203,Maximiliano de Almeida,242.22,2007,Língua Portuguesa,0,0,0,264.61,0,0
4312252,Minas do Leão,246.08,2007,Língua Portuguesa,1,0,0,256.20500000000004,1,0
4312302,Miraguaí,208.91,2007,Língua Portuguesa,0,0,0,251.9525,1,0
4312351,Montauri,213.31,2007,Língua Portuguesa,0,0,0,300.265,0,0
4312377,Monte Alegre dos Campos,220.71,2007,Língua Portuguesa,0,0,0,244.48250000000002,1,0
4312385,Monte Belo do Sul,229.11,2007,Língua Portuguesa,0,0,0,282.6375,0,0
4312401,Montenegro,237.96,2007,Língua Portuguesa,1,0,0,261.1775,1,0
4312427,Mormaço,,2007,Língua Portuguesa,0,0,0,259.805,1,0
4312443,Morrinhos do Sul,223.08,2007,Língua Portuguesa,0,0,0,286.285,0,0
4312450,Morro Redondo,251.17,2007,Língua Portuguesa,0,0,0,270.59000000000003,0,0
4312476,Morro Reuter,241.96,2007,Língua Portuguesa,1,0,0,287.4925,0,0
4312500,Mostardas,242.68,2007,Língua Portuguesa,0,0,0,251.8225,1,0
4312609,Muçum,238.35,2007,Língua Portuguesa,0,0,0,268.775,0,0
4312617,Muitos Capões,234.0,2007,Língua Portuguesa,0,0,0,260.4375,1,0
4312625,Muliterno,239.12,2007,Língua Portuguesa,0,0,0,261.045,1,0
4312658,Não-Me-Toque,242.89,2007,Língua Portuguesa,0,0,0,260.67,1,0
4312674,Nicolau Vergueiro,217.64,2007,Língua Portuguesa,0,0,0,246.98,1,0
4312708,Nonoai,231.64,2007,Língua Portuguesa,0,0,0,269.1175,0,0
4312757,Nova Alvorada,236.73,2007,Língua Portuguesa,0,0,0,281.76,0,0
4312807,Nova Araçá,251.62,2007,Língua Portuguesa,0,0,0,274.5925,0,0
4312906,Nova Bassano,243.75,2007,Língua Portuguesa,0,0,0,266.2675,0,0
4312955,Nova Boa Vista,251.78,2007,Língua Portuguesa,0,0,0,276.22249999999997,0,0
4313003,Nova Bréscia,242.54,2007,Língua Portuguesa,0,0,0,269.0575,0,0
4313011,Nova Candelária,254.86,2007,Língua Portuguesa,0,0,0,284.65999999999997,0,0
4313037,Nova Esperança do Sul,236.46,2007,Língua Portuguesa,0,0,0,253.46,1,0
4313060,Nova Hartz,233.93,2007,Língua Portuguesa,1,0,0,269.175,0,0
4313086,Nova Pádua,238.6,2007,Língua Portuguesa,0,0,0,262.9375,0,0
4313102,Nova Palma,253.51,2007,Língua Portuguesa,0,0,0,264.4275,0,0
4313201,Nova Petrópolis,225.53,2007,Língua Portuguesa,0,0,0,295.1225,0,0
4313300,Nova Prata,252.11,2007,Língua Portuguesa,0,0,0,272.12,0,0
4313334,Nova Ramada,249.65,2007,Língua Portuguesa,0,0,0,,0,0
4313359,Nova Roma do Sul,235.83,2007,Língua Portuguesa,0,0,0,282.83500000000004,0,0
4313375,Nova Santa Rita,233.32,2007,Língua Portuguesa,0,0,0,263.56,0,0
4313391,Novo Cabrais,219.91,2007,Língua Portuguesa,0,0,0,,0,0
4313409,Novo Hamburgo,246.23,2007,Língua Portuguesa,1,0,0,262.5975,0,0
4313425,Novo Machado,237.5,2007,Língua Portuguesa,0,0,0,273.24,0,0
4313441,Novo Tiradentes,239.02,2007,Língua Portuguesa,0,0,0,,0,0
4313466,Novo Xingu,223.72,2007,Língua Portuguesa,0,0,0,264.58000000000004,0,0
4313490,Novo Barreiro,221.05,2007,Língua Portuguesa,0,0,0,245.58499999999998,1,0
4313508,Osório,239.65,2007,Língua Portuguesa,0,0,0,270.8225,0,0
4313607,Paim Filho,235.62,2007,Língua Portuguesa,0,0,0,254.39,1,0
4313656,Palmares do Sul,234.89,2007,Língua Portuguesa,0,0,0,248.7225,1,0
4313706,Palmeira das Missões,236.79,2007,Língua Portuguesa,0,0,0,256.305,1,0
4313805,Palmitinho,224.9,2007,Língua Portuguesa,0,0,0,269.9325,0,0
4313904,Panambi,247.64,2007,Língua Portuguesa,0,0,0,276.56,0,0
4313953,Pantano Grande,232.13,2007,Língua Portuguesa,0,0,0,246.0575,1,0
4314001,Paraí,247.69,2007,Língua Portuguesa,0,0,0,279.74,0,0
4314027,Paraíso do Sul,239.55,2007,Língua Portuguesa,1,0,0,270.52250000000004,0,0
4314035,Pareci Novo,265.43,2007,Língua Portuguesa,1,0,0,283.0425,0,0
4314050,Parobé,233.14,2007,Língua Portuguesa,1,0,0,267.53999999999996,0,0
4314068,Passa Sete,240.33,2007,Língua Portuguesa,0,0,0,273.87,0,0
4314076,Passo do Sobrado,233.98,2007,Língua Portuguesa,0,0,0,267.4075,0,0
4314100,Passo Fundo,236.16,2007,Língua Portuguesa,0,0,0,257.48,1,0
4314134,Paulo Bento,227.85,2007,Língua Portuguesa,0,0,0,274.035,0,0
4314159,Paverama,234.21,2007,Língua Portuguesa,0,0,0,258.2,1,0
4314175,Pedras Altas,233.61,2007,Língua Portuguesa,0,0,0,,0,0
4314209,Pedro Osório,242.05,2007,Língua Portuguesa,0,0,0,243.815,1,0
4314308,Pejuçara,240.37,2007,Língua Portuguesa,0,0,0,274.65250000000003,0,0
4314407,Pelotas,238.01,2007,Língua Portuguesa,1,0,0,264.845,0,0
4314423,Picada Café,263.36,2007,Língua Portuguesa,0,0,0,294.65999999999997,0,0
4314456,Pinhal,240.05,2007,Língua Portuguesa,0,0,0,269.0825,0,0
4314464,Pinhal da Serra,249.2,2007,Língua Portuguesa,0,0,0,271.9825,0,0
4314472,Pinhal Grande,242.75,2007,Língua Portuguesa,0,0,0,276.085,0,0
4314498,Pinheirinho do Vale,221.3,2007,Língua Portuguesa,0,0,0,278.35,0,0
4314506,Pinheiro Machado,232.04,2007,Língua Portuguesa,0,0,0,261.7125,1,0
4314548,Pinto Bandeira,,2007,Língua Portuguesa,0,0,0,275.36,0,0
4314555,Pirapó,251.68,2007,Língua Portuguesa,0,0,0,263.7625,0,0
4314605,Piratini,206.01,2007,Língua Portuguesa,0,0,0,256.49,1,0
4314704,Planalto,224.79,2007,Língua Portuguesa,0,0,0,264.48,0,0
4314753,Poço das Antas,256.86,2007,Língua Portuguesa,1,0,0,276.18,0,0
4314779,Pontão,216.06,2007,Língua Portuguesa,0,0,0,272.495,0,0
4314787,Ponte Preta,260.45,2007,Língua Portuguesa,0,0,0,269.605,0,0
4314803,Portão,250.9,2007,Língua Portuguesa,1,0,0,280.7,0,0
4314902,Porto Alegre,239.95,2007,Língua Portuguesa,1,0,0,253.5,1,0
4315008,Porto Lucena,245.22,2007,Língua Portuguesa,0,0,0,265.32,0,0
4315057,Porto Mauá,225.82,2007,Língua Portuguesa,0,0,0,254.38,1,0
4315073,Porto Vera Cruz,225.54,2007,Língua Portuguesa,0,0,0,263.54,0,0
4315107,Porto Xavier,239.14,2007,Língua Portuguesa,0,0,0,272.135,0,0
4315131,Pouso Novo,,2007,Língua Portuguesa,0,0,0,264.1375,0,0
4315149,Presidente Lucena,250.87,2007,Língua Portuguesa,1,0,0,286.67,0,0
4315156,Progresso,244.09,2007,Língua Portuguesa,0,0,0,247.5275,1,0
4315172,Protásio Alves,237.96,2007,Língua Portuguesa,0,0,0,264.3575,0,0
4315206,Putinga,221.76,2007,Língua Portuguesa,0,0,0,246.4325,1,0
4315305,Quaraí,232.29,2007,Língua Portuguesa,0,0,0,267.21500000000003,0,0
4315313,Quatro Irmãos,,2007,Língua Portuguesa,0,0,0,261.11,1,0
4315321,Quevedos,226.63,2007,Língua Portuguesa,0,0,0,253.7125,1,0
4315354,Quinze de Novembro,243.0,2007,Língua Portuguesa,0,0,0,275.4375,0,0
4315404,Redentora,220.04,2007,Língua Portuguesa,0,0,0,250.36,1,0
4315453,Relvado,259.92,2007,Língua Portuguesa,0,0,0,281.5,0,0
4315503,Restinga Sêca,245.05,2007,Língua Portuguesa,1,0,0,266.78249999999997,0,0
4315552,Rio dos Índios,,2007,Língua Portuguesa,0,0,0,265.09000000000003,0,0
4315602,Rio Grande,234.91,2007,Língua Portuguesa,1,0,0,262.90749999999997,0,0
4315701,Rio Pardo,234.6,2007,Língua Portuguesa,0,0,0,261.53999999999996,1,0
4315750,Riozinho,249.93,2007,Língua Portuguesa,0,0,0,270.635,0,0
4315800,Roca Sales,232.75,2007,Língua Portuguesa,0,0,0,264.0675,0,0
4315909,Rodeio Bonito,242.78,2007,Língua Portuguesa,0,0,0,274.935,0,0
4315958,Rolador,250.65,2007,Língua Portuguesa,0,0,0,280.1225,0,0
4316006,Rolante,238.21,2007,Língua Portuguesa,0,0,0,268.5775,0,0
4316105,Ronda Alta,248.7,2007,Língua Portuguesa,0,0,0,264.77,0,0
4316204,Rondinha,237.78,2007,Língua Portuguesa,0,0,0,265.72249999999997,0,0
4316303,Roque Gonzales,257.99,2007,Língua Portuguesa,0,0,0,277.695,0,0
4316402,Rosário do Sul,229.48,2007,Língua Portuguesa,0,0,0,243.51999999999998,1,0
4316428,Sagrada Família,220.1,2007,Língua Portuguesa,0,0,0,267.9,0,0
4316436,Saldanha Marinho,237.18,2007,Língua Portuguesa,0,0,0,292.145,0,0
4316451,Salto do Jacuí,240.25,2007,Língua Portuguesa,0,0,0,263.0675,0,0
4316477,Salvador das Missões,258.83,2007,Língua Portuguesa,0,0,0,274.1075,0,0
4316501,Salvador do Sul,247.71,2007,Língua Portuguesa,1,0,0,295.6075,0,0
4316600,Sananduva,235.05,2007,Língua Portuguesa,0,0,0,278.63750000000005,0,0
4316709,Santa Bárbara do Sul,227.45,2007,Língua Portuguesa,0,0,0,249.405,1,0
4316733,Santa Cecília do Sul,246.22,2007,Língua Portuguesa,0,0,0,245.10500000000002,1,0
4316758,Santa Clara do Sul,243.18,2007,Língua Portuguesa,0,0,0,284.4125,0,0
4316808,Santa Cruz do Sul,243.36,2007,Língua Portuguesa,0,0,0,277.06,0,0
4316907,Santa Maria,244.79,2007,Língua Portuguesa,0,0,0,270.0075,0,0
4316956,Santa Maria do Herval,255.71,2007,Língua Portuguesa,1,0,0,290.365,0,0
4316972,Santa Margarida do Sul,205.85,2007,Língua Portuguesa,0,0,0,252.86,1,0
4317004,Santana da Boa Vista,209.75,2007,Língua Portuguesa,0,0,0,240.97,1,0
4317103,Sant'Ana do Livramento,231.35,2007,Língua Portuguesa,0,0,0,250.275,1,0
4317202,Santa Rosa,237.33,2007,Língua Portuguesa,0,0,0,270.305,0,0
4317251,Santa Tereza,,2007,Língua Portuguesa,0,0,0,298.14,0,0
4317301,Santa Vitória do Palmar,232.41,2007,Língua Portuguesa,1,0,0,239.61,1,0
4317400,Santiago,241.69,2007,Língua Portuguesa,0,0,0,263.0475,0,0
4317509,Santo Ângelo,238.54,2007,Língua Portuguesa,0,0,0,260.2575,1,0
4317558,Santo Antônio do Palma,239.31,2007,Língua Portuguesa,0,0,0,267.3575,0,0
4317608,Santo Antônio da Patrulha,229.32,2007,Língua Portuguesa,0,0,0,267.955,0,0
4317707,Santo Antônio das Missões,228.34,2007,Língua Portuguesa,0,0,0,259.145,1,0
4317756,Santo Antônio do Planalto,249.43,2007,Língua Portuguesa,0,0,0,269.45000000000005,0,0
4317806,Santo Augusto,243.77,2007,Língua Portuguesa,0,0,0,262.945,0,0
4317905,Santo Cristo,250.1,2007,Língua Portuguesa,0,0,0,280.7475,0,0
4317954,Santo Expedito do Sul,230.03,2007,Língua Portuguesa,0,0,0,273.025,0,0
4318002,São Borja,235.57,2007,Língua Portuguesa,0,0,0,247.0775,1,0
4318051,São Domingos do Sul,262.45,2007,Língua Portuguesa,0,0,0,281.8975,0,0
4318101,São Francisco de Assis,231.39,2007,Língua Portuguesa,0,0,0,235.9175,1,0
4318200,São Francisco de Paula,230.51,2007,Língua Portuguesa,0,0,0,250.665,1,0
4318309,São Gabriel,237.67,2007,Língua Portuguesa,0,0,0,246.1925,1,0
4318408,São Jerônimo,239.49,2007,Língua Portuguesa,0,0,0,256.955,1,0
4318424,São João da Urtiga,226.98,2007,Língua Portuguesa,0,0,0,270.5125,0,0
4318432,São João do Polêsine,238.28,2007,Língua Portuguesa,0,0,0,286.72,0,0
4318440,São Jorge,255.02,2007,Língua Portuguesa,0,0,0,261.30499999999995,1,0
4318457,São José das Missões,216.84,2007,Língua Portuguesa,0,0,0,269.15500000000003,0,0
4318465,São José do Herval,213.12,2007,Língua Portuguesa,0,0,0,275.05,0,0
4318481,São José do Hortêncio,245.89,2007,Língua Portuguesa,1,0,0,288.51750000000004,0,0
4318499,São José do Inhacorá,248.5,2007,Língua Portuguesa,0,0,0,,0,0
4318507,São José do Norte,231.08,2007,Língua Portuguesa,1,0,0,259.2975,1,0
4318606,São José do Ouro,244.49,2007,Língua Portuguesa,0,0,0,274.76,0,0
4318614,São José do Sul,240.29,2007,Língua Portuguesa,1,0,0,272.265,0,0
4318622,São José dos Ausentes,234.33,2007,Língua Portuguesa,0,0,0,251.92000000000002,1,0
4318705,São Leopoldo,242.97,2007,Língua Portuguesa,1,0,0,262.5125,0,0
4318804,São Lourenço do Sul,248.16,2007,Língua Portuguesa,1,0,0,278.795,0,0
4318903,São Luiz Gonzaga,243.05,2007,Língua Portuguesa,0,0,0,261.3875,1,0
4319000,São Marcos,251.47,2007,Língua Portuguesa,0,0,0,293.1125,0,0
4319109,São Martinho,249.46,2007,Língua Portuguesa,0,0,0,277.43,0,0
4319125,São Martinho da Serra,224.32,2007,Língua Portuguesa,0,0,0,,0,0
4319158,São Miguel das Missões,212.47,2007,Língua Portuguesa,0,0,0,269.61,0,0
4319208,São Nicolau,238.22,2007,Língua Portuguesa,0,0,0,254.625,1,0
4319307,São Paulo das Missões,255.53,2007,Língua Portuguesa,0,0,0,284.695,0,0
4319356,São Pedro da Serra,247.34,2007,Língua Portuguesa,1,0,0,273.54999999999995,0,0
4319364,São Pedro das Missões,,2007,Língua Portuguesa,0,0,0,,0,0
4319372,São Pedro do Butiá,239.89,2007,Língua Portuguesa,0,0,0,291.7675,0,0
4319406,São Pedro do Sul,250.57,2007,Língua Portuguesa,0,0,0,264.2025,0,0
4319505,São Sebastião do Caí,257.75,2007,Língua Portuguesa,0,0,0,263.9225,0,0
4319604,São Sepé,236.29,2007,Língua Portuguesa,0,0,0,255.82750000000001,1,0
4319703,São Valentim,237.9,2007,Língua Portuguesa,0,0,0,269.0475,0,0
4319711,São Valentim do Sul,250.22,2007,Língua Portuguesa,0,0,0,290.6475,0,0
4319737,São Valério do Sul,,2007,Língua Portuguesa,0,0,0,245.83499999999998,1,0
4319752,São Vendelino,245.22,2007,Língua Portuguesa,1,0,0,290.555,0,0
4319802,São Vicente do Sul,247.79,2007,Língua Portuguesa,0,0,0,262.9875,0,0
4319901,Sapiranga,245.0,2007,Língua Portuguesa,1,0,0,277.77250000000004,0,0
4320008,Sapucaia do Sul,246.43,2007,Língua Portuguesa,0,0,0,268.925,0,0
4320107,Sarandi,247.5,2007,Língua Portuguesa,0,0,0,265.0,0,0
4320206,Seberi,244.82,2007,Língua Portuguesa,0,0,0,278.505,0,0
4320230,Sede Nova,249.71,2007,Língua Portuguesa,0,0,0,276.6425,0,0
4320263,Segredo,251.97,2007,Língua Portuguesa,1,0,0,270.01,0,0
4320305,Selbach,252.08,2007,Língua Portuguesa,0,0,0,287.625,0,0
4320321,Senador Salgado Filho,218.63,2007,Língua Portuguesa,0,0,0,268.28499999999997,0,0
4320354,Sentinela do Sul,217.55,2007,Língua Portuguesa,1,0,0,229.37,1,0
4320404,Serafina Corrêa,245.95,2007,Língua Portuguesa,0,0,0,279.6825,0,0
4320453,Sério,246.07,2007,Língua Portuguesa,0,0,0,260.0575,1,0
4320503,Sertão,241.69,2007,Língua Portuguesa,0,0,0,260.6175,1,0
4320552,Sertão Santana,254.23,2007,Língua Portuguesa,1,0,0,267.15999999999997,0,0
4320578,Sete de Setembro,228.72,2007,Língua Portuguesa,0,0,0,278.165,0,0
4320602,Severiano de Almeida,242.47,2007,Língua Portuguesa,0,0,0,292.7975,0,0
4320651,Silveira Martins,245.5,2007,Língua Portuguesa,0,0,0,283.24,0,0
4320677,Sinimbu,252.08,2007,Língua Portuguesa,0,0,0,275.19,0,0
4320701,Sobradinho,245.3,2007,Língua Portuguesa,0,0,0,265.2925,0,0
4320800,Soledade,233.14,2007,Língua Portuguesa,0,0,0,256.075,1,0
4320859,Tabaí,241.18,2007,Língua Portuguesa,0,0,0,274.5875,0,0
4320909,Tapejara,237.16,2007,Língua Portuguesa,0,0,0,267.5675,0,0
4321006,Tapera,241.42,2007,Língua Portuguesa,0,0,0,264.74,0,0
4321105,Tapes,228.49,2007,Língua Portuguesa,0,0,0,259.66499999999996,1,0
4321204,Taquara,240.46,2007,Língua Portuguesa,1,0,0,254.595,1,0
4321303,Taquari,227.34,2007,Língua Portuguesa,1,0,0,258.84,1,0
4321329,Taquaruçu do Sul,253.64,2007,Língua Portuguesa,0,0,0,285.52,0,0
4321352,Tavares,220.45,2007,Língua Portuguesa,0,0,0,250.535,1,0
4321402,Tenente Portela,233.3,2007,Língua Portuguesa,0,0,0,253.49,1,0
4321436,Terra de Areia,239.6,2007,Língua Portuguesa,0,0,0,282.2875,0,0
4321451,Teutônia,243.16,2007,Língua Portuguesa,0,0,0,284.005,0,0
4321469,Tio Hugo,226.08,2007,Língua Portuguesa,0,0,0,272.2075,0,0
4321477,Tiradentes do Sul,218.3,2007,Língua Portuguesa,0,0,0,283.9075,0,0
4321493,Toropi,228.89,2007,Língua Portuguesa,0,0,0,242.08749999999998,1,0
4321501,Torres,244.69,2007,Língua Portuguesa,0,0,0,265.0675,0,0
4321600,Tramandaí,239.39,2007,Língua Portuguesa,0,0,0,271.6275,0,0
4321626,Travesseiro,255.51,2007,Língua Portuguesa,0,0,0,275.8225,0,0
4321634,Três Arroios,248.65,2007,Língua Portuguesa,0,0,0,293.435,0,0
4321667,Três Cachoeiras,245.97,2007,Língua Portuguesa,0,0,0,274.79,0,0
4321709,Três Coroas,251.77,2007,Língua Portuguesa,0,0,0,281.4075,0,0
4321808,Três de Maio,239.96,2007,Língua Portuguesa,0,0,0,264.6975,0,0
4321832,Três Forquilhas,223.49,2007,Língua Portuguesa,0,0,0,263.8075,0,0
4321857,Três Palmeiras,221.24,2007,Língua Portuguesa,0,0,0,265.375,0,0
4321907,Três Passos,245.43,2007,Língua Portuguesa,0,0,0,276.645,0,0
4321956,Trindade do Sul,237.55,2007,Língua Portuguesa,0,0,0,267.1225,0,0
4322004,Triunfo,230.36,2007,Língua Portuguesa,0,0,0,248.135,1,0
4322103,Tucunduva,232.5,2007,Língua Portuguesa,0,0,0,279.47749999999996,0,0
4322152,Tunas,221.01,2007,Língua Portuguesa,0,0,0,260.325,1,0
4322186,Tupanci do Sul,234.02,2007,Língua Portuguesa,0,0,0,294.8675,0,0
4322202,Tupanciretã,240.01,2007,Língua Portuguesa,0,0,0,261.90250000000003,0,0
4322251,Tupandi,254.6,2007,Língua Portuguesa,1,0,0,297.295,0,0
4322301,Tuparendi,242.33,2007,Língua Portuguesa,0,0,0,265.695,0,0
4322327,Turuçu,236.64,2007,Língua Portuguesa,1,0,0,283.5375,0,0
4322343,Ubiretama,231.76,2007,Língua Portuguesa,0,0,0,256.1475,1,0
4322350,União da Serra,,2007,Língua Portuguesa,0,0,0,267.9825,0,0
4322376,Unistalda,243.85,2007,Língua Portuguesa,0,0,0,285.225,0,0
4322400,Uruguaiana,226.48,2007,Língua Portuguesa,0,0,0,246.65,1,0
4322509,Vacaria,233.96,2007,Língua Portuguesa,0,0,0,264.72249999999997,0,0
4322525,Vale Verde,228.22,2007,Língua Portuguesa,0,0,0,270.515,0,0
4322533,Vale do Sol,245.3,2007,Língua Portuguesa,0,0,0,270.97749999999996,0,0
4322541,Vale Real,261.53,2007,Língua Portuguesa,0,0,0,290.5575,0,0
4322558,Vanini,239.72,2007,Língua Portuguesa,0,0,0,293.3175,0,0
4322608,Venâncio Aires,242.06,2007,Língua Portuguesa,0,0,0,269.6225,0,0
4322707,Vera Cruz,246.1,2007,Língua Portuguesa,0,0,0,267.53,0,0
4322806,Veranópolis,250.38,2007,Língua Portuguesa,0,0,0,275.505,0,0
4322855,Vespasiano Corrêa,227.33,2007,Língua Portuguesa,1,0,0,279.6375,0,0
4322905,Viadutos,237.66,2007,Língua Portuguesa,0,0,0,283.3825,0,0
4323002,Viamão,227.99,2007,Língua Portuguesa,0,0,0,248.1,1,0
4323101,Vicente Dutra,233.34,2007,Língua Portuguesa,0,0,0,240.8075,1,0
4323200,Victor Graeff,234.6,2007,Língua Portuguesa,0,0,0,273.8225,0,0
4323309,Vila Flores,248.48,2007,Língua Portuguesa,0,0,0,284.625,0,0
4323358,Vila Lângaro,253.33,2007,Língua Portuguesa,0,0,0,279.46,0,0
4323408,Vila Maria,243.38,2007,Língua Portuguesa,0,0,0,263.60749999999996,0,0
4323457,Vila Nova do Sul,243.38,2007,Língua Portuguesa,0,0,0,244.41,1,0
4323507,Vista Alegre,225.65,2007,Língua Portuguesa,0,0,0,278.615,0,0
4323606,Vista Alegre do Prata,225.67,2007,Língua Portuguesa,0,0,0,271.9225,0,0
4323705,Vista Gaúcha,250.61,2007,Língua Portuguesa,0,0,0,264.475,0,0
4323754,Vitória das Missões,237.53,2007,Língua Portuguesa,0,0,0,271.16,0,0
4323770,Westfália,259.53,2007,Língua Portuguesa,0,0,0,283.4925,0,0
4323804,Xangri-lá,241.76,2007,Língua Portuguesa,0,0,0,265.4425,0,0
4300034,Aceguá,,2009,Matemática,0,0,0,258.8025,1,0
4300059,Água Santa,268.17,2009,Matemática,0,0,0,273.90999999999997,0,0
4300109,Agudo,272.74,2009,Matemática,1,0,0,283.125,0,0
4300208,Ajuricaba,261.29,2009,Matemática,0,0,0,282.4875,0,0
4300307,Alecrim,282.04,2009,Matemática,0,0,0,270.22,0,0
4300406,Alegrete,244.4,2009,Matemática,0,0,0,255.27499999999998,1,0
4300455,Alegria,252.61,2009,Matemática,0,0,0,248.785,1,0
4300471,Almirante Tamandaré do Sul,,2009,Matemática,0,0,0,263.03499999999997,0,0
4300505,Alpestre,251.11,2009,Matemática,0,0,0,253.365,1,0
4300554,Alto Alegre,259.72,2009,Matemática,0,0,0,268.0275,0,0
4300570,Alto Feliz,285.45,2009,Matemática,1,0,0,272.85,0,0
4300604,Alvorada,240.74,2009,Matemática,0,0,0,249.875,1,0
4300638,Amaral Ferrador,212.09,2009,Matemática,0,0,0,243.3175,1,0
4300646,Ametista do Sul,254.76,2009,Matemática,0,0,0,260.3375,1,0
4300661,André da Rocha,246.11,2009,Matemática,0,0,0,,0,0
4300703,Anta Gorda,279.27,2009,Matemática,0,0,0,275.6625,0,0
4300802,Antônio Prado,277.66,2009,Matemática,0,0,0,278.4175,0,0
4300851,Arambaré,238.64,2009,Matemática,0,0,0,261.385,1,0
4300877,Araricá,263.96,2009,Matemática,1,0,0,267.5125,0,0
4300901,Aratiba,272.61,2009,Matemática,0,0,0,272.885,0,0
4301008,Arroio do Meio,275.73,2009,Matemática,0,0,0,278.38,0,0
4301057,Arroio do Sal,266.12,2009,Matemática,0,0,0,259.7175,1,0
4301073,Arroio do Padre,255.76,2009,Matemática,0,0,0,276.6875,0,0
4301107,Arroio dos Ratos,255.21,2009,Matemática,0,0,0,258.9475,1,0
4301206,Arroio do Tigre,269.73,2009,Matemática,1,0,0,273.1425,0,0
4301305,Arroio Grande,254.58,2009,Matemática,1,0,0,252.03,1,0
4301404,Arvorezinha,261.73,2009,Matemática,0,0,0,254.0325,1,0
4301503,Augusto Pestana,291.91,2009,Matemática,0,0,0,287.62,0,0
4301552,Áurea,240.33,2009,Matemática,0,0,0,287.3,0,0
4301602,Bagé,238.52,2009,Matemática,0,0,0,259.52750000000003,1,0
4301636,Balneário Pinhal,245.43,2009,Matemática,0,0,0,248.6575,1,0
4301651,Barão,273.13,2009,Matemática,1,0,0,286.47749999999996,0,0
4301701,Barão de Cotegipe,270.74,2009,Matemática,0,0,0,261.39,1,0
4301750,Barão do Triunfo,252.36,2009,Matemática,0,0,0,247.54500000000002,1,0
4301800,Barracão,271.14,2009,Matemática,0,0,0,260.42,1,0
4301859,Barra do Guarita,246.56,2009,Matemática,0,0,0,245.8625,1,0
4301875,Barra do Quaraí,231.84,2009,Matemática,0,0,0,246.0125,1,0
4301909,Barra do Ribeiro,255.31,2009,Matemática,0,0,0,248.1525,1,0
4301925,Barra do Rio Azul,,2009,Matemática,0,0,0,291.45500000000004,0,0
4301958,Barra Funda,261.27,2009,Matemática,0,0,0,280.58500000000004,0,0
4302006,Barros Cassal,250.8,2009,Matemática,0,0,0,242.02249999999998,1,0
4302055,Benjamin Constant do Sul,268.07,2009,Matemática,0,0,0,250.905,1,0
4302105,Bento Gonçalves,273.42,2009,Matemática,0,0,0,278.49,0,0
4302154,Boa Vista das Missões,262.25,2009,Matemática,0,0,0,272.745,0,0
4302204,Boa Vista do Buricá,271.99,2009,Matemática,0,0,0,283.9475,0,0
4302220,Boa Vista do Cadeado,,2009,Matemática,0,0,0,232.07,1,0
4302238,Boa Vista do Incra,247.48,2009,Matemática,0,0,0,263.09000000000003,0,0
4302253,Boa Vista do Sul,274.7,2009,Matemática,0,0,0,276.225,0,0
4302303,Bom Jesus,239.74,2009,Matemática,0,0,0,262.40999999999997,0,0
4302352,Bom Princípio,304.19,2009,Matemática,1,0,0,294.6,0,0
4302378,Bom Progresso,233.31,2009,Matemática,0,0,0,272.47,0,0
4302402,Bom Retiro do Sul,266.63,2009,Matemática,1,0,0,279.4075,0,0
4302451,Boqueirão do Leão,285.15,2009,Matemática,0,0,0,260.3675,1,0
4302501,Bossoroca,237.82,2009,Matemática,0,0,0,250.0275,1,0
4302584,Bozano,266.05,2009,Matemática,0,0,0,283.14,0,0
4302600,Braga,252.57,2009,Matemática,0,0,0,266.14,0,0
4302659,Brochier,277.65,2009,Matemática,1,0,0,317.675,0,0
4302709,Butiá,250.49,2009,Matemática,1,0,0,227.42000000000002,1,0
4302808,Caçapava do Sul,253.96,2009,Matemática,0,0,0,254.54250000000002,1,0
4302907,Cacequi,236.07,2009,Matemática,0,0,0,243.95499999999998,1,0
4303004,Cachoeira do Sul,254.37,2009,Matemática,1,0,0,259.44,1,0
4303103,Cachoeirinha,246.48,2009,Matemática,0,0,0,254.6925,1,0
4303202,Cacique Doble,261.71,2009,Matemática,0,0,0,268.835,0,0
4303301,Caibaté,268.85,2009,Matemática,0,0,0,253.8675,1,0
4303400,Caiçara,270.43,2009,Matemática,0,0,0,263.9725,0,0
4303509,Camaquã,244.87,2009,Matemática,1,0,0,257.87,1,0
4303558,Camargo,273.15,2009,Matemática,0,0,0,277.94500000000005,0,0
4303608,Cambará do Sul,242.89,2009,Matemática,0,0,0,253.89499999999998,1,0
4303673,Campestre da Serra,259.03,2009,Matemática,0,0,0,280.15999999999997,0,0
4303707,Campina das Missões,278.16,2009,Matemática,0,0,0,276.8675,0,0
4303806,Campinas do Sul,239.04,2009,Matemática,0,0,0,287.3275,0,0
4303905,Campo Bom,265.07,2009,Matemática,1,0,0,277.98,0,0
4304002,Campo Novo,242.34,2009,Matemática,0,0,0,250.65,1,0
4304101,Campos Borges,249.79,2009,Matemática,0,0,0,248.02749999999997,1,0
4304200,Candelária,256.14,2009,Matemática,0,0,0,257.2225,1,0
4304309,Cândido Godói,273.87,2009,Matemática,0,0,0,277.0475,0,0
4304358,Candiota,239.67,2009,Matemática,0,0,0,256.425,1,0
4304408,Canela,251.43,2009,Matemática,0,0,0,265.1925,0,0
4304507,Canguçu,275.32,2009,Matemática,0,0,0,286.52250000000004,0,0
4304606,Canoas,255.71,2009,Matemática,1,0,0,262.84000000000003,0,0
4304614,Canudos do Vale,254.69,2009,Matemática,0,0,0,261.0825,1,0
4304622,Capão Bonito do Sul,,2009,Matemática,0,0,0,252.98250000000002,1,0
4304630,Capão da Canoa,257.17,2009,Matemática,0,0,0,264.2625,0,0
4304655,Capão do Cipó,227.81,2009,Matemática,0,0,0,260.1325,1,0
4304663,Capão do Leão,247.47,2009,Matemática,1,0,0,257.65,1,0
4304671,Capivari do Sul,254.33,2009,Matemática,0,0,0,265.8975,0,0
4304689,Capela de Santana,264.29,2009,Matemática,1,0,0,260.0325,1,0
4304697,Capitão,251.16,2009,Matemática,0,0,0,275.08000000000004,0,0
4304705,Carazinho,253.43,2009,Matemática,0,0,0,258.59749999999997,1,0
4304713,Caraá,236.79,2009,Matemática,0,0,0,223.9,1,0
4304804,Carlos Barbosa,280.53,2009,Matemática,0,0,0,285.27,0,0
4304903,Casca,265.99,2009,Matemática,0,0,0,270.7,0,0
4304952,Caseiros,243.43,2009,Matemática,0,0,0,258.97,1,0
4305009,Catuípe,290.12,2009,Matemática,0,0,0,271.6225,0,0
4305108,Caxias do Sul,267.26,2009,Matemática,1,0,0,268.43,0,0
4305116,Centenário,301.49,2009,Matemática,0,0,0,286.9775,0,0
4305124,Cerrito,248.81,2009,Matemática,0,0,0,267.835,0,0
4305132,Cerro Branco,250.08,2009,Matemática,0,0,0,271.105,0,0
4305157,Cerro Grande,,2009,Matemática,0,0,0,279.815,0,0
4305173,Cerro Grande do Sul,282.19,2009,Matemática,1,0,0,264.0375,0,0
4305207,Cerro Largo,259.22,2009,Matemática,0,0,0,286.55,0,0
4305306,Chapada,260.49,2009,Matemática,0,0,0,270.98249999999996,0,0
4305355,Charqueadas,259.69,2009,Matemática,0,0,0,261.0675,1,0
4305371,Charrua,318.7,2009,Matemática,0,0,0,275.225,0,0
4305405,Chiapetta,246.17,2009,Matemática,0,0,0,261.68,1,0
4305439,Chuí,243.15,2009,Matemática,1,0,0,,0,0
4305447,Chuvisca,,2009,Matemática,1,0,0,260.015,1,0
4305454,Cidreira,252.1,2009,Matemática,0,0,0,258.90999999999997,1,0
4305504,Ciríaco,278.21,2009,Matemática,0,0,0,256.21250000000003,1,0
4305587,Colinas,,2009,Matemática,0,0,0,288.32,0,0
4305603,Colorado,266.46,2009,Matemática,0,0,0,291.46000000000004,0,0
4305702,Condor,260.49,2009,Matemática,0,0,0,268.6075,0,0
4305801,Constantina,232.1,2009,Matemática,0,0,0,268.3375,0,0
4305835,Coqueiro Baixo,,2009,Matemática,0,0,0,296.775,0,0
4305850,Coqueiros do Sul,,2009,Matemática,0,0,0,235.36,1,0
4305871,Coronel Barros,270.47,2009,Matemática,0,0,0,287.375,0,0
4305900,Coronel Bicaco,241.61,2009,Matemática,0,0,0,251.2725,1,0
4305934,Coronel Pilar,,2009,Matemática,0,0,0,274.95500000000004,0,0
4305959,Cotiporã,265.89,2009,Matemática,0,0,0,279.155,0,0
4305975,Coxilha,237.43,2009,Matemática,0,0,0,262.2375,0,0
4306007,Crissiumal,270.59,2009,Matemática,0,0,0,277.26,0,0
4306056,Cristal,266.77,2009,Matemática,0,0,0,262.325,0,0
4306072,Cristal do Sul,256.39,2009,Matemática,0,0,0,239.67000000000002,1,0
4306106,Cruz Alta,251.38,2009,Matemática,0,0,0,255.2525,1,0
4306130,Cruzaltense,271.86,2009,Matemática,0,0,0,287.585,0,0
4306205,Cruzeiro do Sul,266.79,2009,Matemática,1,0,0,264.855,0,0
4306304,David Canabarro,272.18,2009,Matemática,0,0,0,268.75,0,0
4306320,Derrubadas,248.87,2009,Matemática,0,0,0,286.65999999999997,0,0
4306353,Dezesseis de Novembro,,2009,Matemática,0,0,0,257.25250000000005,1,0
4306379,Dilermando de Aguiar,,2009,Matemática,0,0,0,,0,0
4306403,Dois Irmãos,279.84,2009,Matemática,1,0,0,281.48,0,0
4306429,Dois Irmãos das Missões,,2009,Matemática,0,0,0,,0,0
4306452,Dois Lajeados,269.96,2009,Matemática,0,0,0,296.695,0,0
4306502,Dom Feliciano,256.09,2009,Matemática,1,0,0,267.5075,0,0
4306551,Dom Pedro de Alcântara,262.39,2009,Matemática,0,0,0,269.84,0,0
4306601,Dom Pedrito,245.28,2009,Matemática,0,0,0,249.8275,1,0
4306700,Dona Francisca,275.98,2009,Matemática,1,0,0,274.475,0,0
4306734,Doutor Maurício Cardoso,269.92,2009,Matemática,0,0,0,261.805,0,0
4306759,Doutor Ricardo,243.14,2009,Matemática,0,0,0,,0,0
4306767,Eldorado do Sul,242.19,2009,Matemática,0,0,0,259.9975,1,0
4306809,Encantado,269.76,2009,Matemática,0,0,0,280.855,0,0
4306908,Encruzilhada do Sul,257.76,2009,Matemática,0,0,0,256.9325,1,0
4306924,Engenho Velho,263.34,2009,Matemática,0,0,0,227.77,1,0
4306932,Entre-Ijuís,258.62,2009,Matemática,0,0,0,262.28499999999997,0,0
4306957,Entre Rios do Sul,265.73,2009,Matemática,0,0,0,291.59000000000003,0,0
4306973,Erebango,287.39,2009,Matemática,0,0,0,266.5475,0,0
4307005,Erechim,267.53,2009,Matemática,0,0,0,276.5175,0,0
4307054,Ernestina,259.27,2009,Matemática,0,0,0,262.69,0,0
4307104,Herval,240.21,2009,Matemática,0,0,0,258.245,1,0
4307203,Erval Grande,264.87,2009,Matemática,0,0,0,262.9125,0,0
4307302,Erval Seco,259.12,2009,Matemática,0,0,0,271.1925,0,0
4307401,Esmeralda,236.52,2009,Matemática,0,0,0,255.6775,1,0
4307450,Esperança do Sul,,2009,Matemática,0,0,0,249.405,1,0
4307500,Espumoso,261.16,2009,Matemática,0,0,0,274.885,0,0
4307559,Estação,269.96,2009,Matemática,0,0,0,269.89,0,0
4307609,Estância Velha,257.26,2009,Matemática,1,0,0,271.89,0,0
4307708,Esteio,259.2,2009,Matemática,0,0,0,255.48250000000002,1,0
4307807,Estrela,276.73,2009,Matemática,1,0,0,272.0675,0,0
4307815,Estrela Velha,263.22,2009,Matemática,1,0,0,259.7125,1,0
4307831,Eugênio de Castro,262.22,2009,Matemática,0,0,0,275.15250000000003,0,0
4307864,Fagundes Varela,268.07,2009,Matemática,0,0,0,262.72249999999997,0,0
4307906,Farroupilha,274.17,2009,Matemática,0,0,0,289.96500000000003,0,0
4308003,Faxinal do Soturno,264.55,2009,Matemática,0,0,0,270.95,0,0
4308052,Faxinalzinho,254.88,2009,Matemática,0,0,0,238.07999999999998,1,0
4308078,Fazenda Vilanova,272.52,2009,Matemática,0,0,0,266.7075,0,0
4308102,Feliz,306.48,2009,Matemática,1,0,0,292.92,0,0
4308201,Flores da Cunha,287.35,2009,Matemática,0,0,0,287.8225,0,0
4308250,Floriano Peixoto,278.34,2009,Matemática,0,0,0,289.125,0,0
4308300,Fontoura Xavier,239.21,2009,Matemática,0,0,0,256.0175,1,0
4308409,Formigueiro,242.9,2009,Matemática,0,0,0,247.4175,1,0
4308433,Forquetinha,276.8,2009,Matemática,1,0,0,258.475,1,0
4308458,Fortaleza dos Valos,269.13,2009,Matemática,0,0,0,260.8175,1,0
4308508,Frederico Westphalen,279.63,2009,Matemática,0,0,0,281.63,0,0
4308607,Garibaldi,277.41,2009,Matemática,0,0,0,277.8825,0,0
4308656,Garruchos,,2009,Matemática,0,0,0,263.995,0,0
4308706,Gaurama,274.28,2009,Matemática,0,0,0,277.07,0,0
4308805,General Câmara,255.55,2009,Matemática,0,0,0,238.71249999999998,1,0
4308854,Gentil,,2009,Matemática,0,0,0,276.245,0,0
4308904,Getúlio Vargas,275.99,2009,Matemática,0,0,0,269.7425,0,0
4309001,Giruá,265.0,2009,Matemática,0,0,0,252.3975,1,0
4309050,Glorinha,223.55,2009,Matemática,0,0,0,260.4,1,0
4309100,Gramado,272.55,2009,Matemática,1,0,0,273.725,0,0
4309126,Gramado dos Loureiros,,2009,Matemática,0,0,0,287.33500000000004,0,0
4309159,Gramado Xavier,232.01,2009,Matemática,0,0,0,262.23,0,0
4309209,Gravataí,246.74,2009,Matemática,0,0,0,258.17,1,0
4309258,Guabiju,276.72,2009,Matemática,0,0,0,295.995,0,0
4309308,Guaíba,252.29,2009,Matemática,0,0,0,259.62,1,0
4309407,Guaporé,257.68,2009,Matemática,0,0,0,270.3025,0,0
4309506,Guarani das Missões,251.17,2009,Matemática,0,0,0,260.4675,1,0
4309555,Harmonia,290.45,2009,Matemática,1,0,0,289.6925,0,0
4309571,Herveiras,246.55,2009,Matemática,0,0,0,,0,0
4309605,Horizontina,262.57,2009,Matemática,0,0,0,275.78999999999996,0,0
4309654,Hulha Negra,235.09,2009,Matemática,0,0,0,243.965,1,0
4309704,Humaitá,280.5,2009,Matemática,0,0,0,269.4625,0,0
4309753,Ibarama,281.27,2009,Matemática,1,0,0,266.0775,0,0
4309803,Ibiaçá,256.79,2009,Matemática,0,0,0,268.3,0,0
4309902,Ibiraiaras,269.37,2009,Matemática,0,0,0,277.61,0,0
4309951,Ibirapuitã,243.59,2009,Matemática,0,0,0,259.635,1,0
4310009,Ibirubá,265.56,2009,Matemática,0,0,0,284.3225,0,0
4310108,Igrejinha,267.68,2009,Matemática,1,0,0,280.45500000000004,0,0
4310207,Ijuí,259.53,2009,Matemática,0,0,0,276.125,0,0
4310306,Ilópolis,249.17,2009,Matemática,0,0,0,274.415,0,0
4310330,Imbé,251.6,2009,Matemática,0,0,0,265.9125,0,0
4310363,Imigrante,283.67,2009,Matemática,0,0,0,314.095,0,0
4310405,Independência,264.08,2009,Matemática,0,0,0,270.01,0,0
4310413,Inhacorá,239.79,2009,Matemática,0,0,0,241.72,1,0
4310439,Ipê,253.53,2009,Matemática,0,0,0,278.12,0,0
4310462,Ipiranga do Sul,253.9,2009,Matemática,0,0,0,273.4625,0,0
4310504,Iraí,306.16,2009,Matemática,0,0,0,278.305,0,0
4310538,Itaara,256.45,2009,Matemática,0,0,0,270.71500000000003,0,0
4310553,Itacurubi,234.7,2009,Matemática,0,0,0,248.8,1,0
4310579,Itapuca,253.08,2009,Matemática,0,0,0,261.815,0,0
4310603,Itaqui,239.22,2009,Matemática,0,0,0,250.2475,1,0
4310652,Itati,266.93,2009,Matemática,0,0,0,277.8825,0,0
4310702,Itatiba do Sul,253.55,2009,Matemática,0,0,0,281.985,0,0
4310751,Ivorá,252.68,2009,Matemática,0,0,0,257.36,1,0
4310801,Ivoti,283.11,2009,Matemática,1,0,0,290.4175,0,0
4310850,Jaboticaba,262.17,2009,Matemática,0,0,0,270.905,0,0
4310876,Jacuizinho,236.31,2009,Matemática,0,0,0,230.04,1,0
4310900,Jacutinga,280.34,2009,Matemática,0,0,0,288.6225,0,0
4311007,Jaguarão,240.57,2009,Matemática,0,0,0,266.1075,0,0
4311106,Jaguari,270.2,2009,Matemática,0,0,0,275.045,0,0
4311122,Jaquirana,226.46,2009,Matemática,0,0,0,242.95,1,0
4311130,Jari,251.02,2009,Matemática,0,0,0,263.505,0,0
4311155,Jóia,295.25,2009,Matemática,0,0,0,269.4425,0,0
4311205,Júlio de Castilhos,260.74,2009,Matemática,0,0,0,262.755,0,0
4311239,Lagoa Bonita do Sul,255.66,2009,Matemática,0,0,0,245.8575,1,0
4311254,Lagoão,254.36,2009,Matemática,0,0,0,265.555,0,0
4311270,Lagoa dos Três Cantos,266.26,2009,Matemática,0,0,0,278.515,0,0
4311304,Lagoa Vermelha,249.63,2009,Matemática,0,0,0,258.63,1,0
4311403,Lajeado,264.64,2009,Matemática,1,0,0,276.10249999999996,0,0
4311429,Lajeado do Bugre,,2009,Matemática,0,0,0,,0,0
4311502,Lavras do Sul,236.01,2009,Matemática,0,0,0,254.60250000000002,1,0
4311601,Liberato Salzano,275.35,2009,Matemática,0,0,0,265.94,0,0
4311627,Lindolfo Collor,274.11,2009,Matemática,0,0,0,281.4275,0,0
4311643,Linha Nova,,2009,Matemática,1,0,0,286.825,0,0
4311700,Machadinho,265.02,2009,Matemática,0,0,0,260.32,1,0
4311718,Maçambará,229.6,2009,Matemática,0,0,0,232.3275,1,0
4311734,Mampituba,260.35,2009,Matemática,0,0,0,271.475,0,0
4311759,Manoel Viana,273.46,2009,Matemática,0,0,0,253.1625,1,0
4311775,Maquiné,271.28,2009,Matemática,0,0,0,261.61,1,0
4311791,Maratá,280.98,2009,Matemática,0,0,0,279.76,0,0
4311809,Marau,259.2,2009,Matemática,0,0,0,265.78,0,0
4311908,Marcelino Ramos,284.93,2009,Matemática,0,0,0,244.51999999999998,1,0
4311981,Mariana Pimentel,255.05,2009,Matemática,0,0,0,261.555,1,0
4312005,Mariano Moro,265.57,2009,Matemática,0,0,0,237.0475,1,0
4312054,Marques de Souza,,2009,Matemática,0,0,0,283.3525,0,0
4312104,Mata,234.16,2009,Matemática,0,0,0,262.84250000000003,0,0
4312138,Mato Castelhano,238.87,2009,Matemática,0,0,0,232.94,1,0
4312153,Mato Leitão,294.12,2009,Matemática,0,0,0,283.765,0,0
4312179,Mato Queimado,,2009,Matemática,0,0,0,284.9875,0,0
4312203,Maximiliano de Almeida,273.36,2009,Matemática,0,0,0,264.61,0,0
4312252,Minas do Leão,261.99,2009,Matemática,1,0,0,256.20500000000004,1,0
4312302,Miraguaí,232.75,2009,Matemática,0,0,0,251.9525,1,0
4312351,Montauri,294.27,2009,Matemática,0,0,0,300.265,0,0
4312377,Monte Alegre dos Campos,232.59,2009,Matemática,0,0,0,244.48250000000002,1,0
4312385,Monte Belo do Sul,,2009,Matemática,0,0,0,282.6375,0,0
4312401,Montenegro,258.78,2009,Matemática,1,0,0,261.1775,1,0
4312427,Mormaço,254.32,2009,Matemática,0,0,0,259.805,1,0
4312443,Morrinhos do Sul,,2009,Matemática,0,0,0,286.285,0,0
4312450,Morro Redondo,252.28,2009,Matemática,0,0,0,270.59000000000003,0,0
4312476,Morro Reuter,274.42,2009,Matemática,1,0,0,287.4925,0,0
4312500,Mostardas,262.01,2009,Matemática,0,0,0,251.8225,1,0
4312609,Muçum,268.8,2009,Matemática,0,0,0,268.775,0,0
4312617,Muitos Capões,232.51,2009,Matemática,0,0,0,260.4375,1,0
4312625,Muliterno,273.05,2009,Matemática,0,0,0,261.045,1,0
4312658,Não-Me-Toque,278.24,2009,Matemática,0,0,0,260.67,1,0
4312674,Nicolau Vergueiro,262.93,2009,Matemática,0,0,0,246.98,1,0
4312708,Nonoai,244.86,2009,Matemática,0,0,0,269.1175,0,0
4312757,Nova Alvorada,273.62,2009,Matemática,0,0,0,281.76,0,0
4312807,Nova Araçá,275.04,2009,Matemática,0,0,0,274.5925,0,0
4312906,Nova Bassano,263.44,2009,Matemática,0,0,0,266.2675,0,0
4312955,Nova Boa Vista,275.9,2009,Matemática,0,0,0,276.22249999999997,0,0
4313003,Nova Bréscia,261.71,2009,Matemática,0,0,0,269.0575,0,0
4313011,Nova Candelária,283.46,2009,Matemática,0,0,0,284.65999999999997,0,0
4313037,Nova Esperança do Sul,255.12,2009,Matemática,0,0,0,253.46,1,0
4313060,Nova Hartz,249.19,2009,Matemática,1,0,0,269.175,0,0
4313086,Nova Pádua,279.99,2009,Matemática,0,0,0,262.9375,0,0
4313102,Nova Palma,288.24,2009,Matemática,0,0,0,264.4275,0,0
4313201,Nova Petrópolis,282.61,2009,Matemática,0,0,0,295.1225,0,0
4313300,Nova Prata,268.94,2009,Matemática,0,0,0,272.12,0,0
4313334,Nova Ramada,,2009,Matemática,0,0,0,,0,0
4313359,Nova Roma do Sul,281.59,2009,Matemática,0,0,0,282.83500000000004,0,0
4313375,Nova Santa Rita,249.65,2009,Matemática,0,0,0,263.56,0,0
4313391,Novo Cabrais,,2009,Matemática,0,0,0,,0,0
4313409,Novo Hamburgo,256.91,2009,Matemática,1,0,0,262.5975,0,0
4313425,Novo Machado,266.57,2009,Matemática,0,0,0,273.24,0,0
4313441,Novo Tiradentes,230.26,2009,Matemática,0,0,0,,0,0
4313466,Novo Xingu,260.64,2009,Matemática,0,0,0,264.58000000000004,0,0
4313490,Novo Barreiro,257.34,2009,Matemática,0,0,0,245.58499999999998,1,0
4313508,Osório,269.42,2009,Matemática,0,0,0,270.8225,0,0
4313607,Paim Filho,271.92,2009,Matemática,0,0,0,254.39,1,0
4313656,Palmares do Sul,256.04,2009,Matemática,0,0,0,248.7225,1,0
4313706,Palmeira das Missões,248.3,2009,Matemática,0,0,0,256.305,1,0
4313805,Palmitinho,249.58,2009,Matemática,0,0,0,269.9325,0,0
4313904,Panambi,266.83,2009,Matemática,0,0,0,276.56,0,0
4313953,Pantano Grande,244.76,2009,Matemática,0,0,0,246.0575,1,0
4314001,Paraí,264.85,2009,Matemática,0,0,0,279.74,0,0
4314027,Paraíso do Sul,,2009,Matemática,1,0,0,270.52250000000004,0,0
4314035,Pareci Novo,284.58,2009,Matemática,1,0,0,283.0425,0,0
4314050,Parobé,255.32,2009,Matemática,1,0,0,267.53999999999996,0,0
4314068,Passa Sete,,2009,Matemática,0,0,0,273.87,0,0
4314076,Passo do Sobrado,272.36,2009,Matemática,0,0,0,267.4075,0,0
4314100,Passo Fundo,247.49,2009,Matemática,0,0,0,257.48,1,0
4314134,Paulo Bento,267.62,2009,Matemática,0,0,0,274.035,0,0
4314159,Paverama,261.2,2009,Matemática,0,0,0,258.2,1,0
4314175,Pedras Altas,,2009,Matemática,0,0,0,,0,0
4314209,Pedro Osório,244.44,2009,Matemática,0,0,0,243.815,1,0
4314308,Pejuçara,266.6,2009,Matemática,0,0,0,274.65250000000003,0,0
4314407,Pelotas,253.93,2009,Matemática,1,0,0,264.845,0,0
4314423,Picada Café,290.49,2009,Matemática,0,0,0,294.65999999999997,0,0
4314456,Pinhal,273.14,2009,Matemática,0,0,0,269.0825,0,0
4314464,Pinhal da Serra,,2009,Matemática,0,0,0,271.9825,0,0
4314472,Pinhal Grande,236.41,2009,Matemática,0,0,0,276.085,0,0
4314498,Pinheirinho do Vale,294.38,2009,Matemática,0,0,0,278.35,0,0
4314506,Pinheiro Machado,255.32,2009,Matemática,0,0,0,261.7125,1,0
4314548,Pinto Bandeira,,2009,Matemática,0,0,0,275.36,0,0
4314555,Pirapó,255.35,2009,Matemática,0,0,0,263.7625,0,0
4314605,Piratini,246.72,2009,Matemática,0,0,0,256.49,1,0
4314704,Planalto,248.4,2009,Matemática,0,0,0,264.48,0,0
4314753,Poço das Antas,,2009,Matemática,1,0,0,276.18,0,0
4314779,Pontão,239.38,2009,Matemática,0,0,0,272.495,0,0
4314787,Ponte Preta,287.98,2009,Matemática,0,0,0,269.605,0,0
4314803,Portão,277.53,2009,Matemática,1,0,0,280.7,0,0
4314902,Porto Alegre,251.36,2009,Matemática,1,0,0,253.5,1,0
4315008,Porto Lucena,253.6,2009,Matemática,0,0,0,265.32,0,0
4315057,Porto Mauá,275.43,2009,Matemática,0,0,0,254.38,1,0
4315073,Porto Vera Cruz,264.35,2009,Matemática,0,0,0,263.54,0,0
4315107,Porto Xavier,283.94,2009,Matemática,0,0,0,272.135,0,0
4315131,Pouso Novo,,2009,Matemática,0,0,0,264.1375,0,0
4315149,Presidente Lucena,277.98,2009,Matemática,1,0,0,286.67,0,0
4315156,Progresso,243.4,2009,Matemática,0,0,0,247.5275,1,0
4315172,Protásio Alves,272.09,2009,Matemática,0,0,0,264.3575,0,0
4315206,Putinga,254.38,2009,Matemática,0,0,0,246.4325,1,0
4315305,Quaraí,249.59,2009,Matemática,0,0,0,267.21500000000003,0,0
4315313,Quatro Irmãos,,2009,Matemática,0,0,0,261.11,1,0
4315321,Quevedos,,2009,Matemática,0,0,0,253.7125,1,0
4315354,Quinze de Novembro,267.69,2009,Matemática,0,0,0,275.4375,0,0
4315404,Redentora,247.03,2009,Matemática,0,0,0,250.36,1,0
4315453,Relvado,282.56,2009,Matemática,0,0,0,281.5,0,0
4315503,Restinga Sêca,265.48,2009,Matemática,1,0,0,266.78249999999997,0,0
4315552,Rio dos Índios,,2009,Matemática,0,0,0,265.09000000000003,0,0
4315602,Rio Grande,254.06,2009,Matemática,1,0,0,262.90749999999997,0,0
4315701,Rio Pardo,249.19,2009,Matemática,0,0,0,261.53999999999996,1,0
4315750,Riozinho,271.01,2009,Matemática,0,0,0,270.635,0,0
4315800,Roca Sales,272.47,2009,Matemática,0,0,0,264.0675,0,0
4315909,Rodeio Bonito,257.22,2009,Matemática,0,0,0,274.935,0,0
4315958,Rolador,,2009,Matemática,0,0,0,280.1225,0,0
4316006,Rolante,264.2,2009,Matemática,0,0,0,268.5775,0,0
4316105,Ronda Alta,271.44,2009,Matemática,0,0,0,264.77,0,0
4316204,Rondinha,267.84,2009,Matemática,0,0,0,265.72249999999997,0,0
4316303,Roque Gonzales,302.74,2009,Matemática,0,0,0,277.695,0,0
4316402,Rosário do Sul,242.65,2009,Matemática,0,0,0,243.51999999999998,1,0
4316428,Sagrada Família,247.34,2009,Matemática,0,0,0,267.9,0,0
4316436,Saldanha Marinho,240.32,2009,Matemática,0,0,0,292.145,0,0
4316451,Salto do Jacuí,255.73,2009,Matemática,0,0,0,263.0675,0,0
4316477,Salvador das Missões,,2009,Matemática,0,0,0,274.1075,0,0
4316501,Salvador do Sul,280.52,2009,Matemática,1,0,0,295.6075,0,0
4316600,Sananduva,257.07,2009,Matemática,0,0,0,278.63750000000005,0,0
4316709,Santa Bárbara do Sul,242.38,2009,Matemática,0,0,0,249.405,1,0
4316733,Santa Cecília do Sul,260.71,2009,Matemática,0,0,0,245.10500000000002,1,0
4316758,Santa Clara do Sul,297.44,2009,Matemática,0,0,0,284.4125,0,0
4316808,Santa Cruz do Sul,267.42,2009,Matemática,0,0,0,277.06,0,0
4316907,Santa Maria,264.65,2009,Matemática,0,0,0,270.0075,0,0
4316956,Santa Maria do Herval,289.67,2009,Matemática,1,0,0,290.365,0,0
4316972,Santa Margarida do Sul,,2009,Matemática,0,0,0,252.86,1,0
4317004,Santana da Boa Vista,235.62,2009,Matemática,0,0,0,240.97,1,0
4317103,Sant'Ana do Livramento,242.75,2009,Matemática,0,0,0,250.275,1,0
4317202,Santa Rosa,259.83,2009,Matemática,0,0,0,270.305,0,0
4317251,Santa Tereza,,2009,Matemática,0,0,0,298.14,0,0
4317301,Santa Vitória do Palmar,245.43,2009,Matemática,1,0,0,239.61,1,0
4317400,Santiago,256.32,2009,Matemática,0,0,0,263.0475,0,0
4317509,Santo Ângelo,254.18,2009,Matemática,0,0,0,260.2575,1,0
4317558,Santo Antônio do Palma,259.36,2009,Matemática,0,0,0,267.3575,0,0
4317608,Santo Antônio da Patrulha,253.53,2009,Matemática,0,0,0,267.955,0,0
4317707,Santo Antônio das Missões,243.21,2009,Matemática,0,0,0,259.145,1,0
4317756,Santo Antônio do Planalto,251.06,2009,Matemática,0,0,0,269.45000000000005,0,0
4317806,Santo Augusto,266.64,2009,Matemática,0,0,0,262.945,0,0
4317905,Santo Cristo,269.08,2009,Matemática,0,0,0,280.7475,0,0
4317954,Santo Expedito do Sul,310.79,2009,Matemática,0,0,0,273.025,0,0
4318002,São Borja,240.65,2009,Matemática,0,0,0,247.0775,1,0
4318051,São Domingos do Sul,296.88,2009,Matemática,0,0,0,281.8975,0,0
4318101,São Francisco de Assis,240.01,2009,Matemática,0,0,0,235.9175,1,0
4318200,São Francisco de Paula,253.27,2009,Matemática,0,0,0,250.665,1,0
4318309,São Gabriel,236.31,2009,Matemática,0,0,0,246.1925,1,0
4318408,São Jerônimo,268.22,2009,Matemática,0,0,0,256.955,1,0
4318424,São João da Urtiga,273.16,2009,Matemática,0,0,0,270.5125,0,0
4318432,São João do Polêsine,236.57,2009,Matemática,0,0,0,286.72,0,0
4318440,São Jorge,279.32,2009,Matemática,0,0,0,261.30499999999995,1,0
4318457,São José das Missões,,2009,Matemática,0,0,0,269.15500000000003,0,0
4318465,São José do Herval,243.52,2009,Matemática,0,0,0,275.05,0,0
4318481,São José do Hortêncio,279.93,2009,Matemática,1,0,0,288.51750000000004,0,0
4318499,São José do Inhacorá,263.05,2009,Matemática,0,0,0,,0,0
4318507,São José do Norte,240.83,2009,Matemática,1,0,0,259.2975,1,0
4318606,São José do Ouro,261.93,2009,Matemática,0,0,0,274.76,0,0
4318614,São José do Sul,280.35,2009,Matemática,1,0,0,272.265,0,0
4318622,São José dos Ausentes,259.5,2009,Matemática,0,0,0,251.92000000000002,1,0
4318705,São Leopoldo,263.01,2009,Matemática,1,0,0,262.5125,0,0
4318804,São Lourenço do Sul,268.91,2009,Matemática,1,0,0,278.795,0,0
4318903,São Luiz Gonzaga,254.65,2009,Matemática,0,0,0,261.3875,1,0
4319000,São Marcos,266.52,2009,Matemática,0,0,0,293.1125,0,0
4319109,São Martinho,277.06,2009,Matemática,0,0,0,277.43,0,0
4319125,São Martinho da Serra,249.98,2009,Matemática,0,0,0,,0,0
4319158,São Miguel das Missões,252.33,2009,Matemática,0,0,0,269.61,0,0
4319208,São Nicolau,260.64,2009,Matemática,0,0,0,254.625,1,0
4319307,São Paulo das Missões,273.39,2009,Matemática,0,0,0,284.695,0,0
4319356,São Pedro da Serra,301.37,2009,Matemática,1,0,0,273.54999999999995,0,0
4319364,São Pedro das Missões,266.68,2009,Matemática,0,0,0,,0,0
4319372,São Pedro do Butiá,274.67,2009,Matemática,0,0,0,291.7675,0,0
4319406,São Pedro do Sul,256.21,2009,Matemática,0,0,0,264.2025,0,0
4319505,São Sebastião do Caí,264.38,2009,Matemática,0,0,0,263.9225,0,0
4319604,São Sepé,247.89,2009,Matemática,0,0,0,255.82750000000001,1,0
4319703,São Valentim,324.93,2009,Matemática,0,0,0,269.0475,0,0
4319711,São Valentim do Sul,280.27,2009,Matemática,0,0,0,290.6475,0,0
4319737,São Valério do Sul,,2009,Matemática,0,0,0,245.83499999999998,1,0
4319752,São Vendelino,285.73,2009,Matemática,1,0,0,290.555,0,0
4319802,São Vicente do Sul,248.67,2009,Matemática,0,0,0,262.9875,0,0
4319901,Sapiranga,269.32,2009,Matemática,1,0,0,277.77250000000004,0,0
4320008,Sapucaia do Sul,264.99,2009,Matemática,0,0,0,268.925,0,0
4320107,Sarandi,260.28,2009,Matemática,0,0,0,265.0,0,0
4320206,Seberi,281.34,2009,Matemática,0,0,0,278.505,0,0
4320230,Sede Nova,,2009,Matemática,0,0,0,276.6425,0,0
4320263,Segredo,,2009,Matemática,1,0,0,270.01,0,0
4320305,Selbach,298.03,2009,Matemática,0,0,0,287.625,0,0
4320321,Senador Salgado Filho,250.89,2009,Matemática,0,0,0,268.28499999999997,0,0
4320354,Sentinela do Sul,253.11,2009,Matemática,1,0,0,229.37,1,0
4320404,Serafina Corrêa,260.53,2009,Matemática,0,0,0,279.6825,0,0
4320453,Sério,288.47,2009,Matemática,0,0,0,260.0575,1,0
4320503,Sertão,262.7,2009,Matemática,0,0,0,260.6175,1,0
4320552,Sertão Santana,266.27,2009,Matemática,1,0,0,267.15999999999997,0,0
4320578,Sete de Setembro,276.23,2009,Matemática,0,0,0,278.165,0,0
4320602,Severiano de Almeida,275.72,2009,Matemática,0,0,0,292.7975,0,0
4320651,Silveira Martins,,2009,Matemática,0,0,0,283.24,0,0
4320677,Sinimbu,278.05,2009,Matemática,0,0,0,275.19,0,0
4320701,Sobradinho,258.78,2009,Matemática,0,0,0,265.2925,0,0
4320800,Soledade,251.2,2009,Matemática,0,0,0,256.075,1,0
4320859,Tabaí,266.94,2009,Matemática,0,0,0,274.5875,0,0
4320909,Tapejara,264.74,2009,Matemática,0,0,0,267.5675,0,0
4321006,Tapera,269.57,2009,Matemática,0,0,0,264.74,0,0
4321105,Tapes,251.45,2009,Matemática,0,0,0,259.66499999999996,1,0
4321204,Taquara,255.57,2009,Matemática,1,0,0,254.595,1,0
4321303,Taquari,256.77,2009,Matemática,1,0,0,258.84,1,0
4321329,Taquaruçu do Sul,273.44,2009,Matemática,0,0,0,285.52,0,0
4321352,Tavares,242.62,2009,Matemática,0,0,0,250.535,1,0
4321402,Tenente Portela,244.45,2009,Matemática,0,0,0,253.49,1,0
4321436,Terra de Areia,259.05,2009,Matemática,0,0,0,282.2875,0,0
4321451,Teutônia,272.36,2009,Matemática,0,0,0,284.005,0,0
4321469,Tio Hugo,250.59,2009,Matemática,0,0,0,272.2075,0,0
4321477,Tiradentes do Sul,245.8,2009,Matemática,0,0,0,283.9075,0,0
4321493,Toropi,268.99,2009,Matemática,0,0,0,242.08749999999998,1,0
4321501,Torres,262.55,2009,Matemática,0,0,0,265.0675,0,0
4321600,Tramandaí,254.5,2009,Matemática,0,0,0,271.6275,0,0
4321626,Travesseiro,265.93,2009,Matemática,0,0,0,275.8225,0,0
4321634,Três Arroios,286.71,2009,Matemática,0,0,0,293.435,0,0
4321667,Três Cachoeiras,285.02,2009,Matemática,0,0,0,274.79,0,0
4321709,Três Coroas,269.58,2009,Matemática,0,0,0,281.4075,0,0
4321808,Três de Maio,254.03,2009,Matemática,0,0,0,264.6975,0,0
4321832,Três Forquilhas,255.98,2009,Matemática,0,0,0,263.8075,0,0
4321857,Três Palmeiras,235.92,2009,Matemática,0,0,0,265.375,0,0
4321907,Três Passos,256.16,2009,Matemática,0,0,0,276.645,0,0
4321956,Trindade do Sul,266.0,2009,Matemática,0,0,0,267.1225,0,0
4322004,Triunfo,254.23,2009,Matemática,0,0,0,248.135,1,0
4322103,Tucunduva,251.41,2009,Matemática,0,0,0,279.47749999999996,0,0
4322152,Tunas,252.92,2009,Matemática,0,0,0,260.325,1,0
4322186,Tupanci do Sul,279.45,2009,Matemática,0,0,0,294.8675,0,0
4322202,Tupanciretã,253.89,2009,Matemática,0,0,0,261.90250000000003,0,0
4322251,Tupandi,300.02,2009,Matemática,1,0,0,297.295,0,0
4322301,Tuparendi,270.56,2009,Matemática,0,0,0,265.695,0,0
4322327,Turuçu,291.8,2009,Matemática,1,0,0,283.5375,0,0
4322343,Ubiretama,272.13,2009,Matemática,0,0,0,256.1475,1,0
4322350,União da Serra,,2009,Matemática,0,0,0,267.9825,0,0
4322376,Unistalda,262.55,2009,Matemática,0,0,0,285.225,0,0
4322400,Uruguaiana,243.87,2009,Matemática,0,0,0,246.65,1,0
4322509,Vacaria,254.15,2009,Matemática,0,0,0,264.72249999999997,0,0
4322525,Vale Verde,,2009,Matemática,0,0,0,270.515,0,0
4322533,Vale do Sol,275.07,2009,Matemática,0,0,0,270.97749999999996,0,0
4322541,Vale Real,285.1,2009,Matemática,0,0,0,290.5575,0,0
4322558,Vanini,260.09,2009,Matemática,0,0,0,293.3175,0,0
4322608,Venâncio Aires,263.64,2009,Matemática,0,0,0,269.6225,0,0
4322707,Vera Cruz,250.74,2009,Matemática,0,0,0,267.53,0,0
4322806,Veranópolis,275.15,2009,Matemática,0,0,0,275.505,0,0
4322855,Vespasiano Corrêa,290.8,2009,Matemática,1,0,0,279.6375,0,0
4322905,Viadutos,267.23,2009,Matemática,0,0,0,283.3825,0,0
4323002,Viamão,239.82,2009,Matemática,0,0,0,248.1,1,0
4323101,Vicente Dutra,246.95,2009,Matemática,0,0,0,240.8075,1,0
4323200,Victor Graeff,283.82,2009,Matemática,0,0,0,273.8225,0,0
4323309,Vila Flores,271.2,2009,Matemática,0,0,0,284.625,0,0
4323358,Vila Lângaro,287.11,2009,Matemática,0,0,0,279.46,0,0
4323408,Vila Maria,263.66,2009,Matemática,0,0,0,263.60749999999996,0,0
4323457,Vila Nova do Sul,254.2,2009,Matemática,0,0,0,244.41,1,0
4323507,Vista Alegre,232.42,2009,Matemática,0,0,0,278.615,0,0
4323606,Vista Alegre do Prata,,2009,Matemática,0,0,0,271.9225,0,0
4323705,Vista Gaúcha,,2009,Matemática,0,0,0,264.475,0,0
4323754,Vitória das Missões,,2009,Matemática,0,0,0,271.16,0,0
4323770,Westfália,270.08,2009,Matemática,0,0,0,283.4925,0,0
4323804,Xangri-lá,264.32,2009,Matemática,0,0,0,265.4425,0,0
4300034,Aceguá,,2009,Língua Portuguesa,0,0,0,258.8025,1,0
4300059,Água Santa,248.46,2009,Língua Portuguesa,0,0,0,273.90999999999997,0,0
4300109,Agudo,256.0,2009,Língua Portuguesa,1,0,0,283.125,0,0
4300208,Ajuricaba,251.63,2009,Língua Portuguesa,0,0,0,282.4875,0,0
4300307,Alecrim,270.32,2009,Língua Portuguesa,0,0,0,270.22,0,0
4300406,Alegrete,241.44,2009,Língua Portuguesa,0,0,0,255.27499999999998,1,0
4300455,Alegria,240.31,2009,Língua Portuguesa,0,0,0,248.785,1,0
4300471,Almirante Tamandaré do Sul,,2009,Língua Portuguesa,0,0,0,263.03499999999997,0,0
4300505,Alpestre,241.9,2009,Língua Portuguesa,0,0,0,253.365,1,0
4300554,Alto Alegre,240.82,2009,Língua Portuguesa,0,0,0,268.0275,0,0
4300570,Alto Feliz,274.91,2009,Língua Portuguesa,1,0,0,272.85,0,0
4300604,Alvorada,237.76,2009,Língua Portuguesa,0,0,0,249.875,1,0
4300638,Amaral Ferrador,206.18,2009,Língua Portuguesa,0,0,0,243.3175,1,0
4300646,Ametista do Sul,244.61,2009,Língua Portuguesa,0,0,0,260.3375,1,0
4300661,André da Rocha,232.17,2009,Língua Portuguesa,0,0,0,,0,0
4300703,Anta Gorda,243.38,2009,Língua Portuguesa,0,0,0,275.6625,0,0
4300802,Antônio Prado,262.94,2009,Língua Portuguesa,0,0,0,278.4175,0,0
4300851,Arambaré,249.12,2009,Língua Portuguesa,0,0,0,261.385,1,0
4300877,Araricá,252.6,2009,Língua Portuguesa,1,0,0,267.5125,0,0
4300901,Aratiba,269.18,2009,Língua Portuguesa,0,0,0,272.885,0,0
4301008,Arroio do Meio,256.55,2009,Língua Portuguesa,0,0,0,278.38,0,0
4301057,Arroio do Sal,254.75,2009,Língua Portuguesa,0,0,0,259.7175,1,0
4301073,Arroio do Padre,237.66,2009,Língua Portuguesa,0,0,0,276.6875,0,0
4301107,Arroio dos Ratos,250.45,2009,Língua Portuguesa,0,0,0,258.9475,1,0
4301206,Arroio do Tigre,261.67,2009,Língua Portuguesa,1,0,0,273.1425,0,0
4301305,Arroio Grande,248.93,2009,Língua Portuguesa,1,0,0,252.03,1,0
4301404,Arvorezinha,247.21,2009,Língua Portuguesa,0,0,0,254.0325,1,0
4301503,Augusto Pestana,269.98,2009,Língua Portuguesa,0,0,0,287.62,0,0
4301552,Áurea,233.53,2009,Língua Portuguesa,0,0,0,287.3,0,0
4301602,Bagé,231.59,2009,Língua Portuguesa,0,0,0,259.52750000000003,1,0
4301636,Balneário Pinhal,240.4,2009,Língua Portuguesa,0,0,0,248.6575,1,0
4301651,Barão,265.03,2009,Língua Portuguesa,1,0,0,286.47749999999996,0,0
4301701,Barão de Cotegipe,255.04,2009,Língua Portuguesa,0,0,0,261.39,1,0
4301750,Barão do Triunfo,229.77,2009,Língua Portuguesa,0,0,0,247.54500000000002,1,0
4301800,Barracão,266.64,2009,Língua Portuguesa,0,0,0,260.42,1,0
4301859,Barra do Guarita,250.84,2009,Língua Portuguesa,0,0,0,245.8625,1,0
4301875,Barra do Quaraí,227.8,2009,Língua Portuguesa,0,0,0,246.0125,1,0
4301909,Barra do Ribeiro,256.83,2009,Língua Portuguesa,0,0,0,248.1525,1,0
4301925,Barra do Rio Azul,,2009,Língua Portuguesa,0,0,0,291.45500000000004,0,0
4301958,Barra Funda,247.95,2009,Língua Portuguesa,0,0,0,280.58500000000004,0,0
4302006,Barros Cassal,241.31,2009,Língua Portuguesa,0,0,0,242.02249999999998,1,0
4302055,Benjamin Constant do Sul,282.64,2009,Língua Portuguesa,0,0,0,250.905,1,0
4302105,Bento Gonçalves,262.33,2009,Língua Portuguesa,0,0,0,278.49,0,0
4302154,Boa Vista das Missões,261.68,2009,Língua Portuguesa,0,0,0,272.745,0,0
4302204,Boa Vista do Buricá,242.92,2009,Língua Portuguesa,0,0,0,283.9475,0,0
4302220,Boa Vista do Cadeado,,2009,Língua Portuguesa,0,0,0,232.07,1,0
4302238,Boa Vista do Incra,248.99,2009,Língua Portuguesa,0,0,0,263.09000000000003,0,0
4302253,Boa Vista do Sul,258.75,2009,Língua Portuguesa,0,0,0,276.225,0,0
4302303,Bom Jesus,242.18,2009,Língua Portuguesa,0,0,0,262.40999999999997,0,0
4302352,Bom Princípio,280.66,2009,Língua Portuguesa,1,0,0,294.6,0,0
4302378,Bom Progresso,228.76,2009,Língua Portuguesa,0,0,0,272.47,0,0
4302402,Bom Retiro do Sul,255.42,2009,Língua Portuguesa,1,0,0,279.4075,0,0
4302451,Boqueirão do Leão,274.0,2009,Língua Portuguesa,0,0,0,260.3675,1,0
4302501,Bossoroca,235.15,2009,Língua Portuguesa,0,0,0,250.0275,1,0
4302584,Bozano,249.86,2009,Língua Portuguesa,0,0,0,283.14,0,0
4302600,Braga,249.89,2009,Língua Portuguesa,0,0,0,266.14,0,0
4302659,Brochier,256.82,2009,Língua Portuguesa,1,0,0,317.675,0,0
4302709,Butiá,243.06,2009,Língua Portuguesa,1,0,0,227.42000000000002,1,0
4302808,Caçapava do Sul,246.85,2009,Língua Portuguesa,0,0,0,254.54250000000002,1,0
4302907,Cacequi,233.72,2009,Língua Portuguesa,0,0,0,243.95499999999998,1,0
4303004,Cachoeira do Sul,248.4,2009,Língua Portuguesa,1,0,0,259.44,1,0
4303103,Cachoeirinha,239.62,2009,Língua Portuguesa,0,0,0,254.6925,1,0
4303202,Cacique Doble,261.98,2009,Língua Portuguesa,0,0,0,268.835,0,0
4303301,Caibaté,267.59,2009,Língua Portuguesa,0,0,0,253.8675,1,0
4303400,Caiçara,267.95,2009,Língua Portuguesa,0,0,0,263.9725,0,0
4303509,Camaquã,239.31,2009,Língua Portuguesa,1,0,0,257.87,1,0
4303558,Camargo,249.5,2009,Língua Portuguesa,0,0,0,277.94500000000005,0,0
4303608,Cambará do Sul,232.97,2009,Língua Portuguesa,0,0,0,253.89499999999998,1,0
4303673,Campestre da Serra,243.93,2009,Língua Portuguesa,0,0,0,280.15999999999997,0,0
4303707,Campina das Missões,260.03,2009,Língua Portuguesa,0,0,0,276.8675,0,0
4303806,Campinas do Sul,219.96,2009,Língua Portuguesa,0,0,0,287.3275,0,0
4303905,Campo Bom,252.74,2009,Língua Portuguesa,1,0,0,277.98,0,0
4304002,Campo Novo,239.44,2009,Língua Portuguesa,0,0,0,250.65,1,0
4304101,Campos Borges,243.75,2009,Língua Portuguesa,0,0,0,248.02749999999997,1,0
4304200,Candelária,246.8,2009,Língua Portuguesa,0,0,0,257.2225,1,0
4304309,Cândido Godói,261.15,2009,Língua Portuguesa,0,0,0,277.0475,0,0
4304358,Candiota,235.0,2009,Língua Portuguesa,0,0,0,256.425,1,0
4304408,Canela,250.89,2009,Língua Portuguesa,0,0,0,265.1925,0,0
4304507,Canguçu,264.98,2009,Língua Portuguesa,0,0,0,286.52250000000004,0,0
4304606,Canoas,252.39,2009,Língua Portuguesa,1,0,0,262.84000000000003,0,0
4304614,Canudos do Vale,228.47,2009,Língua Portuguesa,0,0,0,261.0825,1,0
4304622,Capão Bonito do Sul,,2009,Língua Portuguesa,0,0,0,252.98250000000002,1,0
4304630,Capão da Canoa,251.87,2009,Língua Portuguesa,0,0,0,264.2625,0,0
4304655,Capão do Cipó,214.21,2009,Língua Portuguesa,0,0,0,260.1325,1,0
4304663,Capão do Leão,249.05,2009,Língua Portuguesa,1,0,0,257.65,1,0
4304671,Capivari do Sul,260.18,2009,Língua Portuguesa,0,0,0,265.8975,0,0
4304689,Capela de Santana,254.69,2009,Língua Portuguesa,1,0,0,260.0325,1,0
4304697,Capitão,236.1,2009,Língua Portuguesa,0,0,0,275.08000000000004,0,0
4304705,Carazinho,249.44,2009,Língua Portuguesa,0,0,0,258.59749999999997,1,0
4304713,Caraá,218.94,2009,Língua Portuguesa,0,0,0,223.9,1,0
4304804,Carlos Barbosa,265.73,2009,Língua Portuguesa,0,0,0,285.27,0,0
4304903,Casca,263.61,2009,Língua Portuguesa,0,0,0,270.7,0,0
4304952,Caseiros,236.38,2009,Língua Portuguesa,0,0,0,258.97,1,0
4305009,Catuípe,254.37,2009,Língua Portuguesa,0,0,0,271.6225,0,0
4305108,Caxias do Sul,258.88,2009,Língua Portuguesa,1,0,0,268.43,0,0
4305116,Centenário,270.42,2009,Língua Portuguesa,0,0,0,286.9775,0,0
4305124,Cerrito,260.52,2009,Língua Portuguesa,0,0,0,267.835,0,0
4305132,Cerro Branco,247.95,2009,Língua Portuguesa,0,0,0,271.105,0,0
4305157,Cerro Grande,,2009,Língua Portuguesa,0,0,0,279.815,0,0
4305173,Cerro Grande do Sul,261.24,2009,Língua Portuguesa,1,0,0,264.0375,0,0
4305207,Cerro Largo,242.7,2009,Língua Portuguesa,0,0,0,286.55,0,0
4305306,Chapada,264.44,2009,Língua Portuguesa,0,0,0,270.98249999999996,0,0
4305355,Charqueadas,253.74,2009,Língua Portuguesa,0,0,0,261.0675,1,0
4305371,Charrua,258.74,2009,Língua Portuguesa,0,0,0,275.225,0,0
4305405,Chiapetta,241.7,2009,Língua Portuguesa,0,0,0,261.68,1,0
4305439,Chuí,246.72,2009,Língua Portuguesa,1,0,0,,0,0
4305447,Chuvisca,,2009,Língua Portuguesa,1,0,0,260.015,1,0
4305454,Cidreira,250.87,2009,Língua Portuguesa,0,0,0,258.90999999999997,1,0
4305504,Ciríaco,258.51,2009,Língua Portuguesa,0,0,0,256.21250000000003,1,0
4305587,Colinas,,2009,Língua Portuguesa,0,0,0,288.32,0,0
4305603,Colorado,238.78,2009,Língua Portuguesa,0,0,0,291.46000000000004,0,0
4305702,Condor,248.7,2009,Língua Portuguesa,0,0,0,268.6075,0,0
4305801,Constantina,226.05,2009,Língua Portuguesa,0,0,0,268.3375,0,0
4305835,Coqueiro Baixo,,2009,Língua Portuguesa,0,0,0,296.775,0,0
4305850,Coqueiros do Sul,,2009,Língua Portuguesa,0,0,0,235.36,1,0
4305871,Coronel Barros,257.1,2009,Língua Portuguesa,0,0,0,287.375,0,0
4305900,Coronel Bicaco,237.32,2009,Língua Portuguesa,0,0,0,251.2725,1,0
4305934,Coronel Pilar,,2009,Língua Portuguesa,0,0,0,274.95500000000004,0,0
4305959,Cotiporã,240.82,2009,Língua Portuguesa,0,0,0,279.155,0,0
4305975,Coxilha,235.78,2009,Língua Portuguesa,0,0,0,262.2375,0,0
4306007,Crissiumal,253.13,2009,Língua Portuguesa,0,0,0,277.26,0,0
4306056,Cristal,259.36,2009,Língua Portuguesa,0,0,0,262.325,0,0
4306072,Cristal do Sul,246.78,2009,Língua Portuguesa,0,0,0,239.67000000000002,1,0
4306106,Cruz Alta,246.64,2009,Língua Portuguesa,0,0,0,255.2525,1,0
4306130,Cruzaltense,257.46,2009,Língua Portuguesa,0,0,0,287.585,0,0
4306205,Cruzeiro do Sul,253.42,2009,Língua Portuguesa,1,0,0,264.855,0,0
4306304,David Canabarro,254.47,2009,Língua Portuguesa,0,0,0,268.75,0,0
4306320,Derrubadas,242.38,2009,Língua Portuguesa,0,0,0,286.65999999999997,0,0
4306353,Dezesseis de Novembro,,2009,Língua Portuguesa,0,0,0,257.25250000000005,1,0
4306379,Dilermando de Aguiar,,2009,Língua Portuguesa,0,0,0,,0,0
4306403,Dois Irmãos,269.3,2009,Língua Portuguesa,1,0,0,281.48,0,0
4306429,Dois Irmãos das Missões,,2009,Língua Portuguesa,0,0,0,,0,0
4306452,Dois Lajeados,251.16,2009,Língua Portuguesa,0,0,0,296.695,0,0
4306502,Dom Feliciano,250.54,2009,Língua Portuguesa,1,0,0,267.5075,0,0
4306551,Dom Pedro de Alcântara,262.47,2009,Língua Portuguesa,0,0,0,269.84,0,0
4306601,Dom Pedrito,240.0,2009,Língua Portuguesa,0,0,0,249.8275,1,0
4306700,Dona Francisca,256.28,2009,Língua Portuguesa,1,0,0,274.475,0,0
4306734,Doutor Maurício Cardoso,247.22,2009,Língua Portuguesa,0,0,0,261.805,0,0
4306759,Doutor Ricardo,244.82,2009,Língua Portuguesa,0,0,0,,0,0
4306767,Eldorado do Sul,239.5,2009,Língua Portuguesa,0,0,0,259.9975,1,0
4306809,Encantado,254.26,2009,Língua Portuguesa,0,0,0,280.855,0,0
4306908,Encruzilhada do Sul,253.44,2009,Língua Portuguesa,0,0,0,256.9325,1,0
4306924,Engenho Velho,243.99,2009,Língua Portuguesa,0,0,0,227.77,1,0
4306932,Entre-Ijuís,260.97,2009,Língua Portuguesa,0,0,0,262.28499999999997,0,0
4306957,Entre Rios do Sul,260.63,2009,Língua Portuguesa,0,0,0,291.59000000000003,0,0
4306973,Erebango,275.61,2009,Língua Portuguesa,0,0,0,266.5475,0,0
4307005,Erechim,265.04,2009,Língua Portuguesa,0,0,0,276.5175,0,0
4307054,Ernestina,246.0,2009,Língua Portuguesa,0,0,0,262.69,0,0
4307104,Herval,221.7,2009,Língua Portuguesa,0,0,0,258.245,1,0
4307203,Erval Grande,265.84,2009,Língua Portuguesa,0,0,0,262.9125,0,0
4307302,Erval Seco,257.9,2009,Língua Portuguesa,0,0,0,271.1925,0,0
4307401,Esmeralda,228.38,2009,Língua Portuguesa,0,0,0,255.6775,1,0
4307450,Esperança do Sul,,2009,Língua Portuguesa,0,0,0,249.405,1,0
4307500,Espumoso,256.04,2009,Língua Portuguesa,0,0,0,274.885,0,0
4307559,Estação,245.8,2009,Língua Portuguesa,0,0,0,269.89,0,0
4307609,Estância Velha,251.54,2009,Língua Portuguesa,1,0,0,271.89,0,0
4307708,Esteio,253.22,2009,Língua Portuguesa,0,0,0,255.48250000000002,1,0
4307807,Estrela,264.03,2009,Língua Portuguesa,1,0,0,272.0675,0,0
4307815,Estrela Velha,251.98,2009,Língua Portuguesa,1,0,0,259.7125,1,0
4307831,Eugênio de Castro,249.57,2009,Língua Portuguesa,0,0,0,275.15250000000003,0,0
4307864,Fagundes Varela,252.52,2009,Língua Portuguesa,0,0,0,262.72249999999997,0,0
4307906,Farroupilha,260.32,2009,Língua Portuguesa,0,0,0,289.96500000000003,0,0
4308003,Faxinal do Soturno,252.86,2009,Língua Portuguesa,0,0,0,270.95,0,0
4308052,Faxinalzinho,249.67,2009,Língua Portuguesa,0,0,0,238.07999999999998,1,0
4308078,Fazenda Vilanova,267.62,2009,Língua Portuguesa,0,0,0,266.7075,0,0
4308102,Feliz,270.57,2009,Língua Portuguesa,1,0,0,292.92,0,0
4308201,Flores da Cunha,266.12,2009,Língua Portuguesa,0,0,0,287.8225,0,0
4308250,Floriano Peixoto,268.2,2009,Língua Portuguesa,0,0,0,289.125,0,0
4308300,Fontoura Xavier,244.68,2009,Língua Portuguesa,0,0,0,256.0175,1,0
4308409,Formigueiro,239.45,2009,Língua Portuguesa,0,0,0,247.4175,1,0
4308433,Forquetinha,244.61,2009,Língua Portuguesa,1,0,0,258.475,1,0
4308458,Fortaleza dos Valos,250.44,2009,Língua Portuguesa,0,0,0,260.8175,1,0
4308508,Frederico Westphalen,269.1,2009,Língua Portuguesa,0,0,0,281.63,0,0
4308607,Garibaldi,259.13,2009,Língua Portuguesa,0,0,0,277.8825,0,0
4308656,Garruchos,,2009,Língua Portuguesa,0,0,0,263.995,0,0
4308706,Gaurama,270.13,2009,Língua Portuguesa,0,0,0,277.07,0,0
4308805,General Câmara,242.27,2009,Língua Portuguesa,0,0,0,238.71249999999998,1,0
4308854,Gentil,,2009,Língua Portuguesa,0,0,0,276.245,0,0
4308904,Getúlio Vargas,258.92,2009,Língua Portuguesa,0,0,0,269.7425,0,0
4309001,Giruá,243.67,2009,Língua Portuguesa,0,0,0,252.3975,1,0
4309050,Glorinha,223.7,2009,Língua Portuguesa,0,0,0,260.4,1,0
4309100,Gramado,261.56,2009,Língua Portuguesa,1,0,0,273.725,0,0
4309126,Gramado dos Loureiros,,2009,Língua Portuguesa,0,0,0,287.33500000000004,0,0
4309159,Gramado Xavier,231.7,2009,Língua Portuguesa,0,0,0,262.23,0,0
4309209,Gravataí,242.17,2009,Língua Portuguesa,0,0,0,258.17,1,0
4309258,Guabiju,263.22,2009,Língua Portuguesa,0,0,0,295.995,0,0
4309308,Guaíba,248.72,2009,Língua Portuguesa,0,0,0,259.62,1,0
4309407,Guaporé,253.32,2009,Língua Portuguesa,0,0,0,270.3025,0,0
4309506,Guarani das Missões,244.58,2009,Língua Portuguesa,0,0,0,260.4675,1,0
4309555,Harmonia,251.33,2009,Língua Portuguesa,1,0,0,289.6925,0,0
4309571,Herveiras,232.51,2009,Língua Portuguesa,0,0,0,,0,0
4309605,Horizontina,251.97,2009,Língua Portuguesa,0,0,0,275.78999999999996,0,0
4309654,Hulha Negra,236.43,2009,Língua Portuguesa,0,0,0,243.965,1,0
4309704,Humaitá,264.13,2009,Língua Portuguesa,0,0,0,269.4625,0,0
4309753,Ibarama,265.22,2009,Língua Portuguesa,1,0,0,266.0775,0,0
4309803,Ibiaçá,240.5,2009,Língua Portuguesa,0,0,0,268.3,0,0
4309902,Ibiraiaras,255.25,2009,Língua Portuguesa,0,0,0,277.61,0,0
4309951,Ibirapuitã,232.56,2009,Língua Portuguesa,0,0,0,259.635,1,0
4310009,Ibirubá,259.66,2009,Língua Portuguesa,0,0,0,284.3225,0,0
4310108,Igrejinha,259.25,2009,Língua Portuguesa,1,0,0,280.45500000000004,0,0
4310207,Ijuí,254.58,2009,Língua Portuguesa,0,0,0,276.125,0,0
4310306,Ilópolis,228.8,2009,Língua Portuguesa,0,0,0,274.415,0,0
4310330,Imbé,241.7,2009,Língua Portuguesa,0,0,0,265.9125,0,0
4310363,Imigrante,255.19,2009,Língua Portuguesa,0,0,0,314.095,0,0
4310405,Independência,254.58,2009,Língua Portuguesa,0,0,0,270.01,0,0
4310413,Inhacorá,237.61,2009,Língua Portuguesa,0,0,0,241.72,1,0
4310439,Ipê,237.6,2009,Língua Portuguesa,0,0,0,278.12,0,0
4310462,Ipiranga do Sul,259.29,2009,Língua Portuguesa,0,0,0,273.4625,0,0
4310504,Iraí,281.0,2009,Língua Portuguesa,0,0,0,278.305,0,0
4310538,Itaara,250.9,2009,Língua Portuguesa,0,0,0,270.71500000000003,0,0
4310553,Itacurubi,214.83,2009,Língua Portuguesa,0,0,0,248.8,1,0
4310579,Itapuca,241.87,2009,Língua Portuguesa,0,0,0,261.815,0,0
4310603,Itaqui,237.23,2009,Língua Portuguesa,0,0,0,250.2475,1,0
4310652,Itati,249.9,2009,Língua Portuguesa,0,0,0,277.8825,0,0
4310702,Itatiba do Sul,248.88,2009,Língua Portuguesa,0,0,0,281.985,0,0
4310751,Ivorá,237.52,2009,Língua Portuguesa,0,0,0,257.36,1,0
4310801,Ivoti,268.57,2009,Língua Portuguesa,1,0,0,290.4175,0,0
4310850,Jaboticaba,253.5,2009,Língua Portuguesa,0,0,0,270.905,0,0
4310876,Jacuizinho,222.4,2009,Língua Portuguesa,0,0,0,230.04,1,0
4310900,Jacutinga,266.72,2009,Língua Portuguesa,0,0,0,288.6225,0,0
4311007,Jaguarão,236.67,2009,Língua Portuguesa,0,0,0,266.1075,0,0
4311106,Jaguari,260.85,2009,Língua Portuguesa,0,0,0,275.045,0,0
4311122,Jaquirana,225.13,2009,Língua Portuguesa,0,0,0,242.95,1,0
4311130,Jari,248.2,2009,Língua Portuguesa,0,0,0,263.505,0,0
4311155,Jóia,276.5,2009,Língua Portuguesa,0,0,0,269.4425,0,0
4311205,Júlio de Castilhos,258.47,2009,Língua Portuguesa,0,0,0,262.755,0,0
4311239,Lagoa Bonita do Sul,236.53,2009,Língua Portuguesa,0,0,0,245.8575,1,0
4311254,Lagoão,248.97,2009,Língua Portuguesa,0,0,0,265.555,0,0
4311270,Lagoa dos Três Cantos,264.37,2009,Língua Portuguesa,0,0,0,278.515,0,0
4311304,Lagoa Vermelha,243.61,2009,Língua Portuguesa,0,0,0,258.63,1,0
4311403,Lajeado,251.22,2009,Língua Portuguesa,1,0,0,276.10249999999996,0,0
4311429,Lajeado do Bugre,,2009,Língua Portuguesa,0,0,0,,0,0
4311502,Lavras do Sul,234.29,2009,Língua Portuguesa,0,0,0,254.60250000000002,1,0
4311601,Liberato Salzano,262.36,2009,Língua Portuguesa,0,0,0,265.94,0,0
4311627,Lindolfo Collor,250.19,2009,Língua Portuguesa,0,0,0,281.4275,0,0
4311643,Linha Nova,,2009,Língua Portuguesa,1,0,0,286.825,0,0
4311700,Machadinho,244.77,2009,Língua Portuguesa,0,0,0,260.32,1,0
4311718,Maçambará,236.32,2009,Língua Portuguesa,0,0,0,232.3275,1,0
4311734,Mampituba,246.95,2009,Língua Portuguesa,0,0,0,271.475,0,0
4311759,Manoel Viana,257.42,2009,Língua Portuguesa,0,0,0,253.1625,1,0
4311775,Maquiné,242.19,2009,Língua Portuguesa,0,0,0,261.61,1,0
4311791,Maratá,263.18,2009,Língua Portuguesa,0,0,0,279.76,0,0
4311809,Marau,250.63,2009,Língua Portuguesa,0,0,0,265.78,0,0
4311908,Marcelino Ramos,264.56,2009,Língua Portuguesa,0,0,0,244.51999999999998,1,0
4311981,Mariana Pimentel,243.15,2009,Língua Portuguesa,0,0,0,261.555,1,0
4312005,Mariano Moro,259.64,2009,Língua Portuguesa,0,0,0,237.0475,1,0
4312054,Marques de Souza,,2009,Língua Portuguesa,0,0,0,283.3525,0,0
4312104,Mata,231.83,2009,Língua Portuguesa,0,0,0,262.84250000000003,0,0
4312138,Mato Castelhano,227.34,2009,Língua Portuguesa,0,0,0,232.94,1,0
4312153,Mato Leitão,264.59,2009,Língua Portuguesa,0,0,0,283.765,0,0
4312179,Mato Queimado,,2009,Língua Portuguesa,0,0,0,284.9875,0,0
4312203,Maximiliano de Almeida,257.95,2009,Língua Portuguesa,0,0,0,264.61,0,0
4312252,Minas do Leão,257.94,2009,Língua Portuguesa,1,0,0,256.20500000000004,1,0
4312302,Miraguaí,225.69,2009,Língua Portuguesa,0,0,0,251.9525,1,0
4312351,Montauri,259.95,2009,Língua Portuguesa,0,0,0,300.265,0,0
4312377,Monte Alegre dos Campos,219.85,2009,Língua Portuguesa,0,0,0,244.48250000000002,1,0
4312385,Monte Belo do Sul,,2009,Língua Portuguesa,0,0,0,282.6375,0,0
4312401,Montenegro,252.31,2009,Língua Portuguesa,1,0,0,261.1775,1,0
4312427,Mormaço,246.26,2009,Língua Portuguesa,0,0,0,259.805,1,0
4312443,Morrinhos do Sul,,2009,Língua Portuguesa,0,0,0,286.285,0,0
4312450,Morro Redondo,249.77,2009,Língua Portuguesa,0,0,0,270.59000000000003,0,0
4312476,Morro Reuter,263.49,2009,Língua Portuguesa,1,0,0,287.4925,0,0
4312500,Mostardas,255.12,2009,Língua Portuguesa,0,0,0,251.8225,1,0
4312609,Muçum,256.25,2009,Língua Portuguesa,0,0,0,268.775,0,0
4312617,Muitos Capões,237.37,2009,Língua Portuguesa,0,0,0,260.4375,1,0
4312625,Muliterno,244.88,2009,Língua Portuguesa,0,0,0,261.045,1,0
4312658,Não-Me-Toque,263.01,2009,Língua Portuguesa,0,0,0,260.67,1,0
4312674,Nicolau Vergueiro,252.27,2009,Língua Portuguesa,0,0,0,246.98,1,0
4312708,Nonoai,235.58,2009,Língua Portuguesa,0,0,0,269.1175,0,0
4312757,Nova Alvorada,255.93,2009,Língua Portuguesa,0,0,0,281.76,0,0
4312807,Nova Araçá,250.98,2009,Língua Portuguesa,0,0,0,274.5925,0,0
4312906,Nova Bassano,246.21,2009,Língua Portuguesa,0,0,0,266.2675,0,0
4312955,Nova Boa Vista,276.27,2009,Língua Portuguesa,0,0,0,276.22249999999997,0,0
4313003,Nova Bréscia,257.35,2009,Língua Portuguesa,0,0,0,269.0575,0,0
4313011,Nova Candelária,240.1,2009,Língua Portuguesa,0,0,0,284.65999999999997,0,0
4313037,Nova Esperança do Sul,245.54,2009,Língua Portuguesa,0,0,0,253.46,1,0
4313060,Nova Hartz,233.46,2009,Língua Portuguesa,1,0,0,269.175,0,0
4313086,Nova Pádua,263.09,2009,Língua Portuguesa,0,0,0,262.9375,0,0
4313102,Nova Palma,264.52,2009,Língua Portuguesa,0,0,0,264.4275,0,0
4313201,Nova Petrópolis,262.07,2009,Língua Portuguesa,0,0,0,295.1225,0,0
4313300,Nova Prata,259.65,2009,Língua Portuguesa,0,0,0,272.12,0,0
4313334,Nova Ramada,,2009,Língua Portuguesa,0,0,0,,0,0
4313359,Nova Roma do Sul,244.57,2009,Língua Portuguesa,0,0,0,282.83500000000004,0,0
4313375,Nova Santa Rita,240.0,2009,Língua Portuguesa,0,0,0,263.56,0,0
4313391,Novo Cabrais,,2009,Língua Portuguesa,0,0,0,,0,0
4313409,Novo Hamburgo,247.92,2009,Língua Portuguesa,1,0,0,262.5975,0,0
4313425,Novo Machado,257.87,2009,Língua Portuguesa,0,0,0,273.24,0,0
4313441,Novo Tiradentes,221.04,2009,Língua Portuguesa,0,0,0,,0,0
4313466,Novo Xingu,242.48,2009,Língua Portuguesa,0,0,0,264.58000000000004,0,0
4313490,Novo Barreiro,223.83,2009,Língua Portuguesa,0,0,0,245.58499999999998,1,0
4313508,Osório,255.58,2009,Língua Portuguesa,0,0,0,270.8225,0,0
4313607,Paim Filho,254.81,2009,Língua Portuguesa,0,0,0,254.39,1,0
4313656,Palmares do Sul,252.42,2009,Língua Portuguesa,0,0,0,248.7225,1,0
4313706,Palmeira das Missões,247.72,2009,Língua Portuguesa,0,0,0,256.305,1,0
4313805,Palmitinho,241.99,2009,Língua Portuguesa,0,0,0,269.9325,0,0
4313904,Panambi,258.0,2009,Língua Portuguesa,0,0,0,276.56,0,0
4313953,Pantano Grande,241.84,2009,Língua Portuguesa,0,0,0,246.0575,1,0
4314001,Paraí,250.89,2009,Língua Portuguesa,0,0,0,279.74,0,0
4314027,Paraíso do Sul,,2009,Língua Portuguesa,1,0,0,270.52250000000004,0,0
4314035,Pareci Novo,258.27,2009,Língua Portuguesa,1,0,0,283.0425,0,0
4314050,Parobé,243.49,2009,Língua Portuguesa,1,0,0,267.53999999999996,0,0
4314068,Passa Sete,,2009,Língua Portuguesa,0,0,0,273.87,0,0
4314076,Passo do Sobrado,256.59,2009,Língua Portuguesa,0,0,0,267.4075,0,0
4314100,Passo Fundo,241.89,2009,Língua Portuguesa,0,0,0,257.48,1,0
4314134,Paulo Bento,254.77,2009,Língua Portuguesa,0,0,0,274.035,0,0
4314159,Paverama,252.33,2009,Língua Portuguesa,0,0,0,258.2,1,0
4314175,Pedras Altas,,2009,Língua Portuguesa,0,0,0,,0,0
4314209,Pedro Osório,238.03,2009,Língua Portuguesa,0,0,0,243.815,1,0
4314308,Pejuçara,248.55,2009,Língua Portuguesa,0,0,0,274.65250000000003,0,0
4314407,Pelotas,246.79,2009,Língua Portuguesa,1,0,0,264.845,0,0
4314423,Picada Café,271.94,2009,Língua Portuguesa,0,0,0,294.65999999999997,0,0
4314456,Pinhal,256.73,2009,Língua Portuguesa,0,0,0,269.0825,0,0
4314464,Pinhal da Serra,,2009,Língua Portuguesa,0,0,0,271.9825,0,0
4314472,Pinhal Grande,225.21,2009,Língua Portuguesa,0,0,0,276.085,0,0
4314498,Pinheirinho do Vale,271.15,2009,Língua Portuguesa,0,0,0,278.35,0,0
4314506,Pinheiro Machado,249.6,2009,Língua Portuguesa,0,0,0,261.7125,1,0
4314548,Pinto Bandeira,,2009,Língua Portuguesa,0,0,0,275.36,0,0
4314555,Pirapó,240.65,2009,Língua Portuguesa,0,0,0,263.7625,0,0
4314605,Piratini,238.11,2009,Língua Portuguesa,0,0,0,256.49,1,0
4314704,Planalto,236.15,2009,Língua Portuguesa,0,0,0,264.48,0,0
4314753,Poço das Antas,,2009,Língua Portuguesa,1,0,0,276.18,0,0
4314779,Pontão,237.85,2009,Língua Portuguesa,0,0,0,272.495,0,0
4314787,Ponte Preta,259.94,2009,Língua Portuguesa,0,0,0,269.605,0,0
4314803,Portão,269.16,2009,Língua Portuguesa,1,0,0,280.7,0,0
4314902,Porto Alegre,247.1,2009,Língua Portuguesa,1,0,0,253.5,1,0
4315008,Porto Lucena,259.91,2009,Língua Portuguesa,0,0,0,265.32,0,0
4315057,Porto Mauá,249.77,2009,Língua Portuguesa,0,0,0,254.38,1,0
4315073,Porto Vera Cruz,252.55,2009,Língua Portuguesa,0,0,0,263.54,0,0
4315107,Porto Xavier,257.56,2009,Língua Portuguesa,0,0,0,272.135,0,0
4315131,Pouso Novo,,2009,Língua Portuguesa,0,0,0,264.1375,0,0
4315149,Presidente Lucena,259.38,2009,Língua Portuguesa,1,0,0,286.67,0,0
4315156,Progresso,233.31,2009,Língua Portuguesa,0,0,0,247.5275,1,0
4315172,Protásio Alves,251.95,2009,Língua Portuguesa,0,0,0,264.3575,0,0
4315206,Putinga,235.07,2009,Língua Portuguesa,0,0,0,246.4325,1,0
4315305,Quaraí,237.14,2009,Língua Portuguesa,0,0,0,267.21500000000003,0,0
4315313,Quatro Irmãos,,2009,Língua Portuguesa,0,0,0,261.11,1,0
4315321,Quevedos,,2009,Língua Portuguesa,0,0,0,253.7125,1,0
4315354,Quinze de Novembro,246.7,2009,Língua Portuguesa,0,0,0,275.4375,0,0
4315404,Redentora,233.85,2009,Língua Portuguesa,0,0,0,250.36,1,0
4315453,Relvado,273.8,2009,Língua Portuguesa,0,0,0,281.5,0,0
4315503,Restinga Sêca,251.61,2009,Língua Portuguesa,1,0,0,266.78249999999997,0,0
4315552,Rio dos Índios,,2009,Língua Portuguesa,0,0,0,265.09000000000003,0,0
4315602,Rio Grande,248.97,2009,Língua Portuguesa,1,0,0,262.90749999999997,0,0
4315701,Rio Pardo,241.74,2009,Língua Portuguesa,0,0,0,261.53999999999996,1,0
4315750,Riozinho,269.78,2009,Língua Portuguesa,0,0,0,270.635,0,0
4315800,Roca Sales,272.05,2009,Língua Portuguesa,0,0,0,264.0675,0,0
4315909,Rodeio Bonito,256.51,2009,Língua Portuguesa,0,0,0,274.935,0,0
4315958,Rolador,,2009,Língua Portuguesa,0,0,0,280.1225,0,0
4316006,Rolante,252.62,2009,Língua Portuguesa,0,0,0,268.5775,0,0
4316105,Ronda Alta,272.51,2009,Língua Portuguesa,0,0,0,264.77,0,0
4316204,Rondinha,252.28,2009,Língua Portuguesa,0,0,0,265.72249999999997,0,0
4316303,Roque Gonzales,279.43,2009,Língua Portuguesa,0,0,0,277.695,0,0
4316402,Rosário do Sul,233.61,2009,Língua Portuguesa,0,0,0,243.51999999999998,1,0
4316428,Sagrada Família,243.75,2009,Língua Portuguesa,0,0,0,267.9,0,0
4316436,Saldanha Marinho,242.0,2009,Língua Portuguesa,0,0,0,292.145,0,0
4316451,Salto do Jacuí,232.07,2009,Língua Portuguesa,0,0,0,263.0675,0,0
4316477,Salvador das Missões,,2009,Língua Portuguesa,0,0,0,274.1075,0,0
4316501,Salvador do Sul,263.53,2009,Língua Portuguesa,1,0,0,295.6075,0,0
4316600,Sananduva,253.22,2009,Língua Portuguesa,0,0,0,278.63750000000005,0,0
4316709,Santa Bárbara do Sul,237.5,2009,Língua Portuguesa,0,0,0,249.405,1,0
4316733,Santa Cecília do Sul,250.03,2009,Língua Portuguesa,0,0,0,245.10500000000002,1,0
4316758,Santa Clara do Sul,273.92,2009,Língua Portuguesa,0,0,0,284.4125,0,0
4316808,Santa Cruz do Sul,256.77,2009,Língua Portuguesa,0,0,0,277.06,0,0
4316907,Santa Maria,257.2,2009,Língua Portuguesa,0,0,0,270.0075,0,0
4316956,Santa Maria do Herval,271.98,2009,Língua Portuguesa,1,0,0,290.365,0,0
4316972,Santa Margarida do Sul,,2009,Língua Portuguesa,0,0,0,252.86,1,0
4317004,Santana da Boa Vista,224.82,2009,Língua Portuguesa,0,0,0,240.97,1,0
4317103,Sant'Ana do Livramento,238.57,2009,Língua Portuguesa,0,0,0,250.275,1,0
4317202,Santa Rosa,252.0,2009,Língua Portuguesa,0,0,0,270.305,0,0
4317251,Santa Tereza,,2009,Língua Portuguesa,0,0,0,298.14,0,0
4317301,Santa Vitória do Palmar,240.36,2009,Língua Portuguesa,1,0,0,239.61,1,0
4317400,Santiago,250.28,2009,Língua Portuguesa,0,0,0,263.0475,0,0
4317509,Santo Ângelo,250.04,2009,Língua Portuguesa,0,0,0,260.2575,1,0
4317558,Santo Antônio do Palma,245.15,2009,Língua Portuguesa,0,0,0,267.3575,0,0
4317608,Santo Antônio da Patrulha,245.88,2009,Língua Portuguesa,0,0,0,267.955,0,0
4317707,Santo Antônio das Missões,247.61,2009,Língua Portuguesa,0,0,0,259.145,1,0
4317756,Santo Antônio do Planalto,249.15,2009,Língua Portuguesa,0,0,0,269.45000000000005,0,0
4317806,Santo Augusto,258.37,2009,Língua Portuguesa,0,0,0,262.945,0,0
4317905,Santo Cristo,260.93,2009,Língua Portuguesa,0,0,0,280.7475,0,0
4317954,Santo Expedito do Sul,285.23,2009,Língua Portuguesa,0,0,0,273.025,0,0
4318002,São Borja,239.21,2009,Língua Portuguesa,0,0,0,247.0775,1,0
4318051,São Domingos do Sul,275.22,2009,Língua Portuguesa,0,0,0,281.8975,0,0
4318101,São Francisco de Assis,236.36,2009,Língua Portuguesa,0,0,0,235.9175,1,0
4318200,São Francisco de Paula,244.99,2009,Língua Portuguesa,0,0,0,250.665,1,0
4318309,São Gabriel,237.48,2009,Língua Portuguesa,0,0,0,246.1925,1,0
4318408,São Jerônimo,252.04,2009,Língua Portuguesa,0,0,0,256.955,1,0
4318424,São João da Urtiga,241.66,2009,Língua Portuguesa,0,0,0,270.5125,0,0
4318432,São João do Polêsine,238.06,2009,Língua Portuguesa,0,0,0,286.72,0,0
4318440,São Jorge,262.3,2009,Língua Portuguesa,0,0,0,261.30499999999995,1,0
4318457,São José das Missões,,2009,Língua Portuguesa,0,0,0,269.15500000000003,0,0
4318465,São José do Herval,242.77,2009,Língua Portuguesa,0,0,0,275.05,0,0
4318481,São José do Hortêncio,256.11,2009,Língua Portuguesa,1,0,0,288.51750000000004,0,0
4318499,São José do Inhacorá,245.96,2009,Língua Portuguesa,0,0,0,,0,0
4318507,São José do Norte,232.22,2009,Língua Portuguesa,1,0,0,259.2975,1,0
4318606,São José do Ouro,246.84,2009,Língua Portuguesa,0,0,0,274.76,0,0
4318614,São José do Sul,272.64,2009,Língua Portuguesa,1,0,0,272.265,0,0
4318622,São José dos Ausentes,252.22,2009,Língua Portuguesa,0,0,0,251.92000000000002,1,0
4318705,São Leopoldo,257.14,2009,Língua Portuguesa,1,0,0,262.5125,0,0
4318804,São Lourenço do Sul,265.3,2009,Língua Portuguesa,1,0,0,278.795,0,0
4318903,São Luiz Gonzaga,250.03,2009,Língua Portuguesa,0,0,0,261.3875,1,0
4319000,São Marcos,252.39,2009,Língua Portuguesa,0,0,0,293.1125,0,0
4319109,São Martinho,254.3,2009,Língua Portuguesa,0,0,0,277.43,0,0
4319125,São Martinho da Serra,241.37,2009,Língua Portuguesa,0,0,0,,0,0
4319158,São Miguel das Missões,256.27,2009,Língua Portuguesa,0,0,0,269.61,0,0
4319208,São Nicolau,254.32,2009,Língua Portuguesa,0,0,0,254.625,1,0
4319307,São Paulo das Missões,255.54,2009,Língua Portuguesa,0,0,0,284.695,0,0
4319356,São Pedro da Serra,259.96,2009,Língua Portuguesa,1,0,0,273.54999999999995,0,0
4319364,São Pedro das Missões,270.42,2009,Língua Portuguesa,0,0,0,,0,0
4319372,São Pedro do Butiá,254.24,2009,Língua Portuguesa,0,0,0,291.7675,0,0
4319406,São Pedro do Sul,253.24,2009,Língua Portuguesa,0,0,0,264.2025,0,0
4319505,São Sebastião do Caí,266.62,2009,Língua Portuguesa,0,0,0,263.9225,0,0
4319604,São Sepé,245.49,2009,Língua Portuguesa,0,0,0,255.82750000000001,1,0
4319703,São Valentim,288.44,2009,Língua Portuguesa,0,0,0,269.0475,0,0
4319711,São Valentim do Sul,254.89,2009,Língua Portuguesa,0,0,0,290.6475,0,0
4319737,São Valério do Sul,,2009,Língua Portuguesa,0,0,0,245.83499999999998,1,0
4319752,São Vendelino,269.2,2009,Língua Portuguesa,1,0,0,290.555,0,0
4319802,São Vicente do Sul,243.25,2009,Língua Portuguesa,0,0,0,262.9875,0,0
4319901,Sapiranga,259.1,2009,Língua Portuguesa,1,0,0,277.77250000000004,0,0
4320008,Sapucaia do Sul,253.88,2009,Língua Portuguesa,0,0,0,268.925,0,0
4320107,Sarandi,260.18,2009,Língua Portuguesa,0,0,0,265.0,0,0
4320206,Seberi,266.55,2009,Língua Portuguesa,0,0,0,278.505,0,0
4320230,Sede Nova,,2009,Língua Portuguesa,0,0,0,276.6425,0,0
4320263,Segredo,,2009,Língua Portuguesa,1,0,0,270.01,0,0
4320305,Selbach,274.5,2009,Língua Portuguesa,0,0,0,287.625,0,0
4320321,Senador Salgado Filho,243.19,2009,Língua Portuguesa,0,0,0,268.28499999999997,0,0
4320354,Sentinela do Sul,252.78,2009,Língua Portuguesa,1,0,0,229.37,1,0
4320404,Serafina Corrêa,254.53,2009,Língua Portuguesa,0,0,0,279.6825,0,0
4320453,Sério,252.5,2009,Língua Portuguesa,0,0,0,260.0575,1,0
4320503,Sertão,257.34,2009,Língua Portuguesa,0,0,0,260.6175,1,0
4320552,Sertão Santana,239.46,2009,Língua Portuguesa,1,0,0,267.15999999999997,0,0
4320578,Sete de Setembro,255.81,2009,Língua Portuguesa,0,0,0,278.165,0,0
4320602,Severiano de Almeida,262.45,2009,Língua Portuguesa,0,0,0,292.7975,0,0
4320651,Silveira Martins,,2009,Língua Portuguesa,0,0,0,283.24,0,0
4320677,Sinimbu,262.17,2009,Língua Portuguesa,0,0,0,275.19,0,0
4320701,Sobradinho,259.45,2009,Língua Portuguesa,0,0,0,265.2925,0,0
4320800,Soledade,244.65,2009,Língua Portuguesa,0,0,0,256.075,1,0
4320859,Tabaí,268.43,2009,Língua Portuguesa,0,0,0,274.5875,0,0
4320909,Tapejara,252.79,2009,Língua Portuguesa,0,0,0,267.5675,0,0
4321006,Tapera,262.99,2009,Língua Portuguesa,0,0,0,264.74,0,0
4321105,Tapes,248.09,2009,Língua Portuguesa,0,0,0,259.66499999999996,1,0
4321204,Taquara,251.06,2009,Língua Portuguesa,1,0,0,254.595,1,0
4321303,Taquari,239.32,2009,Língua Portuguesa,1,0,0,258.84,1,0
4321329,Taquaruçu do Sul,266.32,2009,Língua Portuguesa,0,0,0,285.52,0,0
4321352,Tavares,234.44,2009,Língua Portuguesa,0,0,0,250.535,1,0
4321402,Tenente Portela,233.83,2009,Língua Portuguesa,0,0,0,253.49,1,0
4321436,Terra de Areia,253.58,2009,Língua Portuguesa,0,0,0,282.2875,0,0
4321451,Teutônia,258.27,2009,Língua Portuguesa,0,0,0,284.005,0,0
4321469,Tio Hugo,245.43,2009,Língua Portuguesa,0,0,0,272.2075,0,0
4321477,Tiradentes do Sul,235.45,2009,Língua Portuguesa,0,0,0,283.9075,0,0
4321493,Toropi,250.52,2009,Língua Portuguesa,0,0,0,242.08749999999998,1,0
4321501,Torres,253.37,2009,Língua Portuguesa,0,0,0,265.0675,0,0
4321600,Tramandaí,247.29,2009,Língua Portuguesa,0,0,0,271.6275,0,0
4321626,Travesseiro,252.63,2009,Língua Portuguesa,0,0,0,275.8225,0,0
4321634,Três Arroios,264.57,2009,Língua Portuguesa,0,0,0,293.435,0,0
4321667,Três Cachoeiras,268.02,2009,Língua Portuguesa,0,0,0,274.79,0,0
4321709,Três Coroas,263.33,2009,Língua Portuguesa,0,0,0,281.4075,0,0
4321808,Três de Maio,247.25,2009,Língua Portuguesa,0,0,0,264.6975,0,0
4321832,Três Forquilhas,245.98,2009,Língua Portuguesa,0,0,0,263.8075,0,0
4321857,Três Palmeiras,235.23,2009,Língua Portuguesa,0,0,0,265.375,0,0
4321907,Três Passos,256.96,2009,Língua Portuguesa,0,0,0,276.645,0,0
4321956,Trindade do Sul,255.19,2009,Língua Portuguesa,0,0,0,267.1225,0,0
4322004,Triunfo,245.08,2009,Língua Portuguesa,0,0,0,248.135,1,0
4322103,Tucunduva,248.59,2009,Língua Portuguesa,0,0,0,279.47749999999996,0,0
4322152,Tunas,236.05,2009,Língua Portuguesa,0,0,0,260.325,1,0
4322186,Tupanci do Sul,276.02,2009,Língua Portuguesa,0,0,0,294.8675,0,0
4322202,Tupanciretã,252.95,2009,Língua Portuguesa,0,0,0,261.90250000000003,0,0
4322251,Tupandi,271.43,2009,Língua Portuguesa,1,0,0,297.295,0,0
4322301,Tuparendi,257.43,2009,Língua Portuguesa,0,0,0,265.695,0,0
4322327,Turuçu,259.86,2009,Língua Portuguesa,1,0,0,283.5375,0,0
4322343,Ubiretama,242.01,2009,Língua Portuguesa,0,0,0,256.1475,1,0
4322350,União da Serra,,2009,Língua Portuguesa,0,0,0,267.9825,0,0
4322376,Unistalda,248.71,2009,Língua Portuguesa,0,0,0,285.225,0,0
4322400,Uruguaiana,240.92,2009,Língua Portuguesa,0,0,0,246.65,1,0
4322509,Vacaria,246.72,2009,Língua Portuguesa,0,0,0,264.72249999999997,0,0
4322525,Vale Verde,,2009,Língua Portuguesa,0,0,0,270.515,0,0
4322533,Vale do Sol,260.4,2009,Língua Portuguesa,0,0,0,270.97749999999996,0,0
4322541,Vale Real,267.53,2009,Língua Portuguesa,0,0,0,290.5575,0,0
4322558,Vanini,225.99,2009,Língua Portuguesa,0,0,0,293.3175,0,0
4322608,Venâncio Aires,253.89,2009,Língua Portuguesa,0,0,0,269.6225,0,0
4322707,Vera Cruz,243.6,2009,Língua Portuguesa,0,0,0,267.53,0,0
4322806,Veranópolis,262.93,2009,Língua Portuguesa,0,0,0,275.505,0,0
4322855,Vespasiano Corrêa,267.0,2009,Língua Portuguesa,1,0,0,279.6375,0,0
4322905,Viadutos,252.49,2009,Língua Portuguesa,0,0,0,283.3825,0,0
4323002,Viamão,236.57,2009,Língua Portuguesa,0,0,0,248.1,1,0
4323101,Vicente Dutra,237.85,2009,Língua Portuguesa,0,0,0,240.8075,1,0
4323200,Victor Graeff,249.23,2009,Língua Portuguesa,0,0,0,273.8225,0,0
4323309,Vila Flores,268.15,2009,Língua Portuguesa,0,0,0,284.625,0,0
4323358,Vila Lângaro,260.24,2009,Língua Portuguesa,0,0,0,279.46,0,0
4323408,Vila Maria,261.75,2009,Língua Portuguesa,0,0,0,263.60749999999996,0,0
4323457,Vila Nova do Sul,257.23,2009,Língua Portuguesa,0,0,0,244.41,1,0
4323507,Vista Alegre,234.29,2009,Língua Portuguesa,0,0,0,278.615,0,0
4323606,Vista Alegre do Prata,,2009,Língua Portuguesa,0,0,0,271.9225,0,0
4323705,Vista Gaúcha,,2009,Língua Portuguesa,0,0,0,264.475,0,0
4323754,Vitória das Missões,,2009,Língua Portuguesa,0,0,0,271.16,0,0
4323770,Westfália,253.81,2009,Língua Portuguesa,0,0,0,283.4925,0,0
4323804,Xangri-lá,256.05,2009,Língua Portuguesa,0,0,0,265.4425,0,0
4300034,Aceguá,,2011,Matemática,0,0,0,258.8025,1,0
4300059,Água Santa,249.6,2011,Matemática,0,0,0,273.90999999999997,0,0
4300109,Agudo,291.55,2011,Matemática,1,0,0,283.125,0,0
4300208,Ajuricaba,,2011,Matemática,0,0,0,282.4875,0,0
4300307,Alecrim,295.43,2011,Matemática,0,0,0,270.22,0,0
4300406,Alegrete,248.13,2011,Matemática,0,0,0,255.27499999999998,1,0
4300455,Alegria,261.3,2011,Matemática,0,0,0,248.785,1,0
4300471,Almirante Tamandaré do Sul,251.25,2011,Matemática,0,0,0,263.03499999999997,0,0
4300505,Alpestre,260.66,2011,Matemática,0,0,0,253.365,1,0
4300554,Alto Alegre,256.56,2011,Matemática,0,0,0,268.0275,0,0
4300570,Alto Feliz,281.6,2011,Matemática,1,0,0,272.85,0,0
4300604,Alvorada,241.67,2011,Matemática,0,0,0,249.875,1,0
4300638,Amaral Ferrador,232.42,2011,Matemática,0,0,0,243.3175,1,0
4300646,Ametista do Sul,249.55,2011,Matemática,0,0,0,260.3375,1,0
4300661,André da Rocha,,2011,Matemática,0,0,0,,0,0
4300703,Anta Gorda,278.6,2011,Matemática,0,0,0,275.6625,0,0
4300802,Antônio Prado,269.24,2011,Matemática,0,0,0,278.4175,0,0
4300851,Arambaré,252.04,2011,Matemática,0,0,0,261.385,1,0
4300877,Araricá,267.93,2011,Matemática,1,0,0,267.5125,0,0
4300901,Aratiba,281.34,2011,Matemática,0,0,0,272.885,0,0
4301008,Arroio do Meio,282.79,2011,Matemática,0,0,0,278.38,0,0
4301057,Arroio do Sal,265.62,2011,Matemática,0,0,0,259.7175,1,0
4301073,Arroio do Padre,272.28,2011,Matemática,0,0,0,276.6875,0,0
4301107,Arroio dos Ratos,259.51,2011,Matemática,0,0,0,258.9475,1,0
4301206,Arroio do Tigre,258.85,2011,Matemática,1,0,0,273.1425,0,0
4301305,Arroio Grande,242.95,2011,Matemática,1,0,0,252.03,1,0
4301404,Arvorezinha,253.25,2011,Matemática,0,0,0,254.0325,1,0
4301503,Augusto Pestana,295.17,2011,Matemática,0,0,0,287.62,0,0
4301552,Áurea,,2011,Matemática,0,0,0,287.3,0,0
4301602,Bagé,248.49,2011,Matemática,0,0,0,259.52750000000003,1,0
4301636,Balneário Pinhal,244.48,2011,Matemática,0,0,0,248.6575,1,0
4301651,Barão,257.35,2011,Matemática,1,0,0,286.47749999999996,0,0
4301701,Barão de Cotegipe,273.5,2011,Matemática,0,0,0,261.39,1,0
4301750,Barão do Triunfo,239.03,2011,Matemática,0,0,0,247.54500000000002,1,0
4301800,Barracão,250.52,2011,Matemática,0,0,0,260.42,1,0
4301859,Barra do Guarita,239.69,2011,Matemática,0,0,0,245.8625,1,0
4301875,Barra do Quaraí,247.12,2011,Matemática,0,0,0,246.0125,1,0
4301909,Barra do Ribeiro,250.57,2011,Matemática,0,0,0,248.1525,1,0
4301925,Barra do Rio Azul,,2011,Matemática,0,0,0,291.45500000000004,0,0
4301958,Barra Funda,255.59,2011,Matemática,0,0,0,280.58500000000004,0,0
4302006,Barros Cassal,244.34,2011,Matemática,0,0,0,242.02249999999998,1,0
4302055,Benjamin Constant do Sul,,2011,Matemática,0,0,0,250.905,1,0
4302105,Bento Gonçalves,273.1,2011,Matemática,0,0,0,278.49,0,0
4302154,Boa Vista das Missões,256.26,2011,Matemática,0,0,0,272.745,0,0
4302204,Boa Vista do Buricá,294.78,2011,Matemática,0,0,0,283.9475,0,0
4302220,Boa Vista do Cadeado,,2011,Matemática,0,0,0,232.07,1,0
4302238,Boa Vista do Incra,235.57,2011,Matemática,0,0,0,263.09000000000003,0,0
4302253,Boa Vista do Sul,,2011,Matemática,0,0,0,276.225,0,0
4302303,Bom Jesus,252.59,2011,Matemática,0,0,0,262.40999999999997,0,0
4302352,Bom Princípio,295.28,2011,Matemática,1,0,0,294.6,0,0
4302378,Bom Progresso,242.02,2011,Matemática,0,0,0,272.47,0,0
4302402,Bom Retiro do Sul,267.3,2011,Matemática,1,0,0,279.4075,0,0
4302451,Boqueirão do Leão,275.32,2011,Matemática,0,0,0,260.3675,1,0
4302501,Bossoroca,238.4,2011,Matemática,0,0,0,250.0275,1,0
4302584,Bozano,,2011,Matemática,0,0,0,283.14,0,0
4302600,Braga,258.54,2011,Matemática,0,0,0,266.14,0,0
4302659,Brochier,311.4,2011,Matemática,1,0,0,317.675,0,0
4302709,Butiá,261.22,2011,Matemática,1,0,0,227.42000000000002,1,0
4302808,Caçapava do Sul,244.15,2011,Matemática,0,0,0,254.54250000000002,1,0
4302907,Cacequi,228.69,2011,Matemática,0,0,0,243.95499999999998,1,0
4303004,Cachoeira do Sul,262.91,2011,Matemática,1,0,0,259.44,1,0
4303103,Cachoeirinha,250.39,2011,Matemática,0,0,0,254.6925,1,0
4303202,Cacique Doble,269.65,2011,Matemática,0,0,0,268.835,0,0
4303301,Caibaté,266.36,2011,Matemática,0,0,0,253.8675,1,0
4303400,Caiçara,284.28,2011,Matemática,0,0,0,263.9725,0,0
4303509,Camaquã,257.15,2011,Matemática,1,0,0,257.87,1,0
4303558,Camargo,274.48,2011,Matemática,0,0,0,277.94500000000005,0,0
4303608,Cambará do Sul,239.25,2011,Matemática,0,0,0,253.89499999999998,1,0
4303673,Campestre da Serra,287.74,2011,Matemática,0,0,0,280.15999999999997,0,0
4303707,Campina das Missões,278.8,2011,Matemática,0,0,0,276.8675,0,0
4303806,Campinas do Sul,289.2,2011,Matemática,0,0,0,287.3275,0,0
4303905,Campo Bom,276.4,2011,Matemática,1,0,0,277.98,0,0
4304002,Campo Novo,228.96,2011,Matemática,0,0,0,250.65,1,0
4304101,Campos Borges,250.49,2011,Matemática,0,0,0,248.02749999999997,1,0
4304200,Candelária,249.04,2011,Matemática,0,0,0,257.2225,1,0
4304309,Cândido Godói,283.42,2011,Matemática,0,0,0,277.0475,0,0
4304358,Candiota,232.8,2011,Matemática,0,0,0,256.425,1,0
4304408,Canela,251.39,2011,Matemática,0,0,0,265.1925,0,0
4304507,Canguçu,269.83,2011,Matemática,0,0,0,286.52250000000004,0,0
4304606,Canoas,257.48,2011,Matemática,1,0,0,262.84000000000003,0,0
4304614,Canudos do Vale,253.44,2011,Matemática,0,0,0,261.0825,1,0
4304622,Capão Bonito do Sul,248.73,2011,Matemática,0,0,0,252.98250000000002,1,0
4304630,Capão da Canoa,254.77,2011,Matemática,0,0,0,264.2625,0,0
4304655,Capão do Cipó,236.2,2011,Matemática,0,0,0,260.1325,1,0
4304663,Capão do Leão,259.05,2011,Matemática,1,0,0,257.65,1,0
4304671,Capivari do Sul,274.22,2011,Matemática,0,0,0,265.8975,0,0
4304689,Capela de Santana,263.24,2011,Matemática,1,0,0,260.0325,1,0
4304697,Capitão,276.51,2011,Matemática,0,0,0,275.08000000000004,0,0
4304705,Carazinho,257.31,2011,Matemática,0,0,0,258.59749999999997,1,0
4304713,Caraá,269.51,2011,Matemática,0,0,0,223.9,1,0
4304804,Carlos Barbosa,282.03,2011,Matemática,0,0,0,285.27,0,0
4304903,Casca,270.75,2011,Matemática,0,0,0,270.7,0,0
4304952,Caseiros,265.49,2011,Matemática,0,0,0,258.97,1,0
4305009,Catuípe,273.45,2011,Matemática,0,0,0,271.6225,0,0
4305108,Caxias do Sul,268.78,2011,Matemática,1,0,0,268.43,0,0
4305116,Centenário,264.13,2011,Matemática,0,0,0,286.9775,0,0
4305124,Cerrito,266.73,2011,Matemática,0,0,0,267.835,0,0
4305132,Cerro Branco,261.5,2011,Matemática,0,0,0,271.105,0,0
4305157,Cerro Grande,,2011,Matemática,0,0,0,279.815,0,0
4305173,Cerro Grande do Sul,256.89,2011,Matemática,1,0,0,264.0375,0,0
4305207,Cerro Largo,285.21,2011,Matemática,0,0,0,286.55,0,0
4305306,Chapada,269.2,2011,Matemática,0,0,0,270.98249999999996,0,0
4305355,Charqueadas,254.23,2011,Matemática,0,0,0,261.0675,1,0
4305371,Charrua,262.55,2011,Matemática,0,0,0,275.225,0,0
4305405,Chiapetta,255.35,2011,Matemática,0,0,0,261.68,1,0
4305439,Chuí,251.06,2011,Matemática,1,0,0,,0,0
4305447,Chuvisca,,2011,Matemática,1,0,0,260.015,1,0
4305454,Cidreira,252.29,2011,Matemática,0,0,0,258.90999999999997,1,0
4305504,Ciríaco,257.25,2011,Matemática,0,0,0,256.21250000000003,1,0
4305587,Colinas,,2011,Matemática,0,0,0,288.32,0,0
4305603,Colorado,229.72,2011,Matemática,0,0,0,291.46000000000004,0,0
4305702,Condor,270.34,2011,Matemática,0,0,0,268.6075,0,0
4305801,Constantina,267.83,2011,Matemática,0,0,0,268.3375,0,0
4305835,Coqueiro Baixo,288.12,2011,Matemática,0,0,0,296.775,0,0
4305850,Coqueiros do Sul,,2011,Matemática,0,0,0,235.36,1,0
4305871,Coronel Barros,270.17,2011,Matemática,0,0,0,287.375,0,0
4305900,Coronel Bicaco,233.69,2011,Matemática,0,0,0,251.2725,1,0
4305934,Coronel Pilar,,2011,Matemática,0,0,0,274.95500000000004,0,0
4305959,Cotiporã,278.1,2011,Matemática,0,0,0,279.155,0,0
4305975,Coxilha,242.87,2011,Matemática,0,0,0,262.2375,0,0
4306007,Crissiumal,267.58,2011,Matemática,0,0,0,277.26,0,0
4306056,Cristal,274.07,2011,Matemática,0,0,0,262.325,0,0
4306072,Cristal do Sul,,2011,Matemática,0,0,0,239.67000000000002,1,0
4306106,Cruz Alta,248.33,2011,Matemática,0,0,0,255.2525,1,0
4306130,Cruzaltense,278.61,2011,Matemática,0,0,0,287.585,0,0
4306205,Cruzeiro do Sul,270.88,2011,Matemática,1,0,0,264.855,0,0
4306304,David Canabarro,270.79,2011,Matemática,0,0,0,268.75,0,0
4306320,Derrubadas,265.13,2011,Matemática,0,0,0,286.65999999999997,0,0
4306353,Dezesseis de Novembro,,2011,Matemática,0,0,0,257.25250000000005,1,0
4306379,Dilermando de Aguiar,,2011,Matemática,0,0,0,,0,0
4306403,Dois Irmãos,283.82,2011,Matemática,1,0,0,281.48,0,0
4306429,Dois Irmãos das Missões,,2011,Matemática,0,0,0,,0,0
4306452,Dois Lajeados,289.98,2011,Matemática,0,0,0,296.695,0,0
4306502,Dom Feliciano,259.59,2011,Matemática,1,0,0,267.5075,0,0
4306551,Dom Pedro de Alcântara,253.11,2011,Matemática,0,0,0,269.84,0,0
4306601,Dom Pedrito,246.53,2011,Matemática,0,0,0,249.8275,1,0
4306700,Dona Francisca,267.03,2011,Matemática,1,0,0,274.475,0,0
4306734,Doutor Maurício Cardoso,262.06,2011,Matemática,0,0,0,261.805,0,0
4306759,Doutor Ricardo,,2011,Matemática,0,0,0,,0,0
4306767,Eldorado do Sul,256.2,2011,Matemática,0,0,0,259.9975,1,0
4306809,Encantado,279.53,2011,Matemática,0,0,0,280.855,0,0
4306908,Encruzilhada do Sul,254.57,2011,Matemática,0,0,0,256.9325,1,0
4306924,Engenho Velho,241.95,2011,Matemática,0,0,0,227.77,1,0
4306932,Entre-Ijuís,257.59,2011,Matemática,0,0,0,262.28499999999997,0,0
4306957,Entre Rios do Sul,254.45,2011,Matemática,0,0,0,291.59000000000003,0,0
4306973,Erebango,265.99,2011,Matemática,0,0,0,266.5475,0,0
4307005,Erechim,274.01,2011,Matemática,0,0,0,276.5175,0,0
4307054,Ernestina,248.02,2011,Matemática,0,0,0,262.69,0,0
4307104,Herval,215.05,2011,Matemática,0,0,0,258.245,1,0
4307203,Erval Grande,269.0,2011,Matemática,0,0,0,262.9125,0,0
4307302,Erval Seco,252.3,2011,Matemática,0,0,0,271.1925,0,0
4307401,Esmeralda,220.97,2011,Matemática,0,0,0,255.6775,1,0
4307450,Esperança do Sul,257.32,2011,Matemática,0,0,0,249.405,1,0
4307500,Espumoso,280.16,2011,Matemática,0,0,0,274.885,0,0
4307559,Estação,272.49,2011,Matemática,0,0,0,269.89,0,0
4307609,Estância Velha,266.88,2011,Matemática,1,0,0,271.89,0,0
4307708,Esteio,256.15,2011,Matemática,0,0,0,255.48250000000002,1,0
4307807,Estrela,280.0,2011,Matemática,1,0,0,272.0675,0,0
4307815,Estrela Velha,256.59,2011,Matemática,1,0,0,259.7125,1,0
4307831,Eugênio de Castro,,2011,Matemática,0,0,0,275.15250000000003,0,0
4307864,Fagundes Varela,270.31,2011,Matemática,0,0,0,262.72249999999997,0,0
4307906,Farroupilha,281.3,2011,Matemática,0,0,0,289.96500000000003,0,0
4308003,Faxinal do Soturno,268.41,2011,Matemática,0,0,0,270.95,0,0
4308052,Faxinalzinho,253.97,2011,Matemática,0,0,0,238.07999999999998,1,0
4308078,Fazenda Vilanova,281.51,2011,Matemática,0,0,0,266.7075,0,0
4308102,Feliz,309.78,2011,Matemática,1,0,0,292.92,0,0
4308201,Flores da Cunha,292.79,2011,Matemática,0,0,0,287.8225,0,0
4308250,Floriano Peixoto,268.47,2011,Matemática,0,0,0,289.125,0,0
4308300,Fontoura Xavier,253.78,2011,Matemática,0,0,0,256.0175,1,0
4308409,Formigueiro,253.33,2011,Matemática,0,0,0,247.4175,1,0
4308433,Forquetinha,248.98,2011,Matemática,1,0,0,258.475,1,0
4308458,Fortaleza dos Valos,278.03,2011,Matemática,0,0,0,260.8175,1,0
4308508,Frederico Westphalen,283.1,2011,Matemática,0,0,0,281.63,0,0
4308607,Garibaldi,276.26,2011,Matemática,0,0,0,277.8825,0,0
4308656,Garruchos,268.76,2011,Matemática,0,0,0,263.995,0,0
4308706,Gaurama,277.48,2011,Matemática,0,0,0,277.07,0,0
4308805,General Câmara,273.23,2011,Matemática,0,0,0,238.71249999999998,1,0
4308854,Gentil,,2011,Matemática,0,0,0,276.245,0,0
4308904,Getúlio Vargas,266.02,2011,Matemática,0,0,0,269.7425,0,0
4309001,Giruá,269.55,2011,Matemática,0,0,0,252.3975,1,0
4309050,Glorinha,234.7,2011,Matemática,0,0,0,260.4,1,0
4309100,Gramado,283.15,2011,Matemática,1,0,0,273.725,0,0
4309126,Gramado dos Loureiros,,2011,Matemática,0,0,0,287.33500000000004,0,0
4309159,Gramado Xavier,237.28,2011,Matemática,0,0,0,262.23,0,0
4309209,Gravataí,252.3,2011,Matemática,0,0,0,258.17,1,0
4309258,Guabiju,290.59,2011,Matemática,0,0,0,295.995,0,0
4309308,Guaíba,256.36,2011,Matemática,0,0,0,259.62,1,0
4309407,Guaporé,265.01,2011,Matemática,0,0,0,270.3025,0,0
4309506,Guarani das Missões,258.44,2011,Matemática,0,0,0,260.4675,1,0
4309555,Harmonia,316.1,2011,Matemática,1,0,0,289.6925,0,0
4309571,Herveiras,242.73,2011,Matemática,0,0,0,,0,0
4309605,Horizontina,263.78,2011,Matemática,0,0,0,275.78999999999996,0,0
4309654,Hulha Negra,254.44,2011,Matemática,0,0,0,243.965,1,0
4309704,Humaitá,296.2,2011,Matemática,0,0,0,269.4625,0,0
4309753,Ibarama,,2011,Matemática,1,0,0,266.0775,0,0
4309803,Ibiaçá,255.86,2011,Matemática,0,0,0,268.3,0,0
4309902,Ibiraiaras,278.55,2011,Matemática,0,0,0,277.61,0,0
4309951,Ibirapuitã,246.07,2011,Matemática,0,0,0,259.635,1,0
4310009,Ibirubá,266.29,2011,Matemática,0,0,0,284.3225,0,0
4310108,Igrejinha,277.88,2011,Matemática,1,0,0,280.45500000000004,0,0
4310207,Ijuí,262.53,2011,Matemática,0,0,0,276.125,0,0
4310306,Ilópolis,245.11,2011,Matemática,0,0,0,274.415,0,0
4310330,Imbé,261.88,2011,Matemática,0,0,0,265.9125,0,0
4310363,Imigrante,,2011,Matemática,0,0,0,314.095,0,0
4310405,Independência,274.47,2011,Matemática,0,0,0,270.01,0,0
4310413,Inhacorá,236.81,2011,Matemática,0,0,0,241.72,1,0
4310439,Ipê,270.88,2011,Matemática,0,0,0,278.12,0,0
4310462,Ipiranga do Sul,237.3,2011,Matemática,0,0,0,273.4625,0,0
4310504,Iraí,256.45,2011,Matemática,0,0,0,278.305,0,0
4310538,Itaara,245.44,2011,Matemática,0,0,0,270.71500000000003,0,0
4310553,Itacurubi,224.63,2011,Matemática,0,0,0,248.8,1,0
4310579,Itapuca,,2011,Matemática,0,0,0,261.815,0,0
4310603,Itaqui,246.25,2011,Matemática,0,0,0,250.2475,1,0
4310652,Itati,259.87,2011,Matemática,0,0,0,277.8825,0,0
4310702,Itatiba do Sul,263.56,2011,Matemática,0,0,0,281.985,0,0
4310751,Ivorá,256.59,2011,Matemática,0,0,0,257.36,1,0
4310801,Ivoti,280.92,2011,Matemática,1,0,0,290.4175,0,0
4310850,Jaboticaba,266.9,2011,Matemática,0,0,0,270.905,0,0
4310876,Jacuizinho,,2011,Matemática,0,0,0,230.04,1,0
4310900,Jacutinga,278.87,2011,Matemática,0,0,0,288.6225,0,0
4311007,Jaguarão,249.46,2011,Matemática,0,0,0,266.1075,0,0
4311106,Jaguari,270.67,2011,Matemática,0,0,0,275.045,0,0
4311122,Jaquirana,228.1,2011,Matemática,0,0,0,242.95,1,0
4311130,Jari,262.97,2011,Matemática,0,0,0,263.505,0,0
4311155,Jóia,271.75,2011,Matemática,0,0,0,269.4425,0,0
4311205,Júlio de Castilhos,271.3,2011,Matemática,0,0,0,262.755,0,0
4311239,Lagoa Bonita do Sul,274.99,2011,Matemática,0,0,0,245.8575,1,0
4311254,Lagoão,239.75,2011,Matemática,0,0,0,265.555,0,0
4311270,Lagoa dos Três Cantos,,2011,Matemática,0,0,0,278.515,0,0
4311304,Lagoa Vermelha,261.64,2011,Matemática,0,0,0,258.63,1,0
4311403,Lajeado,266.75,2011,Matemática,1,0,0,276.10249999999996,0,0
4311429,Lajeado do Bugre,212.28,2011,Matemática,0,0,0,,0,0
4311502,Lavras do Sul,232.05,2011,Matemática,0,0,0,254.60250000000002,1,0
4311601,Liberato Salzano,,2011,Matemática,0,0,0,265.94,0,0
4311627,Lindolfo Collor,245.27,2011,Matemática,0,0,0,281.4275,0,0
4311643,Linha Nova,,2011,Matemática,1,0,0,286.825,0,0
4311700,Machadinho,269.41,2011,Matemática,0,0,0,260.32,1,0
4311718,Maçambará,226.06,2011,Matemática,0,0,0,232.3275,1,0
4311734,Mampituba,268.49,2011,Matemática,0,0,0,271.475,0,0
4311759,Manoel Viana,266.26,2011,Matemática,0,0,0,253.1625,1,0
4311775,Maquiné,265.56,2011,Matemática,0,0,0,261.61,1,0
4311791,Maratá,,2011,Matemática,0,0,0,279.76,0,0
4311809,Marau,259.21,2011,Matemática,0,0,0,265.78,0,0
4311908,Marcelino Ramos,281.12,2011,Matemática,0,0,0,244.51999999999998,1,0
4311981,Mariana Pimentel,,2011,Matemática,0,0,0,261.555,1,0
4312005,Mariano Moro,246.49,2011,Matemática,0,0,0,237.0475,1,0
4312054,Marques de Souza,,2011,Matemática,0,0,0,283.3525,0,0
4312104,Mata,230.45,2011,Matemática,0,0,0,262.84250000000003,0,0
4312138,Mato Castelhano,235.31,2011,Matemática,0,0,0,232.94,1,0
4312153,Mato Leitão,296.82,2011,Matemática,0,0,0,283.765,0,0
4312179,Mato Queimado,,2011,Matemática,0,0,0,284.9875,0,0
4312203,Maximiliano de Almeida,274.95,2011,Matemática,0,0,0,264.61,0,0
4312252,Minas do Leão,259.08,2011,Matemática,1,0,0,256.20500000000004,1,0
4312302,Miraguaí,243.17,2011,Matemática,0,0,0,251.9525,1,0
4312351,Montauri,282.57,2011,Matemática,0,0,0,300.265,0,0
4312377,Monte Alegre dos Campos,248.96,2011,Matemática,0,0,0,244.48250000000002,1,0
4312385,Monte Belo do Sul,275.84,2011,Matemática,0,0,0,282.6375,0,0
4312401,Montenegro,259.16,2011,Matemática,1,0,0,261.1775,1,0
4312427,Mormaço,,2011,Matemática,0,0,0,259.805,1,0
4312443,Morrinhos do Sul,254.18,2011,Matemática,0,0,0,286.285,0,0
4312450,Morro Redondo,266.28,2011,Matemática,0,0,0,270.59000000000003,0,0
4312476,Morro Reuter,266.48,2011,Matemática,1,0,0,287.4925,0,0
4312500,Mostardas,255.86,2011,Matemática,0,0,0,251.8225,1,0
4312609,Muçum,255.27,2011,Matemática,0,0,0,268.775,0,0
4312617,Muitos Capões,242.62,2011,Matemática,0,0,0,260.4375,1,0
4312625,Muliterno,280.45,2011,Matemática,0,0,0,261.045,1,0
4312658,Não-Me-Toque,271.16,2011,Matemática,0,0,0,260.67,1,0
4312674,Nicolau Vergueiro,268.3,2011,Matemática,0,0,0,246.98,1,0
4312708,Nonoai,256.8,2011,Matemática,0,0,0,269.1175,0,0
4312757,Nova Alvorada,289.23,2011,Matemática,0,0,0,281.76,0,0
4312807,Nova Araçá,262.79,2011,Matemática,0,0,0,274.5925,0,0
4312906,Nova Bassano,263.19,2011,Matemática,0,0,0,266.2675,0,0
4312955,Nova Boa Vista,,2011,Matemática,0,0,0,276.22249999999997,0,0
4313003,Nova Bréscia,285.34,2011,Matemática,0,0,0,269.0575,0,0
4313011,Nova Candelária,298.1,2011,Matemática,0,0,0,284.65999999999997,0,0
4313037,Nova Esperança do Sul,256.94,2011,Matemática,0,0,0,253.46,1,0
4313060,Nova Hartz,254.46,2011,Matemática,1,0,0,269.175,0,0
4313086,Nova Pádua,272.51,2011,Matemática,0,0,0,262.9375,0,0
4313102,Nova Palma,281.99,2011,Matemática,0,0,0,264.4275,0,0
4313201,Nova Petrópolis,285.48,2011,Matemática,0,0,0,295.1225,0,0
4313300,Nova Prata,281.62,2011,Matemática,0,0,0,272.12,0,0
4313334,Nova Ramada,,2011,Matemática,0,0,0,,0,0
4313359,Nova Roma do Sul,287.44,2011,Matemática,0,0,0,282.83500000000004,0,0
4313375,Nova Santa Rita,251.24,2011,Matemática,0,0,0,263.56,0,0
4313391,Novo Cabrais,,2011,Matemática,0,0,0,,0,0
4313409,Novo Hamburgo,262.09,2011,Matemática,1,0,0,262.5975,0,0
4313425,Novo Machado,262.33,2011,Matemática,0,0,0,273.24,0,0
4313441,Novo Tiradentes,252.87,2011,Matemática,0,0,0,,0,0
4313466,Novo Xingu,,2011,Matemática,0,0,0,264.58000000000004,0,0
4313490,Novo Barreiro,233.36,2011,Matemática,0,0,0,245.58499999999998,1,0
4313508,Osório,263.52,2011,Matemática,0,0,0,270.8225,0,0
4313607,Paim Filho,257.35,2011,Matemática,0,0,0,254.39,1,0
4313656,Palmares do Sul,255.14,2011,Matemática,0,0,0,248.7225,1,0
4313706,Palmeira das Missões,253.89,2011,Matemática,0,0,0,256.305,1,0
4313805,Palmitinho,279.92,2011,Matemática,0,0,0,269.9325,0,0
4313904,Panambi,270.27,2011,Matemática,0,0,0,276.56,0,0
4313953,Pantano Grande,237.45,2011,Matemática,0,0,0,246.0575,1,0
4314001,Paraí,270.26,2011,Matemática,0,0,0,279.74,0,0
4314027,Paraíso do Sul,268.06,2011,Matemática,1,0,0,270.52250000000004,0,0
4314035,Pareci Novo,298.89,2011,Matemática,1,0,0,283.0425,0,0
4314050,Parobé,261.19,2011,Matemática,1,0,0,267.53999999999996,0,0
4314068,Passa Sete,,2011,Matemática,0,0,0,273.87,0,0
4314076,Passo do Sobrado,,2011,Matemática,0,0,0,267.4075,0,0
4314100,Passo Fundo,254.28,2011,Matemática,0,0,0,257.48,1,0
4314134,Paulo Bento,267.45,2011,Matemática,0,0,0,274.035,0,0
4314159,Paverama,263.21,2011,Matemática,0,0,0,258.2,1,0
4314175,Pedras Altas,,2011,Matemática,0,0,0,,0,0
4314209,Pedro Osório,254.19,2011,Matemática,0,0,0,243.815,1,0
4314308,Pejuçara,273.5,2011,Matemática,0,0,0,274.65250000000003,0,0
4314407,Pelotas,252.76,2011,Matemática,1,0,0,264.845,0,0
4314423,Picada Café,298.61,2011,Matemática,0,0,0,294.65999999999997,0,0
4314456,Pinhal,245.22,2011,Matemática,0,0,0,269.0825,0,0
4314464,Pinhal da Serra,256.48,2011,Matemática,0,0,0,271.9825,0,0
4314472,Pinhal Grande,274.73,2011,Matemática,0,0,0,276.085,0,0
4314498,Pinheirinho do Vale,295.28,2011,Matemática,0,0,0,278.35,0,0
4314506,Pinheiro Machado,259.89,2011,Matemática,0,0,0,261.7125,1,0
4314548,Pinto Bandeira,,2011,Matemática,0,0,0,275.36,0,0
4314555,Pirapó,,2011,Matemática,0,0,0,263.7625,0,0
4314605,Piratini,236.81,2011,Matemática,0,0,0,256.49,1,0
4314704,Planalto,253.72,2011,Matemática,0,0,0,264.48,0,0
4314753,Poço das Antas,,2011,Matemática,1,0,0,276.18,0,0
4314779,Pontão,238.44,2011,Matemática,0,0,0,272.495,0,0
4314787,Ponte Preta,282.49,2011,Matemática,0,0,0,269.605,0,0
4314803,Portão,282.81,2011,Matemática,1,0,0,280.7,0,0
4314902,Porto Alegre,251.45,2011,Matemática,1,0,0,253.5,1,0
4315008,Porto Lucena,277.32,2011,Matemática,0,0,0,265.32,0,0
4315057,Porto Mauá,254.64,2011,Matemática,0,0,0,254.38,1,0
4315073,Porto Vera Cruz,255.45,2011,Matemática,0,0,0,263.54,0,0
4315107,Porto Xavier,271.45,2011,Matemática,0,0,0,272.135,0,0
4315131,Pouso Novo,,2011,Matemática,0,0,0,264.1375,0,0
4315149,Presidente Lucena,288.17,2011,Matemática,1,0,0,286.67,0,0
4315156,Progresso,254.14,2011,Matemática,0,0,0,247.5275,1,0
4315172,Protásio Alves,278.64,2011,Matemática,0,0,0,264.3575,0,0
4315206,Putinga,262.57,2011,Matemática,0,0,0,246.4325,1,0
4315305,Quaraí,256.69,2011,Matemática,0,0,0,267.21500000000003,0,0
4315313,Quatro Irmãos,,2011,Matemática,0,0,0,261.11,1,0
4315321,Quevedos,,2011,Matemática,0,0,0,253.7125,1,0
4315354,Quinze de Novembro,244.51,2011,Matemática,0,0,0,275.4375,0,0
4315404,Redentora,237.39,2011,Matemática,0,0,0,250.36,1,0
4315453,Relvado,282.99,2011,Matemática,0,0,0,281.5,0,0
4315503,Restinga Sêca,278.42,2011,Matemática,1,0,0,266.78249999999997,0,0
4315552,Rio dos Índios,258.63,2011,Matemática,0,0,0,265.09000000000003,0,0
4315602,Rio Grande,254.43,2011,Matemática,1,0,0,262.90749999999997,0,0
4315701,Rio Pardo,257.71,2011,Matemática,0,0,0,261.53999999999996,1,0
4315750,Riozinho,270.11,2011,Matemática,0,0,0,270.635,0,0
4315800,Roca Sales,260.34,2011,Matemática,0,0,0,264.0675,0,0
4315909,Rodeio Bonito,264.12,2011,Matemática,0,0,0,274.935,0,0
4315958,Rolador,,2011,Matemática,0,0,0,280.1225,0,0
4316006,Rolante,262.36,2011,Matemática,0,0,0,268.5775,0,0
4316105,Ronda Alta,273.46,2011,Matemática,0,0,0,264.77,0,0
4316204,Rondinha,263.51,2011,Matemática,0,0,0,265.72249999999997,0,0
4316303,Roque Gonzales,295.06,2011,Matemática,0,0,0,277.695,0,0
4316402,Rosário do Sul,234.75,2011,Matemática,0,0,0,243.51999999999998,1,0
4316428,Sagrada Família,251.38,2011,Matemática,0,0,0,267.9,0,0
4316436,Saldanha Marinho,,2011,Matemática,0,0,0,292.145,0,0
4316451,Salto do Jacuí,265.05,2011,Matemática,0,0,0,263.0675,0,0
4316477,Salvador das Missões,,2011,Matemática,0,0,0,274.1075,0,0
4316501,Salvador do Sul,285.02,2011,Matemática,1,0,0,295.6075,0,0
4316600,Sananduva,264.26,2011,Matemática,0,0,0,278.63750000000005,0,0
4316709,Santa Bárbara do Sul,246.78,2011,Matemática,0,0,0,249.405,1,0
4316733,Santa Cecília do Sul,,2011,Matemática,0,0,0,245.10500000000002,1,0
4316758,Santa Clara do Sul,293.65,2011,Matemática,0,0,0,284.4125,0,0
4316808,Santa Cruz do Sul,272.91,2011,Matemática,0,0,0,277.06,0,0
4316907,Santa Maria,261.65,2011,Matemática,0,0,0,270.0075,0,0
4316956,Santa Maria do Herval,300.66,2011,Matemática,1,0,0,290.365,0,0
4316972,Santa Margarida do Sul,,2011,Matemática,0,0,0,252.86,1,0
4317004,Santana da Boa Vista,236.51,2011,Matemática,0,0,0,240.97,1,0
4317103,Sant'Ana do Livramento,242.05,2011,Matemática,0,0,0,250.275,1,0
4317202,Santa Rosa,258.13,2011,Matemática,0,0,0,270.305,0,0
4317251,Santa Tereza,294.47,2011,Matemática,0,0,0,298.14,0,0
4317301,Santa Vitória do Palmar,255.3,2011,Matemática,1,0,0,239.61,1,0
4317400,Santiago,260.78,2011,Matemática,0,0,0,263.0475,0,0
4317509,Santo Ângelo,258.69,2011,Matemática,0,0,0,260.2575,1,0
4317558,Santo Antônio do Palma,283.6,2011,Matemática,0,0,0,267.3575,0,0
4317608,Santo Antônio da Patrulha,251.35,2011,Matemática,0,0,0,267.955,0,0
4317707,Santo Antônio das Missões,255.09,2011,Matemática,0,0,0,259.145,1,0
4317756,Santo Antônio do Planalto,279.66,2011,Matemática,0,0,0,269.45000000000005,0,0
4317806,Santo Augusto,259.83,2011,Matemática,0,0,0,262.945,0,0
4317905,Santo Cristo,274.87,2011,Matemática,0,0,0,280.7475,0,0
4317954,Santo Expedito do Sul,,2011,Matemática,0,0,0,273.025,0,0
4318002,São Borja,240.05,2011,Matemática,0,0,0,247.0775,1,0
4318051,São Domingos do Sul,296.68,2011,Matemática,0,0,0,281.8975,0,0
4318101,São Francisco de Assis,234.4,2011,Matemática,0,0,0,235.9175,1,0
4318200,São Francisco de Paula,250.76,2011,Matemática,0,0,0,250.665,1,0
4318309,São Gabriel,239.31,2011,Matemática,0,0,0,246.1925,1,0
4318408,São Jerônimo,261.98,2011,Matemática,0,0,0,256.955,1,0
4318424,São João da Urtiga,258.47,2011,Matemática,0,0,0,270.5125,0,0
4318432,São João do Polêsine,283.42,2011,Matemática,0,0,0,286.72,0,0
4318440,São Jorge,294.5,2011,Matemática,0,0,0,261.30499999999995,1,0
4318457,São José das Missões,,2011,Matemática,0,0,0,269.15500000000003,0,0
4318465,São José do Herval,250.82,2011,Matemática,0,0,0,275.05,0,0
4318481,São José do Hortêncio,,2011,Matemática,1,0,0,288.51750000000004,0,0
4318499,São José do Inhacorá,306.69,2011,Matemática,0,0,0,,0,0
4318507,São José do Norte,255.08,2011,Matemática,1,0,0,259.2975,1,0
4318606,São José do Ouro,267.35,2011,Matemática,0,0,0,274.76,0,0
4318614,São José do Sul,,2011,Matemática,1,0,0,272.265,0,0
4318622,São José dos Ausentes,249.14,2011,Matemática,0,0,0,251.92000000000002,1,0
4318705,São Leopoldo,263.19,2011,Matemática,1,0,0,262.5125,0,0
4318804,São Lourenço do Sul,271.71,2011,Matemática,1,0,0,278.795,0,0
4318903,São Luiz Gonzaga,276.1,2011,Matemática,0,0,0,261.3875,1,0
4319000,São Marcos,276.44,2011,Matemática,0,0,0,293.1125,0,0
4319109,São Martinho,282.08,2011,Matemática,0,0,0,277.43,0,0
4319125,São Martinho da Serra,255.81,2011,Matemática,0,0,0,,0,0
4319158,São Miguel das Missões,253.06,2011,Matemática,0,0,0,269.61,0,0
4319208,São Nicolau,262.62,2011,Matemática,0,0,0,254.625,1,0
4319307,São Paulo das Missões,281.46,2011,Matemática,0,0,0,284.695,0,0
4319356,São Pedro da Serra,275.62,2011,Matemática,1,0,0,273.54999999999995,0,0
4319364,São Pedro das Missões,,2011,Matemática,0,0,0,,0,0
4319372,São Pedro do Butiá,292.66,2011,Matemática,0,0,0,291.7675,0,0
4319406,São Pedro do Sul,267.06,2011,Matemática,0,0,0,264.2025,0,0
4319505,São Sebastião do Caí,268.21,2011,Matemática,0,0,0,263.9225,0,0
4319604,São Sepé,264.61,2011,Matemática,0,0,0,255.82750000000001,1,0
4319703,São Valentim,275.53,2011,Matemática,0,0,0,269.0475,0,0
4319711,São Valentim do Sul,,2011,Matemática,0,0,0,290.6475,0,0
4319737,São Valério do Sul,,2011,Matemática,0,0,0,245.83499999999998,1,0
4319752,São Vendelino,261.37,2011,Matemática,1,0,0,290.555,0,0
4319802,São Vicente do Sul,255.14,2011,Matemática,0,0,0,262.9875,0,0
4319901,Sapiranga,275.11,2011,Matemática,1,0,0,277.77250000000004,0,0
4320008,Sapucaia do Sul,264.99,2011,Matemática,0,0,0,268.925,0,0
4320107,Sarandi,261.17,2011,Matemática,0,0,0,265.0,0,0
4320206,Seberi,271.68,2011,Matemática,0,0,0,278.505,0,0
4320230,Sede Nova,299.21,2011,Matemática,0,0,0,276.6425,0,0
4320263,Segredo,294.1,2011,Matemática,1,0,0,270.01,0,0
4320305,Selbach,278.15,2011,Matemática,0,0,0,287.625,0,0
4320321,Senador Salgado Filho,238.65,2011,Matemática,0,0,0,268.28499999999997,0,0
4320354,Sentinela do Sul,248.76,2011,Matemática,1,0,0,229.37,1,0
4320404,Serafina Corrêa,266.74,2011,Matemática,0,0,0,279.6825,0,0
4320453,Sério,271.03,2011,Matemática,0,0,0,260.0575,1,0
4320503,Sertão,271.4,2011,Matemática,0,0,0,260.6175,1,0
4320552,Sertão Santana,271.33,2011,Matemática,1,0,0,267.15999999999997,0,0
4320578,Sete de Setembro,274.08,2011,Matemática,0,0,0,278.165,0,0
4320602,Severiano de Almeida,277.18,2011,Matemática,0,0,0,292.7975,0,0
4320651,Silveira Martins,276.28,2011,Matemática,0,0,0,283.24,0,0
4320677,Sinimbu,263.73,2011,Matemática,0,0,0,275.19,0,0
4320701,Sobradinho,272.98,2011,Matemática,0,0,0,265.2925,0,0
4320800,Soledade,253.43,2011,Matemática,0,0,0,256.075,1,0
4320859,Tabaí,275.94,2011,Matemática,0,0,0,274.5875,0,0
4320909,Tapejara,267.6,2011,Matemática,0,0,0,267.5675,0,0
4321006,Tapera,268.17,2011,Matemática,0,0,0,264.74,0,0
4321105,Tapes,255.92,2011,Matemática,0,0,0,259.66499999999996,1,0
4321204,Taquara,257.44,2011,Matemática,1,0,0,254.595,1,0
4321303,Taquari,269.11,2011,Matemática,1,0,0,258.84,1,0
4321329,Taquaruçu do Sul,280.87,2011,Matemática,0,0,0,285.52,0,0
4321352,Tavares,249.25,2011,Matemática,0,0,0,250.535,1,0
4321402,Tenente Portela,258.86,2011,Matemática,0,0,0,253.49,1,0
4321436,Terra de Areia,260.14,2011,Matemática,0,0,0,282.2875,0,0
4321451,Teutônia,272.1,2011,Matemática,0,0,0,284.005,0,0
4321469,Tio Hugo,,2011,Matemática,0,0,0,272.2075,0,0
4321477,Tiradentes do Sul,259.7,2011,Matemática,0,0,0,283.9075,0,0
4321493,Toropi,277.47,2011,Matemática,0,0,0,242.08749999999998,1,0
4321501,Torres,264.64,2011,Matemática,0,0,0,265.0675,0,0
4321600,Tramandaí,251.91,2011,Matemática,0,0,0,271.6275,0,0
4321626,Travesseiro,281.73,2011,Matemática,0,0,0,275.8225,0,0
4321634,Três Arroios,301.5,2011,Matemática,0,0,0,293.435,0,0
4321667,Três Cachoeiras,283.13,2011,Matemática,0,0,0,274.79,0,0
4321709,Três Coroas,274.37,2011,Matemática,0,0,0,281.4075,0,0
4321808,Três de Maio,256.11,2011,Matemática,0,0,0,264.6975,0,0
4321832,Três Forquilhas,268.45,2011,Matemática,0,0,0,263.8075,0,0
4321857,Três Palmeiras,252.98,2011,Matemática,0,0,0,265.375,0,0
4321907,Três Passos,276.2,2011,Matemática,0,0,0,276.645,0,0
4321956,Trindade do Sul,259.11,2011,Matemática,0,0,0,267.1225,0,0
4322004,Triunfo,245.02,2011,Matemática,0,0,0,248.135,1,0
4322103,Tucunduva,278.33,2011,Matemática,0,0,0,279.47749999999996,0,0
4322152,Tunas,250.46,2011,Matemática,0,0,0,260.325,1,0
4322186,Tupanci do Sul,,2011,Matemática,0,0,0,294.8675,0,0
4322202,Tupanciretã,258.62,2011,Matemática,0,0,0,261.90250000000003,0,0
4322251,Tupandi,307.64,2011,Matemática,1,0,0,297.295,0,0
4322301,Tuparendi,265.54,2011,Matemática,0,0,0,265.695,0,0
4322327,Turuçu,272.65,2011,Matemática,1,0,0,283.5375,0,0
4322343,Ubiretama,276.24,2011,Matemática,0,0,0,256.1475,1,0
4322350,União da Serra,,2011,Matemática,0,0,0,267.9825,0,0
4322376,Unistalda,279.38,2011,Matemática,0,0,0,285.225,0,0
4322400,Uruguaiana,238.15,2011,Matemática,0,0,0,246.65,1,0
4322509,Vacaria,260.96,2011,Matemática,0,0,0,264.72249999999997,0,0
4322525,Vale Verde,245.67,2011,Matemática,0,0,0,270.515,0,0
4322533,Vale do Sol,260.86,2011,Matemática,0,0,0,270.97749999999996,0,0
4322541,Vale Real,290.58,2011,Matemática,0,0,0,290.5575,0,0
4322558,Vanini,283.1,2011,Matemática,0,0,0,293.3175,0,0
4322608,Venâncio Aires,272.1,2011,Matemática,0,0,0,269.6225,0,0
4322707,Vera Cruz,255.59,2011,Matemática,0,0,0,267.53,0,0
4322806,Veranópolis,284.87,2011,Matemática,0,0,0,275.505,0,0
4322855,Vespasiano Corrêa,,2011,Matemática,1,0,0,279.6375,0,0
4322905,Viadutos,263.64,2011,Matemática,0,0,0,283.3825,0,0
4323002,Viamão,238.73,2011,Matemática,0,0,0,248.1,1,0
4323101,Vicente Dutra,245.3,2011,Matemática,0,0,0,240.8075,1,0
4323200,Victor Graeff,297.38,2011,Matemática,0,0,0,273.8225,0,0
4323309,Vila Flores,271.52,2011,Matemática,0,0,0,284.625,0,0
4323358,Vila Lângaro,269.66,2011,Matemática,0,0,0,279.46,0,0
4323408,Vila Maria,281.55,2011,Matemática,0,0,0,263.60749999999996,0,0
4323457,Vila Nova do Sul,269.08,2011,Matemática,0,0,0,244.41,1,0
4323507,Vista Alegre,248.28,2011,Matemática,0,0,0,278.615,0,0
4323606,Vista Alegre do Prata,,2011,Matemática,0,0,0,271.9225,0,0
4323705,Vista Gaúcha,257.18,2011,Matemática,0,0,0,264.475,0,0
4323754,Vitória das Missões,,2011,Matemática,0,0,0,271.16,0,0
4323770,Westfália,271.27,2011,Matemática,0,0,0,283.4925,0,0
4323804,Xangri-lá,258.6,2011,Matemática,0,0,0,265.4425,0,0
4300034,Aceguá,,2011,Língua Portuguesa,0,0,0,258.8025,1,0
4300059,Água Santa,234.76,2011,Língua Portuguesa,0,0,0,273.90999999999997,0,0
4300109,Agudo,270.55,2011,Língua Portuguesa,1,0,0,283.125,0,0
4300208,Ajuricaba,,2011,Língua Portuguesa,0,0,0,282.4875,0,0
4300307,Alecrim,272.74,2011,Língua Portuguesa,0,0,0,270.22,0,0
4300406,Alegrete,238.06,2011,Língua Portuguesa,0,0,0,255.27499999999998,1,0
4300455,Alegria,251.87,2011,Língua Portuguesa,0,0,0,248.785,1,0
4300471,Almirante Tamandaré do Sul,248.14,2011,Língua Portuguesa,0,0,0,263.03499999999997,0,0
4300505,Alpestre,239.85,2011,Língua Portuguesa,0,0,0,253.365,1,0
4300554,Alto Alegre,235.71,2011,Língua Portuguesa,0,0,0,268.0275,0,0
4300570,Alto Feliz,247.7,2011,Língua Portuguesa,1,0,0,272.85,0,0
4300604,Alvorada,238.33,2011,Língua Portuguesa,0,0,0,249.875,1,0
4300638,Amaral Ferrador,227.16,2011,Língua Portuguesa,0,0,0,243.3175,1,0
4300646,Ametista do Sul,243.43,2011,Língua Portuguesa,0,0,0,260.3375,1,0
4300661,André da Rocha,,2011,Língua Portuguesa,0,0,0,,0,0
4300703,Anta Gorda,259.62,2011,Língua Portuguesa,0,0,0,275.6625,0,0
4300802,Antônio Prado,257.32,2011,Língua Portuguesa,0,0,0,278.4175,0,0
4300851,Arambaré,253.26,2011,Língua Portuguesa,0,0,0,261.385,1,0
4300877,Araricá,255.53,2011,Língua Portuguesa,1,0,0,267.5125,0,0
4300901,Aratiba,265.83,2011,Língua Portuguesa,0,0,0,272.885,0,0
4301008,Arroio do Meio,265.96,2011,Língua Portuguesa,0,0,0,278.38,0,0
4301057,Arroio do Sal,256.25,2011,Língua Portuguesa,0,0,0,259.7175,1,0
4301073,Arroio do Padre,242.72,2011,Língua Portuguesa,0,0,0,276.6875,0,0
4301107,Arroio dos Ratos,249.24,2011,Língua Portuguesa,0,0,0,258.9475,1,0
4301206,Arroio do Tigre,247.86,2011,Língua Portuguesa,1,0,0,273.1425,0,0
4301305,Arroio Grande,233.62,2011,Língua Portuguesa,1,0,0,252.03,1,0
4301404,Arvorezinha,234.36,2011,Língua Portuguesa,0,0,0,254.0325,1,0
4301503,Augusto Pestana,263.81,2011,Língua Portuguesa,0,0,0,287.62,0,0
4301552,Áurea,,2011,Língua Portuguesa,0,0,0,287.3,0,0
4301602,Bagé,239.16,2011,Língua Portuguesa,0,0,0,259.52750000000003,1,0
4301636,Balneário Pinhal,243.02,2011,Língua Portuguesa,0,0,0,248.6575,1,0
4301651,Barão,252.17,2011,Língua Portuguesa,1,0,0,286.47749999999996,0,0
4301701,Barão de Cotegipe,252.89,2011,Língua Portuguesa,0,0,0,261.39,1,0
4301750,Barão do Triunfo,239.19,2011,Língua Portuguesa,0,0,0,247.54500000000002,1,0
4301800,Barracão,240.62,2011,Língua Portuguesa,0,0,0,260.42,1,0
4301859,Barra do Guarita,262.01,2011,Língua Portuguesa,0,0,0,245.8625,1,0
4301875,Barra do Quaraí,248.92,2011,Língua Portuguesa,0,0,0,246.0125,1,0
4301909,Barra do Ribeiro,240.75,2011,Língua Portuguesa,0,0,0,248.1525,1,0
4301925,Barra do Rio Azul,,2011,Língua Portuguesa,0,0,0,291.45500000000004,0,0
4301958,Barra Funda,231.95,2011,Língua Portuguesa,0,0,0,280.58500000000004,0,0
4302006,Barros Cassal,243.95,2011,Língua Portuguesa,0,0,0,242.02249999999998,1,0
4302055,Benjamin Constant do Sul,,2011,Língua Portuguesa,0,0,0,250.905,1,0
4302105,Bento Gonçalves,259.7,2011,Língua Portuguesa,0,0,0,278.49,0,0
4302154,Boa Vista das Missões,231.25,2011,Língua Portuguesa,0,0,0,272.745,0,0
4302204,Boa Vista do Buricá,269.58,2011,Língua Portuguesa,0,0,0,283.9475,0,0
4302220,Boa Vista do Cadeado,,2011,Língua Portuguesa,0,0,0,232.07,1,0
4302238,Boa Vista do Incra,221.12,2011,Língua Portuguesa,0,0,0,263.09000000000003,0,0
4302253,Boa Vista do Sul,,2011,Língua Portuguesa,0,0,0,276.225,0,0
4302303,Bom Jesus,250.2,2011,Língua Portuguesa,0,0,0,262.40999999999997,0,0
4302352,Bom Princípio,272.51,2011,Língua Portuguesa,1,0,0,294.6,0,0
4302378,Bom Progresso,222.01,2011,Língua Portuguesa,0,0,0,272.47,0,0
4302402,Bom Retiro do Sul,249.81,2011,Língua Portuguesa,1,0,0,279.4075,0,0
4302451,Boqueirão do Leão,263.67,2011,Língua Portuguesa,0,0,0,260.3675,1,0
4302501,Bossoroca,228.19,2011,Língua Portuguesa,0,0,0,250.0275,1,0
4302584,Bozano,,2011,Língua Portuguesa,0,0,0,283.14,0,0
4302600,Braga,257.77,2011,Língua Portuguesa,0,0,0,266.14,0,0
4302659,Brochier,281.89,2011,Língua Portuguesa,1,0,0,317.675,0,0
4302709,Butiá,251.92,2011,Língua Portuguesa,1,0,0,227.42000000000002,1,0
4302808,Caçapava do Sul,236.61,2011,Língua Portuguesa,0,0,0,254.54250000000002,1,0
4302907,Cacequi,226.16,2011,Língua Portuguesa,0,0,0,243.95499999999998,1,0
4303004,Cachoeira do Sul,254.13,2011,Língua Portuguesa,1,0,0,259.44,1,0
4303103,Cachoeirinha,244.01,2011,Língua Portuguesa,0,0,0,254.6925,1,0
4303202,Cacique Doble,259.17,2011,Língua Portuguesa,0,0,0,268.835,0,0
4303301,Caibaté,267.66,2011,Língua Portuguesa,0,0,0,253.8675,1,0
4303400,Caiçara,267.86,2011,Língua Portuguesa,0,0,0,263.9725,0,0
4303509,Camaquã,245.56,2011,Língua Portuguesa,1,0,0,257.87,1,0
4303558,Camargo,234.04,2011,Língua Portuguesa,0,0,0,277.94500000000005,0,0
4303608,Cambará do Sul,231.76,2011,Língua Portuguesa,0,0,0,253.89499999999998,1,0
4303673,Campestre da Serra,266.33,2011,Língua Portuguesa,0,0,0,280.15999999999997,0,0
4303707,Campina das Missões,256.33,2011,Língua Portuguesa,0,0,0,276.8675,0,0
4303806,Campinas do Sul,265.55,2011,Língua Portuguesa,0,0,0,287.3275,0,0
4303905,Campo Bom,263.6,2011,Língua Portuguesa,1,0,0,277.98,0,0
4304002,Campo Novo,226.4,2011,Língua Portuguesa,0,0,0,250.65,1,0
4304101,Campos Borges,232.63,2011,Língua Portuguesa,0,0,0,248.02749999999997,1,0
4304200,Candelária,238.16,2011,Língua Portuguesa,0,0,0,257.2225,1,0
4304309,Cândido Godói,255.58,2011,Língua Portuguesa,0,0,0,277.0475,0,0
4304358,Candiota,232.38,2011,Língua Portuguesa,0,0,0,256.425,1,0
4304408,Canela,235.85,2011,Língua Portuguesa,0,0,0,265.1925,0,0
4304507,Canguçu,257.06,2011,Língua Portuguesa,0,0,0,286.52250000000004,0,0
4304606,Canoas,248.4,2011,Língua Portuguesa,1,0,0,262.84000000000003,0,0
4304614,Canudos do Vale,226.09,2011,Língua Portuguesa,0,0,0,261.0825,1,0
4304622,Capão Bonito do Sul,227.6,2011,Língua Portuguesa,0,0,0,252.98250000000002,1,0
4304630,Capão da Canoa,244.54,2011,Língua Portuguesa,0,0,0,264.2625,0,0
4304655,Capão do Cipó,225.81,2011,Língua Portuguesa,0,0,0,260.1325,1,0
4304663,Capão do Leão,249.47,2011,Língua Portuguesa,1,0,0,257.65,1,0
4304671,Capivari do Sul,265.7,2011,Língua Portuguesa,0,0,0,265.8975,0,0
4304689,Capela de Santana,256.79,2011,Língua Portuguesa,1,0,0,260.0325,1,0
4304697,Capitão,254.62,2011,Língua Portuguesa,0,0,0,275.08000000000004,0,0
4304705,Carazinho,249.49,2011,Língua Portuguesa,0,0,0,258.59749999999997,1,0
4304713,Caraá,262.86,2011,Língua Portuguesa,0,0,0,223.9,1,0
4304804,Carlos Barbosa,258.8,2011,Língua Portuguesa,0,0,0,285.27,0,0
4304903,Casca,256.68,2011,Língua Portuguesa,0,0,0,270.7,0,0
4304952,Caseiros,238.87,2011,Língua Portuguesa,0,0,0,258.97,1,0
4305009,Catuípe,252.39,2011,Língua Portuguesa,0,0,0,271.6225,0,0
4305108,Caxias do Sul,257.02,2011,Língua Portuguesa,1,0,0,268.43,0,0
4305116,Centenário,250.62,2011,Língua Portuguesa,0,0,0,286.9775,0,0
4305124,Cerrito,275.67,2011,Língua Portuguesa,0,0,0,267.835,0,0
4305132,Cerro Branco,247.34,2011,Língua Portuguesa,0,0,0,271.105,0,0
4305157,Cerro Grande,,2011,Língua Portuguesa,0,0,0,279.815,0,0
4305173,Cerro Grande do Sul,237.99,2011,Língua Portuguesa,1,0,0,264.0375,0,0
4305207,Cerro Largo,263.89,2011,Língua Portuguesa,0,0,0,286.55,0,0
4305306,Chapada,255.81,2011,Língua Portuguesa,0,0,0,270.98249999999996,0,0
4305355,Charqueadas,244.26,2011,Língua Portuguesa,0,0,0,261.0675,1,0
4305371,Charrua,249.81,2011,Língua Portuguesa,0,0,0,275.225,0,0
4305405,Chiapetta,247.55,2011,Língua Portuguesa,0,0,0,261.68,1,0
4305439,Chuí,236.85,2011,Língua Portuguesa,1,0,0,,0,0
4305447,Chuvisca,,2011,Língua Portuguesa,1,0,0,260.015,1,0
4305454,Cidreira,245.22,2011,Língua Portuguesa,0,0,0,258.90999999999997,1,0
4305504,Ciríaco,244.36,2011,Língua Portuguesa,0,0,0,256.21250000000003,1,0
4305587,Colinas,,2011,Língua Portuguesa,0,0,0,288.32,0,0
4305603,Colorado,227.46,2011,Língua Portuguesa,0,0,0,291.46000000000004,0,0
4305702,Condor,260.34,2011,Língua Portuguesa,0,0,0,268.6075,0,0
4305801,Constantina,258.48,2011,Língua Portuguesa,0,0,0,268.3375,0,0
4305835,Coqueiro Baixo,247.6,2011,Língua Portuguesa,0,0,0,296.775,0,0
4305850,Coqueiros do Sul,,2011,Língua Portuguesa,0,0,0,235.36,1,0
4305871,Coronel Barros,254.25,2011,Língua Portuguesa,0,0,0,287.375,0,0
4305900,Coronel Bicaco,232.0,2011,Língua Portuguesa,0,0,0,251.2725,1,0
4305934,Coronel Pilar,,2011,Língua Portuguesa,0,0,0,274.95500000000004,0,0
4305959,Cotiporã,255.52,2011,Língua Portuguesa,0,0,0,279.155,0,0
4305975,Coxilha,235.26,2011,Língua Portuguesa,0,0,0,262.2375,0,0
4306007,Crissiumal,246.61,2011,Língua Portuguesa,0,0,0,277.26,0,0
4306056,Cristal,268.08,2011,Língua Portuguesa,0,0,0,262.325,0,0
4306072,Cristal do Sul,,2011,Língua Portuguesa,0,0,0,239.67000000000002,1,0
4306106,Cruz Alta,243.57,2011,Língua Portuguesa,0,0,0,255.2525,1,0
4306130,Cruzaltense,249.97,2011,Língua Portuguesa,0,0,0,287.585,0,0
4306205,Cruzeiro do Sul,258.66,2011,Língua Portuguesa,1,0,0,264.855,0,0
4306304,David Canabarro,246.95,2011,Língua Portuguesa,0,0,0,268.75,0,0
4306320,Derrubadas,252.93,2011,Língua Portuguesa,0,0,0,286.65999999999997,0,0
4306353,Dezesseis de Novembro,,2011,Língua Portuguesa,0,0,0,257.25250000000005,1,0
4306379,Dilermando de Aguiar,,2011,Língua Portuguesa,0,0,0,,0,0
4306403,Dois Irmãos,266.62,2011,Língua Portuguesa,1,0,0,281.48,0,0
4306429,Dois Irmãos das Missões,,2011,Língua Portuguesa,0,0,0,,0,0
4306452,Dois Lajeados,268.32,2011,Língua Portuguesa,0,0,0,296.695,0,0
4306502,Dom Feliciano,241.87,2011,Língua Portuguesa,1,0,0,267.5075,0,0
4306551,Dom Pedro de Alcântara,239.05,2011,Língua Portuguesa,0,0,0,269.84,0,0
4306601,Dom Pedrito,229.7,2011,Língua Portuguesa,0,0,0,249.8275,1,0
4306700,Dona Francisca,271.22,2011,Língua Portuguesa,1,0,0,274.475,0,0
4306734,Doutor Maurício Cardoso,233.28,2011,Língua Portuguesa,0,0,0,261.805,0,0
4306759,Doutor Ricardo,,2011,Língua Portuguesa,0,0,0,,0,0
4306767,Eldorado do Sul,243.21,2011,Língua Portuguesa,0,0,0,259.9975,1,0
4306809,Encantado,262.9,2011,Língua Portuguesa,0,0,0,280.855,0,0
4306908,Encruzilhada do Sul,243.19,2011,Língua Portuguesa,0,0,0,256.9325,1,0
4306924,Engenho Velho,238.66,2011,Língua Portuguesa,0,0,0,227.77,1,0
4306932,Entre-Ijuís,257.37,2011,Língua Portuguesa,0,0,0,262.28499999999997,0,0
4306957,Entre Rios do Sul,248.18,2011,Língua Portuguesa,0,0,0,291.59000000000003,0,0
4306973,Erebango,245.68,2011,Língua Portuguesa,0,0,0,266.5475,0,0
4307005,Erechim,261.79,2011,Língua Portuguesa,0,0,0,276.5175,0,0
4307054,Ernestina,246.09,2011,Língua Portuguesa,0,0,0,262.69,0,0
4307104,Herval,209.92,2011,Língua Portuguesa,0,0,0,258.245,1,0
4307203,Erval Grande,256.08,2011,Língua Portuguesa,0,0,0,262.9125,0,0
4307302,Erval Seco,239.2,2011,Língua Portuguesa,0,0,0,271.1925,0,0
4307401,Esmeralda,204.8,2011,Língua Portuguesa,0,0,0,255.6775,1,0
4307450,Esperança do Sul,246.06,2011,Língua Portuguesa,0,0,0,249.405,1,0
4307500,Espumoso,269.85,2011,Língua Portuguesa,0,0,0,274.885,0,0
4307559,Estação,255.36,2011,Língua Portuguesa,0,0,0,269.89,0,0
4307609,Estância Velha,253.73,2011,Língua Portuguesa,1,0,0,271.89,0,0
4307708,Esteio,247.53,2011,Língua Portuguesa,0,0,0,255.48250000000002,1,0
4307807,Estrela,257.53,2011,Língua Portuguesa,1,0,0,272.0675,0,0
4307815,Estrela Velha,237.58,2011,Língua Portuguesa,1,0,0,259.7125,1,0
4307831,Eugênio de Castro,,2011,Língua Portuguesa,0,0,0,275.15250000000003,0,0
4307864,Fagundes Varela,244.37,2011,Língua Portuguesa,0,0,0,262.72249999999997,0,0
4307906,Farroupilha,265.82,2011,Língua Portuguesa,0,0,0,289.96500000000003,0,0
4308003,Faxinal do Soturno,253.61,2011,Língua Portuguesa,0,0,0,270.95,0,0
4308052,Faxinalzinho,244.34,2011,Língua Portuguesa,0,0,0,238.07999999999998,1,0
4308078,Fazenda Vilanova,255.72,2011,Língua Portuguesa,0,0,0,266.7075,0,0
4308102,Feliz,275.61,2011,Língua Portuguesa,1,0,0,292.92,0,0
4308201,Flores da Cunha,268.75,2011,Língua Portuguesa,0,0,0,287.8225,0,0
4308250,Floriano Peixoto,261.41,2011,Língua Portuguesa,0,0,0,289.125,0,0
4308300,Fontoura Xavier,230.54,2011,Língua Portuguesa,0,0,0,256.0175,1,0
4308409,Formigueiro,249.51,2011,Língua Portuguesa,0,0,0,247.4175,1,0
4308433,Forquetinha,224.66,2011,Língua Portuguesa,1,0,0,258.475,1,0
4308458,Fortaleza dos Valos,263.29,2011,Língua Portuguesa,0,0,0,260.8175,1,0
4308508,Frederico Westphalen,265.09,2011,Língua Portuguesa,0,0,0,281.63,0,0
4308607,Garibaldi,258.65,2011,Língua Portuguesa,0,0,0,277.8825,0,0
4308656,Garruchos,237.53,2011,Língua Portuguesa,0,0,0,263.995,0,0
4308706,Gaurama,256.68,2011,Língua Portuguesa,0,0,0,277.07,0,0
4308805,General Câmara,261.84,2011,Língua Portuguesa,0,0,0,238.71249999999998,1,0
4308854,Gentil,,2011,Língua Portuguesa,0,0,0,276.245,0,0
4308904,Getúlio Vargas,253.18,2011,Língua Portuguesa,0,0,0,269.7425,0,0
4309001,Giruá,246.37,2011,Língua Portuguesa,0,0,0,252.3975,1,0
4309050,Glorinha,216.17,2011,Língua Portuguesa,0,0,0,260.4,1,0
4309100,Gramado,264.79,2011,Língua Portuguesa,1,0,0,273.725,0,0
4309126,Gramado dos Loureiros,,2011,Língua Portuguesa,0,0,0,287.33500000000004,0,0
4309159,Gramado Xavier,235.02,2011,Língua Portuguesa,0,0,0,262.23,0,0
4309209,Gravataí,245.12,2011,Língua Portuguesa,0,0,0,258.17,1,0
4309258,Guabiju,262.62,2011,Língua Portuguesa,0,0,0,295.995,0,0
4309308,Guaíba,251.34,2011,Língua Portuguesa,0,0,0,259.62,1,0
4309407,Guaporé,255.36,2011,Língua Portuguesa,0,0,0,270.3025,0,0
4309506,Guarani das Missões,251.89,2011,Língua Portuguesa,0,0,0,260.4675,1,0
4309555,Harmonia,278.1,2011,Língua Portuguesa,1,0,0,289.6925,0,0
4309571,Herveiras,241.0,2011,Língua Portuguesa,0,0,0,,0,0
4309605,Horizontina,246.08,2011,Língua Portuguesa,0,0,0,275.78999999999996,0,0
4309654,Hulha Negra,246.84,2011,Língua Portuguesa,0,0,0,243.965,1,0
4309704,Humaitá,252.57,2011,Língua Portuguesa,0,0,0,269.4625,0,0
4309753,Ibarama,,2011,Língua Portuguesa,1,0,0,266.0775,0,0
4309803,Ibiaçá,236.21,2011,Língua Portuguesa,0,0,0,268.3,0,0
4309902,Ibiraiaras,269.46,2011,Língua Portuguesa,0,0,0,277.61,0,0
4309951,Ibirapuitã,235.35,2011,Língua Portuguesa,0,0,0,259.635,1,0
4310009,Ibirubá,249.61,2011,Língua Portuguesa,0,0,0,284.3225,0,0
4310108,Igrejinha,262.03,2011,Língua Portuguesa,1,0,0,280.45500000000004,0,0
4310207,Ijuí,248.89,2011,Língua Portuguesa,0,0,0,276.125,0,0
4310306,Ilópolis,225.64,2011,Língua Portuguesa,0,0,0,274.415,0,0
4310330,Imbé,250.58,2011,Língua Portuguesa,0,0,0,265.9125,0,0
4310363,Imigrante,,2011,Língua Portuguesa,0,0,0,314.095,0,0
4310405,Independência,246.02,2011,Língua Portuguesa,0,0,0,270.01,0,0
4310413,Inhacorá,214.62,2011,Língua Portuguesa,0,0,0,241.72,1,0
4310439,Ipê,245.72,2011,Língua Portuguesa,0,0,0,278.12,0,0
4310462,Ipiranga do Sul,230.57,2011,Língua Portuguesa,0,0,0,273.4625,0,0
4310504,Iraí,253.44,2011,Língua Portuguesa,0,0,0,278.305,0,0
4310538,Itaara,239.12,2011,Língua Portuguesa,0,0,0,270.71500000000003,0,0
4310553,Itacurubi,226.64,2011,Língua Portuguesa,0,0,0,248.8,1,0
4310579,Itapuca,,2011,Língua Portuguesa,0,0,0,261.815,0,0
4310603,Itaqui,242.5,2011,Língua Portuguesa,0,0,0,250.2475,1,0
4310652,Itati,258.3,2011,Língua Portuguesa,0,0,0,277.8825,0,0
4310702,Itatiba do Sul,232.96,2011,Língua Portuguesa,0,0,0,281.985,0,0
4310751,Ivorá,237.68,2011,Língua Portuguesa,0,0,0,257.36,1,0
4310801,Ivoti,267.4,2011,Língua Portuguesa,1,0,0,290.4175,0,0
4310850,Jaboticaba,254.23,2011,Língua Portuguesa,0,0,0,270.905,0,0
4310876,Jacuizinho,,2011,Língua Portuguesa,0,0,0,230.04,1,0
4310900,Jacutinga,252.45,2011,Língua Portuguesa,0,0,0,288.6225,0,0
4311007,Jaguarão,239.56,2011,Língua Portuguesa,0,0,0,266.1075,0,0
4311106,Jaguari,260.26,2011,Língua Portuguesa,0,0,0,275.045,0,0
4311122,Jaquirana,218.65,2011,Língua Portuguesa,0,0,0,242.95,1,0
4311130,Jari,261.68,2011,Língua Portuguesa,0,0,0,263.505,0,0
4311155,Jóia,249.22,2011,Língua Portuguesa,0,0,0,269.4425,0,0
4311205,Júlio de Castilhos,259.73,2011,Língua Portuguesa,0,0,0,262.755,0,0
4311239,Lagoa Bonita do Sul,251.07,2011,Língua Portuguesa,0,0,0,245.8575,1,0
4311254,Lagoão,232.69,2011,Língua Portuguesa,0,0,0,265.555,0,0
4311270,Lagoa dos Três Cantos,,2011,Língua Portuguesa,0,0,0,278.515,0,0
4311304,Lagoa Vermelha,252.64,2011,Língua Portuguesa,0,0,0,258.63,1,0
4311403,Lajeado,249.58,2011,Língua Portuguesa,1,0,0,276.10249999999996,0,0
4311429,Lajeado do Bugre,219.39,2011,Língua Portuguesa,0,0,0,,0,0
4311502,Lavras do Sul,229.69,2011,Língua Portuguesa,0,0,0,254.60250000000002,1,0
4311601,Liberato Salzano,,2011,Língua Portuguesa,0,0,0,265.94,0,0
4311627,Lindolfo Collor,235.04,2011,Língua Portuguesa,0,0,0,281.4275,0,0
4311643,Linha Nova,,2011,Língua Portuguesa,1,0,0,286.825,0,0
4311700,Machadinho,243.19,2011,Língua Portuguesa,0,0,0,260.32,1,0
4311718,Maçambará,204.64,2011,Língua Portuguesa,0,0,0,232.3275,1,0
4311734,Mampituba,245.22,2011,Língua Portuguesa,0,0,0,271.475,0,0
4311759,Manoel Viana,254.28,2011,Língua Portuguesa,0,0,0,253.1625,1,0
4311775,Maquiné,251.28,2011,Língua Portuguesa,0,0,0,261.61,1,0
4311791,Maratá,,2011,Língua Portuguesa,0,0,0,279.76,0,0
4311809,Marau,249.25,2011,Língua Portuguesa,0,0,0,265.78,0,0
4311908,Marcelino Ramos,255.47,2011,Língua Portuguesa,0,0,0,244.51999999999998,1,0
4311981,Mariana Pimentel,,2011,Língua Portuguesa,0,0,0,261.555,1,0
4312005,Mariano Moro,243.07,2011,Língua Portuguesa,0,0,0,237.0475,1,0
4312054,Marques de Souza,,2011,Língua Portuguesa,0,0,0,283.3525,0,0
4312104,Mata,217.65,2011,Língua Portuguesa,0,0,0,262.84250000000003,0,0
4312138,Mato Castelhano,215.67,2011,Língua Portuguesa,0,0,0,232.94,1,0
4312153,Mato Leitão,268.77,2011,Língua Portuguesa,0,0,0,283.765,0,0
4312179,Mato Queimado,,2011,Língua Portuguesa,0,0,0,284.9875,0,0
4312203,Maximiliano de Almeida,257.09,2011,Língua Portuguesa,0,0,0,264.61,0,0
4312252,Minas do Leão,249.54,2011,Língua Portuguesa,1,0,0,256.20500000000004,1,0
4312302,Miraguaí,240.92,2011,Língua Portuguesa,0,0,0,251.9525,1,0
4312351,Montauri,241.52,2011,Língua Portuguesa,0,0,0,300.265,0,0
4312377,Monte Alegre dos Campos,219.11,2011,Língua Portuguesa,0,0,0,244.48250000000002,1,0
4312385,Monte Belo do Sul,259.44,2011,Língua Portuguesa,0,0,0,282.6375,0,0
4312401,Montenegro,246.33,2011,Língua Portuguesa,1,0,0,261.1775,1,0
4312427,Mormaço,,2011,Língua Portuguesa,0,0,0,259.805,1,0
4312443,Morrinhos do Sul,239.58,2011,Língua Portuguesa,0,0,0,286.285,0,0
4312450,Morro Redondo,246.47,2011,Língua Portuguesa,0,0,0,270.59000000000003,0,0
4312476,Morro Reuter,260.26,2011,Língua Portuguesa,1,0,0,287.4925,0,0
4312500,Mostardas,245.88,2011,Língua Portuguesa,0,0,0,251.8225,1,0
4312609,Muçum,244.56,2011,Língua Portuguesa,0,0,0,268.775,0,0
4312617,Muitos Capões,227.12,2011,Língua Portuguesa,0,0,0,260.4375,1,0
4312625,Muliterno,247.78,2011,Língua Portuguesa,0,0,0,261.045,1,0
4312658,Não-Me-Toque,250.53,2011,Língua Portuguesa,0,0,0,260.67,1,0
4312674,Nicolau Vergueiro,252.29,2011,Língua Portuguesa,0,0,0,246.98,1,0
4312708,Nonoai,246.71,2011,Língua Portuguesa,0,0,0,269.1175,0,0
4312757,Nova Alvorada,257.84,2011,Língua Portuguesa,0,0,0,281.76,0,0
4312807,Nova Araçá,245.24,2011,Língua Portuguesa,0,0,0,274.5925,0,0
4312906,Nova Bassano,248.4,2011,Língua Portuguesa,0,0,0,266.2675,0,0
4312955,Nova Boa Vista,,2011,Língua Portuguesa,0,0,0,276.22249999999997,0,0
4313003,Nova Bréscia,256.61,2011,Língua Portuguesa,0,0,0,269.0575,0,0
4313011,Nova Candelária,255.3,2011,Língua Portuguesa,0,0,0,284.65999999999997,0,0
4313037,Nova Esperança do Sul,239.84,2011,Língua Portuguesa,0,0,0,253.46,1,0
4313060,Nova Hartz,237.47,2011,Língua Portuguesa,1,0,0,269.175,0,0
4313086,Nova Pádua,241.38,2011,Língua Portuguesa,0,0,0,262.9375,0,0
4313102,Nova Palma,261.07,2011,Língua Portuguesa,0,0,0,264.4275,0,0
4313201,Nova Petrópolis,262.88,2011,Língua Portuguesa,0,0,0,295.1225,0,0
4313300,Nova Prata,272.48,2011,Língua Portuguesa,0,0,0,272.12,0,0
4313334,Nova Ramada,,2011,Língua Portuguesa,0,0,0,,0,0
4313359,Nova Roma do Sul,238.19,2011,Língua Portuguesa,0,0,0,282.83500000000004,0,0
4313375,Nova Santa Rita,244.46,2011,Língua Portuguesa,0,0,0,263.56,0,0
4313391,Novo Cabrais,,2011,Língua Portuguesa,0,0,0,,0,0
4313409,Novo Hamburgo,251.87,2011,Língua Portuguesa,1,0,0,262.5975,0,0
4313425,Novo Machado,257.03,2011,Língua Portuguesa,0,0,0,273.24,0,0
4313441,Novo Tiradentes,262.19,2011,Língua Portuguesa,0,0,0,,0,0
4313466,Novo Xingu,,2011,Língua Portuguesa,0,0,0,264.58000000000004,0,0
4313490,Novo Barreiro,240.03,2011,Língua Portuguesa,0,0,0,245.58499999999998,1,0
4313508,Osório,252.28,2011,Língua Portuguesa,0,0,0,270.8225,0,0
4313607,Paim Filho,239.71,2011,Língua Portuguesa,0,0,0,254.39,1,0
4313656,Palmares do Sul,247.91,2011,Língua Portuguesa,0,0,0,248.7225,1,0
4313706,Palmeira das Missões,250.95,2011,Língua Portuguesa,0,0,0,256.305,1,0
4313805,Palmitinho,259.24,2011,Língua Portuguesa,0,0,0,269.9325,0,0
4313904,Panambi,255.0,2011,Língua Portuguesa,0,0,0,276.56,0,0
4313953,Pantano Grande,238.03,2011,Língua Portuguesa,0,0,0,246.0575,1,0
4314001,Paraí,259.11,2011,Língua Portuguesa,0,0,0,279.74,0,0
4314027,Paraíso do Sul,248.83,2011,Língua Portuguesa,1,0,0,270.52250000000004,0,0
4314035,Pareci Novo,277.63,2011,Língua Portuguesa,1,0,0,283.0425,0,0
4314050,Parobé,248.14,2011,Língua Portuguesa,1,0,0,267.53999999999996,0,0
4314068,Passa Sete,,2011,Língua Portuguesa,0,0,0,273.87,0,0
4314076,Passo do Sobrado,,2011,Língua Portuguesa,0,0,0,267.4075,0,0
4314100,Passo Fundo,245.42,2011,Língua Portuguesa,0,0,0,257.48,1,0
4314134,Paulo Bento,253.41,2011,Língua Portuguesa,0,0,0,274.035,0,0
4314159,Paverama,247.48,2011,Língua Portuguesa,0,0,0,258.2,1,0
4314175,Pedras Altas,,2011,Língua Portuguesa,0,0,0,,0,0
4314209,Pedro Osório,245.11,2011,Língua Portuguesa,0,0,0,243.815,1,0
4314308,Pejuçara,247.89,2011,Língua Portuguesa,0,0,0,274.65250000000003,0,0
4314407,Pelotas,244.25,2011,Língua Portuguesa,1,0,0,264.845,0,0
4314423,Picada Café,273.37,2011,Língua Portuguesa,0,0,0,294.65999999999997,0,0
4314456,Pinhal,225.37,2011,Língua Portuguesa,0,0,0,269.0825,0,0
4314464,Pinhal da Serra,248.36,2011,Língua Portuguesa,0,0,0,271.9825,0,0
4314472,Pinhal Grande,255.87,2011,Língua Portuguesa,0,0,0,276.085,0,0
4314498,Pinheirinho do Vale,282.06,2011,Língua Portuguesa,0,0,0,278.35,0,0
4314506,Pinheiro Machado,253.04,2011,Língua Portuguesa,0,0,0,261.7125,1,0
4314548,Pinto Bandeira,,2011,Língua Portuguesa,0,0,0,275.36,0,0
4314555,Pirapó,,2011,Língua Portuguesa,0,0,0,263.7625,0,0
4314605,Piratini,231.25,2011,Língua Portuguesa,0,0,0,256.49,1,0
4314704,Planalto,231.42,2011,Língua Portuguesa,0,0,0,264.48,0,0
4314753,Poço das Antas,,2011,Língua Portuguesa,1,0,0,276.18,0,0
4314779,Pontão,234.16,2011,Língua Portuguesa,0,0,0,272.495,0,0
4314787,Ponte Preta,251.15,2011,Língua Portuguesa,0,0,0,269.605,0,0
4314803,Portão,269.37,2011,Língua Portuguesa,1,0,0,280.7,0,0
4314902,Porto Alegre,245.18,2011,Língua Portuguesa,1,0,0,253.5,1,0
4315008,Porto Lucena,255.9,2011,Língua Portuguesa,0,0,0,265.32,0,0
4315057,Porto Mauá,208.43,2011,Língua Portuguesa,0,0,0,254.38,1,0
4315073,Porto Vera Cruz,231.43,2011,Língua Portuguesa,0,0,0,263.54,0,0
4315107,Porto Xavier,249.01,2011,Língua Portuguesa,0,0,0,272.135,0,0
4315131,Pouso Novo,,2011,Língua Portuguesa,0,0,0,264.1375,0,0
4315149,Presidente Lucena,271.26,2011,Língua Portuguesa,1,0,0,286.67,0,0
4315156,Progresso,245.91,2011,Língua Portuguesa,0,0,0,247.5275,1,0
4315172,Protásio Alves,258.3,2011,Língua Portuguesa,0,0,0,264.3575,0,0
4315206,Putinga,259.72,2011,Língua Portuguesa,0,0,0,246.4325,1,0
4315305,Quaraí,243.9,2011,Língua Portuguesa,0,0,0,267.21500000000003,0,0
4315313,Quatro Irmãos,,2011,Língua Portuguesa,0,0,0,261.11,1,0
4315321,Quevedos,,2011,Língua Portuguesa,0,0,0,253.7125,1,0
4315354,Quinze de Novembro,223.67,2011,Língua Portuguesa,0,0,0,275.4375,0,0
4315404,Redentora,223.81,2011,Língua Portuguesa,0,0,0,250.36,1,0
4315453,Relvado,258.18,2011,Língua Portuguesa,0,0,0,281.5,0,0
4315503,Restinga Sêca,262.14,2011,Língua Portuguesa,1,0,0,266.78249999999997,0,0
4315552,Rio dos Índios,230.82,2011,Língua Portuguesa,0,0,0,265.09000000000003,0,0
4315602,Rio Grande,245.04,2011,Língua Portuguesa,1,0,0,262.90749999999997,0,0
4315701,Rio Pardo,248.07,2011,Língua Portuguesa,0,0,0,261.53999999999996,1,0
4315750,Riozinho,257.45,2011,Língua Portuguesa,0,0,0,270.635,0,0
4315800,Roca Sales,257.27,2011,Língua Portuguesa,0,0,0,264.0675,0,0
4315909,Rodeio Bonito,261.99,2011,Língua Portuguesa,0,0,0,274.935,0,0
4315958,Rolador,,2011,Língua Portuguesa,0,0,0,280.1225,0,0
4316006,Rolante,244.9,2011,Língua Portuguesa,0,0,0,268.5775,0,0
4316105,Ronda Alta,265.85,2011,Língua Portuguesa,0,0,0,264.77,0,0
4316204,Rondinha,234.06,2011,Língua Portuguesa,0,0,0,265.72249999999997,0,0
4316303,Roque Gonzales,265.27,2011,Língua Portuguesa,0,0,0,277.695,0,0
4316402,Rosário do Sul,230.12,2011,Língua Portuguesa,0,0,0,243.51999999999998,1,0
4316428,Sagrada Família,246.29,2011,Língua Portuguesa,0,0,0,267.9,0,0
4316436,Saldanha Marinho,,2011,Língua Portuguesa,0,0,0,292.145,0,0
4316451,Salto do Jacuí,254.79,2011,Língua Portuguesa,0,0,0,263.0675,0,0
4316477,Salvador das Missões,,2011,Língua Portuguesa,0,0,0,274.1075,0,0
4316501,Salvador do Sul,267.88,2011,Língua Portuguesa,1,0,0,295.6075,0,0
4316600,Sananduva,246.43,2011,Língua Portuguesa,0,0,0,278.63750000000005,0,0
4316709,Santa Bárbara do Sul,233.99,2011,Língua Portuguesa,0,0,0,249.405,1,0
4316733,Santa Cecília do Sul,,2011,Língua Portuguesa,0,0,0,245.10500000000002,1,0
4316758,Santa Clara do Sul,254.28,2011,Língua Portuguesa,0,0,0,284.4125,0,0
4316808,Santa Cruz do Sul,260.48,2011,Língua Portuguesa,0,0,0,277.06,0,0
4316907,Santa Maria,253.17,2011,Língua Portuguesa,0,0,0,270.0075,0,0
4316956,Santa Maria do Herval,276.29,2011,Língua Portuguesa,1,0,0,290.365,0,0
4316972,Santa Margarida do Sul,,2011,Língua Portuguesa,0,0,0,252.86,1,0
4317004,Santana da Boa Vista,210.53,2011,Língua Portuguesa,0,0,0,240.97,1,0
4317103,Sant'Ana do Livramento,236.86,2011,Língua Portuguesa,0,0,0,250.275,1,0
4317202,Santa Rosa,246.67,2011,Língua Portuguesa,0,0,0,270.305,0,0
4317251,Santa Tereza,269.74,2011,Língua Portuguesa,0,0,0,298.14,0,0
4317301,Santa Vitória do Palmar,244.47,2011,Língua Portuguesa,1,0,0,239.61,1,0
4317400,Santiago,252.55,2011,Língua Portuguesa,0,0,0,263.0475,0,0
4317509,Santo Ângelo,249.32,2011,Língua Portuguesa,0,0,0,260.2575,1,0
4317558,Santo Antônio do Palma,252.68,2011,Língua Portuguesa,0,0,0,267.3575,0,0
4317608,Santo Antônio da Patrulha,240.14,2011,Língua Portuguesa,0,0,0,267.955,0,0
4317707,Santo Antônio das Missões,257.65,2011,Língua Portuguesa,0,0,0,259.145,1,0
4317756,Santo Antônio do Planalto,255.27,2011,Língua Portuguesa,0,0,0,269.45000000000005,0,0
4317806,Santo Augusto,246.59,2011,Língua Portuguesa,0,0,0,262.945,0,0
4317905,Santo Cristo,256.79,2011,Língua Portuguesa,0,0,0,280.7475,0,0
4317954,Santo Expedito do Sul,,2011,Língua Portuguesa,0,0,0,273.025,0,0
4318002,São Borja,237.05,2011,Língua Portuguesa,0,0,0,247.0775,1,0
4318051,São Domingos do Sul,269.16,2011,Língua Portuguesa,0,0,0,281.8975,0,0
4318101,São Francisco de Assis,229.41,2011,Língua Portuguesa,0,0,0,235.9175,1,0
4318200,São Francisco de Paula,235.76,2011,Língua Portuguesa,0,0,0,250.665,1,0
4318309,São Gabriel,238.74,2011,Língua Portuguesa,0,0,0,246.1925,1,0
4318408,São Jerônimo,254.14,2011,Língua Portuguesa,0,0,0,256.955,1,0
4318424,São João da Urtiga,236.4,2011,Língua Portuguesa,0,0,0,270.5125,0,0
4318432,São João do Polêsine,256.14,2011,Língua Portuguesa,0,0,0,286.72,0,0
4318440,São Jorge,258.83,2011,Língua Portuguesa,0,0,0,261.30499999999995,1,0
4318457,São José das Missões,,2011,Língua Portuguesa,0,0,0,269.15500000000003,0,0
4318465,São José do Herval,230.12,2011,Língua Portuguesa,0,0,0,275.05,0,0
4318481,São José do Hortêncio,,2011,Língua Portuguesa,1,0,0,288.51750000000004,0,0
4318499,São José do Inhacorá,272.17,2011,Língua Portuguesa,0,0,0,,0,0
4318507,São José do Norte,242.58,2011,Língua Portuguesa,1,0,0,259.2975,1,0
4318606,São José do Ouro,255.7,2011,Língua Portuguesa,0,0,0,274.76,0,0
4318614,São José do Sul,,2011,Língua Portuguesa,1,0,0,272.265,0,0
4318622,São José dos Ausentes,235.72,2011,Língua Portuguesa,0,0,0,251.92000000000002,1,0
4318705,São Leopoldo,252.84,2011,Língua Portuguesa,1,0,0,262.5125,0,0
4318804,São Lourenço do Sul,265.87,2011,Língua Portuguesa,1,0,0,278.795,0,0
4318903,São Luiz Gonzaga,266.68,2011,Língua Portuguesa,0,0,0,261.3875,1,0
4319000,São Marcos,260.73,2011,Língua Portuguesa,0,0,0,293.1125,0,0
4319109,São Martinho,262.69,2011,Língua Portuguesa,0,0,0,277.43,0,0
4319125,São Martinho da Serra,239.03,2011,Língua Portuguesa,0,0,0,,0,0
4319158,São Miguel das Missões,255.5,2011,Língua Portuguesa,0,0,0,269.61,0,0
4319208,São Nicolau,247.1,2011,Língua Portuguesa,0,0,0,254.625,1,0
4319307,São Paulo das Missões,256.55,2011,Língua Portuguesa,0,0,0,284.695,0,0
4319356,São Pedro da Serra,264.25,2011,Língua Portuguesa,1,0,0,273.54999999999995,0,0
4319364,São Pedro das Missões,,2011,Língua Portuguesa,0,0,0,,0,0
4319372,São Pedro do Butiá,262.77,2011,Língua Portuguesa,0,0,0,291.7675,0,0
4319406,São Pedro do Sul,249.62,2011,Língua Portuguesa,0,0,0,264.2025,0,0
4319505,São Sebastião do Caí,262.15,2011,Língua Portuguesa,0,0,0,263.9225,0,0
4319604,São Sepé,254.63,2011,Língua Portuguesa,0,0,0,255.82750000000001,1,0
4319703,São Valentim,261.51,2011,Língua Portuguesa,0,0,0,269.0475,0,0
4319711,São Valentim do Sul,,2011,Língua Portuguesa,0,0,0,290.6475,0,0
4319737,São Valério do Sul,,2011,Língua Portuguesa,0,0,0,245.83499999999998,1,0
4319752,São Vendelino,219.68,2011,Língua Portuguesa,1,0,0,290.555,0,0
4319802,São Vicente do Sul,248.84,2011,Língua Portuguesa,0,0,0,262.9875,0,0
4319901,Sapiranga,259.15,2011,Língua Portuguesa,1,0,0,277.77250000000004,0,0
4320008,Sapucaia do Sul,253.13,2011,Língua Portuguesa,0,0,0,268.925,0,0
4320107,Sarandi,250.98,2011,Língua Portuguesa,0,0,0,265.0,0,0
4320206,Seberi,259.21,2011,Língua Portuguesa,0,0,0,278.505,0,0
4320230,Sede Nova,276.59,2011,Língua Portuguesa,0,0,0,276.6425,0,0
4320263,Segredo,257.77,2011,Língua Portuguesa,1,0,0,270.01,0,0
4320305,Selbach,250.73,2011,Língua Portuguesa,0,0,0,287.625,0,0
4320321,Senador Salgado Filho,218.02,2011,Língua Portuguesa,0,0,0,268.28499999999997,0,0
4320354,Sentinela do Sul,248.89,2011,Língua Portuguesa,1,0,0,229.37,1,0
4320404,Serafina Corrêa,254.76,2011,Língua Portuguesa,0,0,0,279.6825,0,0
4320453,Sério,244.86,2011,Língua Portuguesa,0,0,0,260.0575,1,0
4320503,Sertão,253.08,2011,Língua Portuguesa,0,0,0,260.6175,1,0
4320552,Sertão Santana,257.87,2011,Língua Portuguesa,1,0,0,267.15999999999997,0,0
4320578,Sete de Setembro,246.96,2011,Língua Portuguesa,0,0,0,278.165,0,0
4320602,Severiano de Almeida,260.59,2011,Língua Portuguesa,0,0,0,292.7975,0,0
4320651,Silveira Martins,263.81,2011,Língua Portuguesa,0,0,0,283.24,0,0
4320677,Sinimbu,252.96,2011,Língua Portuguesa,0,0,0,275.19,0,0
4320701,Sobradinho,265.64,2011,Língua Portuguesa,0,0,0,265.2925,0,0
4320800,Soledade,245.74,2011,Língua Portuguesa,0,0,0,256.075,1,0
4320859,Tabaí,248.4,2011,Língua Portuguesa,0,0,0,274.5875,0,0
4320909,Tapejara,253.94,2011,Língua Portuguesa,0,0,0,267.5675,0,0
4321006,Tapera,259.99,2011,Língua Portuguesa,0,0,0,264.74,0,0
4321105,Tapes,242.51,2011,Língua Portuguesa,0,0,0,259.66499999999996,1,0
4321204,Taquara,244.51,2011,Língua Portuguesa,1,0,0,254.595,1,0
4321303,Taquari,255.93,2011,Língua Portuguesa,1,0,0,258.84,1,0
4321329,Taquaruçu do Sul,257.97,2011,Língua Portuguesa,0,0,0,285.52,0,0
4321352,Tavares,243.09,2011,Língua Portuguesa,0,0,0,250.535,1,0
4321402,Tenente Portela,252.15,2011,Língua Portuguesa,0,0,0,253.49,1,0
4321436,Terra de Areia,251.21,2011,Língua Portuguesa,0,0,0,282.2875,0,0
4321451,Teutônia,254.95,2011,Língua Portuguesa,0,0,0,284.005,0,0
4321469,Tio Hugo,,2011,Língua Portuguesa,0,0,0,272.2075,0,0
4321477,Tiradentes do Sul,233.97,2011,Língua Portuguesa,0,0,0,283.9075,0,0
4321493,Toropi,249.22,2011,Língua Portuguesa,0,0,0,242.08749999999998,1,0
4321501,Torres,257.63,2011,Língua Portuguesa,0,0,0,265.0675,0,0
4321600,Tramandaí,245.8,2011,Língua Portuguesa,0,0,0,271.6275,0,0
4321626,Travesseiro,277.7,2011,Língua Portuguesa,0,0,0,275.8225,0,0
4321634,Três Arroios,271.55,2011,Língua Portuguesa,0,0,0,293.435,0,0
4321667,Três Cachoeiras,259.02,2011,Língua Portuguesa,0,0,0,274.79,0,0
4321709,Três Coroas,259.44,2011,Língua Portuguesa,0,0,0,281.4075,0,0
4321808,Três de Maio,249.88,2011,Língua Portuguesa,0,0,0,264.6975,0,0
4321832,Três Forquilhas,259.9,2011,Língua Portuguesa,0,0,0,263.8075,0,0
4321857,Três Palmeiras,237.52,2011,Língua Portuguesa,0,0,0,265.375,0,0
4321907,Três Passos,263.73,2011,Língua Portuguesa,0,0,0,276.645,0,0
4321956,Trindade do Sul,253.8,2011,Língua Portuguesa,0,0,0,267.1225,0,0
4322004,Triunfo,233.89,2011,Língua Portuguesa,0,0,0,248.135,1,0
4322103,Tucunduva,260.69,2011,Língua Portuguesa,0,0,0,279.47749999999996,0,0
4322152,Tunas,233.66,2011,Língua Portuguesa,0,0,0,260.325,1,0
4322186,Tupanci do Sul,,2011,Língua Portuguesa,0,0,0,294.8675,0,0
4322202,Tupanciretã,244.17,2011,Língua Portuguesa,0,0,0,261.90250000000003,0,0
4322251,Tupandi,269.97,2011,Língua Portuguesa,1,0,0,297.295,0,0
4322301,Tuparendi,253.18,2011,Língua Portuguesa,0,0,0,265.695,0,0
4322327,Turuçu,261.55,2011,Língua Portuguesa,1,0,0,283.5375,0,0
4322343,Ubiretama,253.04,2011,Língua Portuguesa,0,0,0,256.1475,1,0
4322350,União da Serra,,2011,Língua Portuguesa,0,0,0,267.9825,0,0
4322376,Unistalda,254.21,2011,Língua Portuguesa,0,0,0,285.225,0,0
4322400,Uruguaiana,235.26,2011,Língua Portuguesa,0,0,0,246.65,1,0
4322509,Vacaria,248.59,2011,Língua Portuguesa,0,0,0,264.72249999999997,0,0
4322525,Vale Verde,239.56,2011,Língua Portuguesa,0,0,0,270.515,0,0
4322533,Vale do Sol,230.93,2011,Língua Portuguesa,0,0,0,270.97749999999996,0,0
4322541,Vale Real,256.64,2011,Língua Portuguesa,0,0,0,290.5575,0,0
4322558,Vanini,249.14,2011,Língua Portuguesa,0,0,0,293.3175,0,0
4322608,Venâncio Aires,258.39,2011,Língua Portuguesa,0,0,0,269.6225,0,0
4322707,Vera Cruz,245.37,2011,Língua Portuguesa,0,0,0,267.53,0,0
4322806,Veranópolis,271.56,2011,Língua Portuguesa,0,0,0,275.505,0,0
4322855,Vespasiano Corrêa,,2011,Língua Portuguesa,1,0,0,279.6375,0,0
4322905,Viadutos,247.33,2011,Língua Portuguesa,0,0,0,283.3825,0,0
4323002,Viamão,234.57,2011,Língua Portuguesa,0,0,0,248.1,1,0
4323101,Vicente Dutra,235.89,2011,Língua Portuguesa,0,0,0,240.8075,1,0
4323200,Victor Graeff,261.42,2011,Língua Portuguesa,0,0,0,273.8225,0,0
4323309,Vila Flores,257.06,2011,Língua Portuguesa,0,0,0,284.625,0,0
4323358,Vila Lângaro,241.23,2011,Língua Portuguesa,0,0,0,279.46,0,0
4323408,Vila Maria,270.91,2011,Língua Portuguesa,0,0,0,263.60749999999996,0,0
4323457,Vila Nova do Sul,255.38,2011,Língua Portuguesa,0,0,0,244.41,1,0
4323507,Vista Alegre,236.22,2011,Língua Portuguesa,0,0,0,278.615,0,0
4323606,Vista Alegre do Prata,,2011,Língua Portuguesa,0,0,0,271.9225,0,0
4323705,Vista Gaúcha,261.09,2011,Língua Portuguesa,0,0,0,264.475,0,0
4323754,Vitória das Missões,,2011,Língua Portuguesa,0,0,0,271.16,0,0
4323770,Westfália,241.8,2011,Língua Portuguesa,0,0,0,283.4925,0,0
4323804,Xangri-lá,251.86,2011,Língua Portuguesa,0,0,0,265.4425,0,0
4300034,Aceguá,,2013,Matemática,0,0,0,258.8025,1,0
4300059,Água Santa,251.01,2013,Matemática,0,0,0,273.90999999999997,0,0
4300109,Agudo,263.16,2013,Matemática,1,0,0,283.125,0,0
4300208,Ajuricaba,,2013,Matemática,0,0,0,282.4875,0,0
4300307,Alecrim,279.12,2013,Matemática,0,0,0,270.22,0,0
4300406,Alegrete,241.23,2013,Matemática,0,0,0,255.27499999999998,1,0
4300455,Alegria,250.57,2013,Matemática,0,0,0,248.785,1,0
4300471,Almirante Tamandaré do Sul,,2013,Matemática,0,0,0,263.03499999999997,0,0
4300505,Alpestre,264.73,2013,Matemática,0,0,0,253.365,1,0
4300554,Alto Alegre,,2013,Matemática,0,0,0,268.0275,0,0
4300570,Alto Feliz,268.64,2013,Matemática,1,0,0,272.85,0,0
4300604,Alvorada,236.23,2013,Matemática,0,0,0,249.875,1,0
4300638,Amaral Ferrador,220.08,2013,Matemática,0,0,0,243.3175,1,0
4300646,Ametista do Sul,242.85,2013,Matemática,0,0,0,260.3375,1,0
4300661,André da Rocha,259.55,2013,Matemática,0,0,0,,0,0
4300703,Anta Gorda,271.77,2013,Matemática,0,0,0,275.6625,0,0
4300802,Antônio Prado,262.67,2013,Matemática,0,0,0,278.4175,0,0
4300851,Arambaré,232.01,2013,Matemática,0,0,0,261.385,1,0
4300877,Araricá,267.02,2013,Matemática,1,0,0,267.5125,0,0
4300901,Aratiba,272.0,2013,Matemática,0,0,0,272.885,0,0
4301008,Arroio do Meio,278.44,2013,Matemática,0,0,0,278.38,0,0
4301057,Arroio do Sal,262.03,2013,Matemática,0,0,0,259.7175,1,0
4301073,Arroio do Padre,258.07,2013,Matemática,0,0,0,276.6875,0,0
4301107,Arroio dos Ratos,254.52,2013,Matemática,0,0,0,258.9475,1,0
4301206,Arroio do Tigre,263.47,2013,Matemática,1,0,0,273.1425,0,0
4301305,Arroio Grande,246.78,2013,Matemática,1,0,0,252.03,1,0
4301404,Arvorezinha,253.6,2013,Matemática,0,0,0,254.0325,1,0
4301503,Augusto Pestana,269.05,2013,Matemática,0,0,0,287.62,0,0
4301552,Áurea,275.17,2013,Matemática,0,0,0,287.3,0,0
4301602,Bagé,233.93,2013,Matemática,0,0,0,259.52750000000003,1,0
4301636,Balneário Pinhal,221.74,2013,Matemática,0,0,0,248.6575,1,0
4301651,Barão,277.83,2013,Matemática,1,0,0,286.47749999999996,0,0
4301701,Barão de Cotegipe,261.08,2013,Matemática,0,0,0,261.39,1,0
4301750,Barão do Triunfo,216.46,2013,Matemática,0,0,0,247.54500000000002,1,0
4301800,Barracão,253.76,2013,Matemática,0,0,0,260.42,1,0
4301859,Barra do Guarita,247.72,2013,Matemática,0,0,0,245.8625,1,0
4301875,Barra do Quaraí,258.1,2013,Matemática,0,0,0,246.0125,1,0
4301909,Barra do Ribeiro,245.98,2013,Matemática,0,0,0,248.1525,1,0
4301925,Barra do Rio Azul,,2013,Matemática,0,0,0,291.45500000000004,0,0
4301958,Barra Funda,250.87,2013,Matemática,0,0,0,280.58500000000004,0,0
4302006,Barros Cassal,236.15,2013,Matemática,0,0,0,242.02249999999998,1,0
4302055,Benjamin Constant do Sul,250.45,2013,Matemática,0,0,0,250.905,1,0
4302105,Bento Gonçalves,262.87,2013,Matemática,0,0,0,278.49,0,0
4302154,Boa Vista das Missões,261.86,2013,Matemática,0,0,0,272.745,0,0
4302204,Boa Vista do Buricá,282.05,2013,Matemática,0,0,0,283.9475,0,0
4302220,Boa Vista do Cadeado,242.26,2013,Matemática,0,0,0,232.07,1,0
4302238,Boa Vista do Incra,232.33,2013,Matemática,0,0,0,263.09000000000003,0,0
4302253,Boa Vista do Sul,276.33,2013,Matemática,0,0,0,276.225,0,0
4302303,Bom Jesus,242.99,2013,Matemática,0,0,0,262.40999999999997,0,0
4302352,Bom Princípio,298.97,2013,Matemática,1,0,0,294.6,0,0
4302378,Bom Progresso,246.28,2013,Matemática,0,0,0,272.47,0,0
4302402,Bom Retiro do Sul,278.78,2013,Matemática,1,0,0,279.4075,0,0
4302451,Boqueirão do Leão,262.75,2013,Matemática,0,0,0,260.3675,1,0
4302501,Bossoroca,245.11,2013,Matemática,0,0,0,250.0275,1,0
4302584,Bozano,233.89,2013,Matemática,0,0,0,283.14,0,0
4302600,Braga,265.73,2013,Matemática,0,0,0,266.14,0,0
4302659,Brochier,311.51,2013,Matemática,1,0,0,317.675,0,0
4302709,Butiá,249.47,2013,Matemática,1,0,0,227.42000000000002,1,0
4302808,Caçapava do Sul,237.0,2013,Matemática,0,0,0,254.54250000000002,1,0
4302907,Cacequi,223.14,2013,Matemática,0,0,0,243.95499999999998,1,0
4303004,Cachoeira do Sul,256.47,2013,Matemática,1,0,0,259.44,1,0
4303103,Cachoeirinha,248.03,2013,Matemática,0,0,0,254.6925,1,0
4303202,Cacique Doble,260.01,2013,Matemática,0,0,0,268.835,0,0
4303301,Caibaté,263.58,2013,Matemática,0,0,0,253.8675,1,0
4303400,Caiçara,266.84,2013,Matemática,0,0,0,263.9725,0,0
4303509,Camaquã,246.97,2013,Matemática,1,0,0,257.87,1,0
4303558,Camargo,265.09,2013,Matemática,0,0,0,277.94500000000005,0,0
4303608,Cambará do Sul,236.18,2013,Matemática,0,0,0,253.89499999999998,1,0
4303673,Campestre da Serra,272.21,2013,Matemática,0,0,0,280.15999999999997,0,0
4303707,Campina das Missões,260.3,2013,Matemática,0,0,0,276.8675,0,0
4303806,Campinas do Sul,,2013,Matemática,0,0,0,287.3275,0,0
4303905,Campo Bom,272.6,2013,Matemática,1,0,0,277.98,0,0
4304002,Campo Novo,232.29,2013,Matemática,0,0,0,250.65,1,0
4304101,Campos Borges,239.33,2013,Matemática,0,0,0,248.02749999999997,1,0
4304200,Candelária,244.58,2013,Matemática,0,0,0,257.2225,1,0
4304309,Cândido Godói,284.05,2013,Matemática,0,0,0,277.0475,0,0
4304358,Candiota,239.12,2013,Matemática,0,0,0,256.425,1,0
4304408,Canela,251.34,2013,Matemática,0,0,0,265.1925,0,0
4304507,Canguçu,289.54,2013,Matemática,0,0,0,286.52250000000004,0,0
4304606,Canoas,256.15,2013,Matemática,1,0,0,262.84000000000003,0,0
4304614,Canudos do Vale,,2013,Matemática,0,0,0,261.0825,1,0
4304622,Capão Bonito do Sul,220.34,2013,Matemática,0,0,0,252.98250000000002,1,0
4304630,Capão da Canoa,244.39,2013,Matemática,0,0,0,264.2625,0,0
4304655,Capão do Cipó,228.51,2013,Matemática,0,0,0,260.1325,1,0
4304663,Capão do Leão,239.55,2013,Matemática,1,0,0,257.65,1,0
4304671,Capivari do Sul,273.41,2013,Matemática,0,0,0,265.8975,0,0
4304689,Capela de Santana,248.9,2013,Matemática,1,0,0,260.0325,1,0
4304697,Capitão,280.88,2013,Matemática,0,0,0,275.08000000000004,0,0
4304705,Carazinho,247.67,2013,Matemática,0,0,0,258.59749999999997,1,0
4304713,Caraá,255.15,2013,Matemática,0,0,0,223.9,1,0
4304804,Carlos Barbosa,284.38,2013,Matemática,0,0,0,285.27,0,0
4304903,Casca,262.25,2013,Matemática,0,0,0,270.7,0,0
4304952,Caseiros,235.71,2013,Matemática,0,0,0,258.97,1,0
4305009,Catuípe,255.99,2013,Matemática,0,0,0,271.6225,0,0
4305108,Caxias do Sul,264.95,2013,Matemática,1,0,0,268.43,0,0
4305116,Centenário,282.84,2013,Matemática,0,0,0,286.9775,0,0
4305124,Cerrito,,2013,Matemática,0,0,0,267.835,0,0
4305132,Cerro Branco,242.25,2013,Matemática,0,0,0,271.105,0,0
4305157,Cerro Grande,245.45,2013,Matemática,0,0,0,279.815,0,0
4305173,Cerro Grande do Sul,261.28,2013,Matemática,1,0,0,264.0375,0,0
4305207,Cerro Largo,286.41,2013,Matemática,0,0,0,286.55,0,0
4305306,Chapada,263.81,2013,Matemática,0,0,0,270.98249999999996,0,0
4305355,Charqueadas,255.13,2013,Matemática,0,0,0,261.0675,1,0
4305371,Charrua,291.11,2013,Matemática,0,0,0,275.225,0,0
4305405,Chiapetta,240.2,2013,Matemática,0,0,0,261.68,1,0
4305439,Chuí,229.29,2013,Matemática,1,0,0,,0,0
4305447,Chuvisca,258.44,2013,Matemática,1,0,0,260.015,1,0
4305454,Cidreira,242.66,2013,Matemática,0,0,0,258.90999999999997,1,0
4305504,Ciríaco,260.51,2013,Matemática,0,0,0,256.21250000000003,1,0
4305587,Colinas,,2013,Matemática,0,0,0,288.32,0,0
4305603,Colorado,,2013,Matemática,0,0,0,291.46000000000004,0,0
4305702,Condor,259.16,2013,Matemática,0,0,0,268.6075,0,0
4305801,Constantina,268.42,2013,Matemática,0,0,0,268.3375,0,0
4305835,Coqueiro Baixo,,2013,Matemática,0,0,0,296.775,0,0
4305850,Coqueiros do Sul,,2013,Matemática,0,0,0,235.36,1,0
4305871,Coronel Barros,248.09,2013,Matemática,0,0,0,287.375,0,0
4305900,Coronel Bicaco,269.8,2013,Matemática,0,0,0,251.2725,1,0
4305934,Coronel Pilar,,2013,Matemática,0,0,0,274.95500000000004,0,0
4305959,Cotiporã,264.96,2013,Matemática,0,0,0,279.155,0,0
4305975,Coxilha,255.32,2013,Matemática,0,0,0,262.2375,0,0
4306007,Crissiumal,269.12,2013,Matemática,0,0,0,277.26,0,0
4306056,Cristal,249.74,2013,Matemática,0,0,0,262.325,0,0
4306072,Cristal do Sul,260.09,2013,Matemática,0,0,0,239.67000000000002,1,0
4306106,Cruz Alta,243.01,2013,Matemática,0,0,0,255.2525,1,0
4306130,Cruzaltense,241.09,2013,Matemática,0,0,0,287.585,0,0
4306205,Cruzeiro do Sul,258.59,2013,Matemática,1,0,0,264.855,0,0
4306304,David Canabarro,276.01,2013,Matemática,0,0,0,268.75,0,0
4306320,Derrubadas,250.2,2013,Matemática,0,0,0,286.65999999999997,0,0
4306353,Dezesseis de Novembro,,2013,Matemática,0,0,0,257.25250000000005,1,0
4306379,Dilermando de Aguiar,218.1,2013,Matemática,0,0,0,,0,0
4306403,Dois Irmãos,287.7,2013,Matemática,1,0,0,281.48,0,0
4306429,Dois Irmãos das Missões,,2013,Matemática,0,0,0,,0,0
4306452,Dois Lajeados,300.5,2013,Matemática,0,0,0,296.695,0,0
4306502,Dom Feliciano,261.63,2013,Matemática,1,0,0,267.5075,0,0
4306551,Dom Pedro de Alcântara,255.16,2013,Matemática,0,0,0,269.84,0,0
4306601,Dom Pedrito,231.81,2013,Matemática,0,0,0,249.8275,1,0
4306700,Dona Francisca,277.2,2013,Matemática,1,0,0,274.475,0,0
4306734,Doutor Maurício Cardoso,262.94,2013,Matemática,0,0,0,261.805,0,0
4306759,Doutor Ricardo,,2013,Matemática,0,0,0,,0,0
4306767,Eldorado do Sul,252.54,2013,Matemática,0,0,0,259.9975,1,0
4306809,Encantado,270.73,2013,Matemática,0,0,0,280.855,0,0
4306908,Encruzilhada do Sul,257.9,2013,Matemática,0,0,0,256.9325,1,0
4306924,Engenho Velho,246.07,2013,Matemática,0,0,0,227.77,1,0
4306932,Entre-Ijuís,259.01,2013,Matemática,0,0,0,262.28499999999997,0,0
4306957,Entre Rios do Sul,256.58,2013,Matemática,0,0,0,291.59000000000003,0,0
4306973,Erebango,260.51,2013,Matemática,0,0,0,266.5475,0,0
4307005,Erechim,273.76,2013,Matemática,0,0,0,276.5175,0,0
4307054,Ernestina,251.7,2013,Matemática,0,0,0,262.69,0,0
4307104,Herval,243.78,2013,Matemática,0,0,0,258.245,1,0
4307203,Erval Grande,265.36,2013,Matemática,0,0,0,262.9125,0,0
4307302,Erval Seco,272.34,2013,Matemática,0,0,0,271.1925,0,0
4307401,Esmeralda,,2013,Matemática,0,0,0,255.6775,1,0
4307450,Esperança do Sul,,2013,Matemática,0,0,0,249.405,1,0
4307500,Espumoso,285.31,2013,Matemática,0,0,0,274.885,0,0
4307559,Estação,233.83,2013,Matemática,0,0,0,269.89,0,0
4307609,Estância Velha,256.92,2013,Matemática,1,0,0,271.89,0,0
4307708,Esteio,255.17,2013,Matemática,0,0,0,255.48250000000002,1,0
4307807,Estrela,268.38,2013,Matemática,1,0,0,272.0675,0,0
4307815,Estrela Velha,265.99,2013,Matemática,1,0,0,259.7125,1,0
4307831,Eugênio de Castro,285.37,2013,Matemática,0,0,0,275.15250000000003,0,0
4307864,Fagundes Varela,281.68,2013,Matemática,0,0,0,262.72249999999997,0,0
4307906,Farroupilha,269.63,2013,Matemática,0,0,0,289.96500000000003,0,0
4308003,Faxinal do Soturno,271.21,2013,Matemática,0,0,0,270.95,0,0
4308052,Faxinalzinho,259.76,2013,Matemática,0,0,0,238.07999999999998,1,0
4308078,Fazenda Vilanova,280.48,2013,Matemática,0,0,0,266.7075,0,0
4308102,Feliz,306.2,2013,Matemática,1,0,0,292.92,0,0
4308201,Flores da Cunha,288.63,2013,Matemática,0,0,0,287.8225,0,0
4308250,Floriano Peixoto,267.72,2013,Matemática,0,0,0,289.125,0,0
4308300,Fontoura Xavier,239.52,2013,Matemática,0,0,0,256.0175,1,0
4308409,Formigueiro,253.58,2013,Matemática,0,0,0,247.4175,1,0
4308433,Forquetinha,,2013,Matemática,1,0,0,258.475,1,0
4308458,Fortaleza dos Valos,271.85,2013,Matemática,0,0,0,260.8175,1,0
4308508,Frederico Westphalen,276.38,2013,Matemática,0,0,0,281.63,0,0
4308607,Garibaldi,277.13,2013,Matemática,0,0,0,277.8825,0,0
4308656,Garruchos,,2013,Matemática,0,0,0,263.995,0,0
4308706,Gaurama,272.27,2013,Matemática,0,0,0,277.07,0,0
4308805,General Câmara,271.41,2013,Matemática,0,0,0,238.71249999999998,1,0
4308854,Gentil,,2013,Matemática,0,0,0,276.245,0,0
4308904,Getúlio Vargas,258.29,2013,Matemática,0,0,0,269.7425,0,0
4309001,Giruá,253.21,2013,Matemática,0,0,0,252.3975,1,0
4309050,Glorinha,236.42,2013,Matemática,0,0,0,260.4,1,0
4309100,Gramado,270.96,2013,Matemática,1,0,0,273.725,0,0
4309126,Gramado dos Loureiros,266.51,2013,Matemática,0,0,0,287.33500000000004,0,0
4309159,Gramado Xavier,233.99,2013,Matemática,0,0,0,262.23,0,0
4309209,Gravataí,243.2,2013,Matemática,0,0,0,258.17,1,0
4309258,Guabiju,,2013,Matemática,0,0,0,295.995,0,0
4309308,Guaíba,254.18,2013,Matemática,0,0,0,259.62,1,0
4309407,Guaporé,265.86,2013,Matemática,0,0,0,270.3025,0,0
4309506,Guarani das Missões,259.59,2013,Matemática,0,0,0,260.4675,1,0
4309555,Harmonia,296.98,2013,Matemática,1,0,0,289.6925,0,0
4309571,Herveiras,231.57,2013,Matemática,0,0,0,,0,0
4309605,Horizontina,271.27,2013,Matemática,0,0,0,275.78999999999996,0,0
4309654,Hulha Negra,238.62,2013,Matemática,0,0,0,243.965,1,0
4309704,Humaitá,285.13,2013,Matemática,0,0,0,269.4625,0,0
4309753,Ibarama,279.92,2013,Matemática,1,0,0,266.0775,0,0
4309803,Ibiaçá,271.58,2013,Matemática,0,0,0,268.3,0,0
4309902,Ibiraiaras,280.39,2013,Matemática,0,0,0,277.61,0,0
4309951,Ibirapuitã,253.2,2013,Matemática,0,0,0,259.635,1,0
4310009,Ibirubá,277.21,2013,Matemática,0,0,0,284.3225,0,0
4310108,Igrejinha,274.31,2013,Matemática,1,0,0,280.45500000000004,0,0
4310207,Ijuí,261.12,2013,Matemática,0,0,0,276.125,0,0
4310306,Ilópolis,267.06,2013,Matemática,0,0,0,274.415,0,0
4310330,Imbé,260.94,2013,Matemática,0,0,0,265.9125,0,0
4310363,Imigrante,,2013,Matemática,0,0,0,314.095,0,0
4310405,Independência,251.76,2013,Matemática,0,0,0,270.01,0,0
4310413,Inhacorá,252.94,2013,Matemática,0,0,0,241.72,1,0
4310439,Ipê,276.95,2013,Matemática,0,0,0,278.12,0,0
4310462,Ipiranga do Sul,232.5,2013,Matemática,0,0,0,273.4625,0,0
4310504,Iraí,258.98,2013,Matemática,0,0,0,278.305,0,0
4310538,Itaara,247.82,2013,Matemática,0,0,0,270.71500000000003,0,0
4310553,Itacurubi,243.3,2013,Matemática,0,0,0,248.8,1,0
4310579,Itapuca,231.23,2013,Matemática,0,0,0,261.815,0,0
4310603,Itaqui,241.15,2013,Matemática,0,0,0,250.2475,1,0
4310652,Itati,274.35,2013,Matemática,0,0,0,277.8825,0,0
4310702,Itatiba do Sul,264.96,2013,Matemática,0,0,0,281.985,0,0
4310751,Ivorá,274.45,2013,Matemática,0,0,0,257.36,1,0
4310801,Ivoti,285.95,2013,Matemática,1,0,0,290.4175,0,0
4310850,Jaboticaba,277.81,2013,Matemática,0,0,0,270.905,0,0
4310876,Jacuizinho,,2013,Matemática,0,0,0,230.04,1,0
4310900,Jacutinga,296.13,2013,Matemática,0,0,0,288.6225,0,0
4311007,Jaguarão,249.95,2013,Matemática,0,0,0,266.1075,0,0
4311106,Jaguari,264.64,2013,Matemática,0,0,0,275.045,0,0
4311122,Jaquirana,228.46,2013,Matemática,0,0,0,242.95,1,0
4311130,Jari,,2013,Matemática,0,0,0,263.505,0,0
4311155,Jóia,276.44,2013,Matemática,0,0,0,269.4425,0,0
4311205,Júlio de Castilhos,272.93,2013,Matemática,0,0,0,262.755,0,0
4311239,Lagoa Bonita do Sul,264.81,2013,Matemática,0,0,0,245.8575,1,0
4311254,Lagoão,242.91,2013,Matemática,0,0,0,265.555,0,0
4311270,Lagoa dos Três Cantos,,2013,Matemática,0,0,0,278.515,0,0
4311304,Lagoa Vermelha,261.63,2013,Matemática,0,0,0,258.63,1,0
4311403,Lajeado,266.0,2013,Matemática,1,0,0,276.10249999999996,0,0
4311429,Lajeado do Bugre,227.8,2013,Matemática,0,0,0,,0,0
4311502,Lavras do Sul,237.77,2013,Matemática,0,0,0,254.60250000000002,1,0
4311601,Liberato Salzano,,2013,Matemática,0,0,0,265.94,0,0
4311627,Lindolfo Collor,281.31,2013,Matemática,0,0,0,281.4275,0,0
4311643,Linha Nova,,2013,Matemática,1,0,0,286.825,0,0
4311700,Machadinho,254.16,2013,Matemática,0,0,0,260.32,1,0
4311718,Maçambará,233.51,2013,Matemática,0,0,0,232.3275,1,0
4311734,Mampituba,,2013,Matemática,0,0,0,271.475,0,0
4311759,Manoel Viana,271.95,2013,Matemática,0,0,0,253.1625,1,0
4311775,Maquiné,253.39,2013,Matemática,0,0,0,261.61,1,0
4311791,Maratá,,2013,Matemática,0,0,0,279.76,0,0
4311809,Marau,258.93,2013,Matemática,0,0,0,265.78,0,0
4311908,Marcelino Ramos,244.65,2013,Matemática,0,0,0,244.51999999999998,1,0
4311981,Mariana Pimentel,,2013,Matemática,0,0,0,261.555,1,0
4312005,Mariano Moro,261.9,2013,Matemática,0,0,0,237.0475,1,0
4312054,Marques de Souza,,2013,Matemática,0,0,0,283.3525,0,0
4312104,Mata,257.18,2013,Matemática,0,0,0,262.84250000000003,0,0
4312138,Mato Castelhano,233.65,2013,Matemática,0,0,0,232.94,1,0
4312153,Mato Leitão,293.47,2013,Matemática,0,0,0,283.765,0,0
4312179,Mato Queimado,,2013,Matemática,0,0,0,284.9875,0,0
4312203,Maximiliano de Almeida,275.03,2013,Matemática,0,0,0,264.61,0,0
4312252,Minas do Leão,273.59,2013,Matemática,1,0,0,256.20500000000004,1,0
4312302,Miraguaí,238.17,2013,Matemática,0,0,0,251.9525,1,0
4312351,Montauri,,2013,Matemática,0,0,0,300.265,0,0
4312377,Monte Alegre dos Campos,,2013,Matemática,0,0,0,244.48250000000002,1,0
4312385,Monte Belo do Sul,,2013,Matemática,0,0,0,282.6375,0,0
4312401,Montenegro,253.79,2013,Matemática,1,0,0,261.1775,1,0
4312427,Mormaço,262.95,2013,Matemática,0,0,0,259.805,1,0
4312443,Morrinhos do Sul,,2013,Matemática,0,0,0,286.285,0,0
4312450,Morro Redondo,262.79,2013,Matemática,0,0,0,270.59000000000003,0,0
4312476,Morro Reuter,282.41,2013,Matemática,1,0,0,287.4925,0,0
4312500,Mostardas,255.79,2013,Matemática,0,0,0,251.8225,1,0
4312609,Muçum,268.88,2013,Matemática,0,0,0,268.775,0,0
4312617,Muitos Capões,226.09,2013,Matemática,0,0,0,260.4375,1,0
4312625,Muliterno,238.77,2013,Matemática,0,0,0,261.045,1,0
4312658,Não-Me-Toque,270.11,2013,Matemática,0,0,0,260.67,1,0
4312674,Nicolau Vergueiro,239.14,2013,Matemática,0,0,0,246.98,1,0
4312708,Nonoai,239.77,2013,Matemática,0,0,0,269.1175,0,0
4312757,Nova Alvorada,287.68,2013,Matemática,0,0,0,281.76,0,0
4312807,Nova Araçá,261.23,2013,Matemática,0,0,0,274.5925,0,0
4312906,Nova Bassano,251.07,2013,Matemática,0,0,0,266.2675,0,0
4312955,Nova Boa Vista,,2013,Matemática,0,0,0,276.22249999999997,0,0
4313003,Nova Bréscia,278.19,2013,Matemática,0,0,0,269.0575,0,0
4313011,Nova Candelária,296.26,2013,Matemática,0,0,0,284.65999999999997,0,0
4313037,Nova Esperança do Sul,252.96,2013,Matemática,0,0,0,253.46,1,0
4313060,Nova Hartz,258.64,2013,Matemática,1,0,0,269.175,0,0
4313086,Nova Pádua,272.42,2013,Matemática,0,0,0,262.9375,0,0
4313102,Nova Palma,266.11,2013,Matemática,0,0,0,264.4275,0,0
4313201,Nova Petrópolis,286.49,2013,Matemática,0,0,0,295.1225,0,0
4313300,Nova Prata,276.26,2013,Matemática,0,0,0,272.12,0,0
4313334,Nova Ramada,,2013,Matemática,0,0,0,,0,0
4313359,Nova Roma do Sul,299.41,2013,Matemática,0,0,0,282.83500000000004,0,0
4313375,Nova Santa Rita,251.73,2013,Matemática,0,0,0,263.56,0,0
4313391,Novo Cabrais,,2013,Matemática,0,0,0,,0,0
4313409,Novo Hamburgo,254.48,2013,Matemática,1,0,0,262.5975,0,0
4313425,Novo Machado,264.64,2013,Matemática,0,0,0,273.24,0,0
4313441,Novo Tiradentes,,2013,Matemática,0,0,0,,0,0
4313466,Novo Xingu,,2013,Matemática,0,0,0,264.58000000000004,0,0
4313490,Novo Barreiro,247.85,2013,Matemática,0,0,0,245.58499999999998,1,0
4313508,Osório,261.0,2013,Matemática,0,0,0,270.8225,0,0
4313607,Paim Filho,261.99,2013,Matemática,0,0,0,254.39,1,0
4313656,Palmares do Sul,228.23,2013,Matemática,0,0,0,248.7225,1,0
4313706,Palmeira das Missões,250.39,2013,Matemática,0,0,0,256.305,1,0
4313805,Palmitinho,249.82,2013,Matemática,0,0,0,269.9325,0,0
4313904,Panambi,268.88,2013,Matemática,0,0,0,276.56,0,0
4313953,Pantano Grande,236.1,2013,Matemática,0,0,0,246.0575,1,0
4314001,Paraí,262.38,2013,Matemática,0,0,0,279.74,0,0
4314027,Paraíso do Sul,271.54,2013,Matemática,1,0,0,270.52250000000004,0,0
4314035,Pareci Novo,290.74,2013,Matemática,1,0,0,283.0425,0,0
4314050,Parobé,259.97,2013,Matemática,1,0,0,267.53999999999996,0,0
4314068,Passa Sete,242.96,2013,Matemática,0,0,0,273.87,0,0
4314076,Passo do Sobrado,273.99,2013,Matemática,0,0,0,267.4075,0,0
4314100,Passo Fundo,247.39,2013,Matemática,0,0,0,257.48,1,0
4314134,Paulo Bento,263.9,2013,Matemática,0,0,0,274.035,0,0
4314159,Paverama,266.55,2013,Matemática,0,0,0,258.2,1,0
4314175,Pedras Altas,,2013,Matemática,0,0,0,,0,0
4314209,Pedro Osório,249.94,2013,Matemática,0,0,0,243.815,1,0
4314308,Pejuçara,274.05,2013,Matemática,0,0,0,274.65250000000003,0,0
4314407,Pelotas,252.51,2013,Matemática,1,0,0,264.845,0,0
4314423,Picada Café,295.26,2013,Matemática,0,0,0,294.65999999999997,0,0
4314456,Pinhal,273.83,2013,Matemática,0,0,0,269.0825,0,0
4314464,Pinhal da Serra,235.45,2013,Matemática,0,0,0,271.9825,0,0
4314472,Pinhal Grande,266.89,2013,Matemática,0,0,0,276.085,0,0
4314498,Pinheirinho do Vale,287.66,2013,Matemática,0,0,0,278.35,0,0
4314506,Pinheiro Machado,244.47,2013,Matemática,0,0,0,261.7125,1,0
4314548,Pinto Bandeira,293.57,2013,Matemática,0,0,0,275.36,0,0
4314555,Pirapó,249.9,2013,Matemática,0,0,0,263.7625,0,0
4314605,Piratini,226.95,2013,Matemática,0,0,0,256.49,1,0
4314704,Planalto,250.55,2013,Matemática,0,0,0,264.48,0,0
4314753,Poço das Antas,256.69,2013,Matemática,1,0,0,276.18,0,0
4314779,Pontão,249.47,2013,Matemática,0,0,0,272.495,0,0
4314787,Ponte Preta,284.58,2013,Matemática,0,0,0,269.605,0,0
4314803,Portão,275.6,2013,Matemática,1,0,0,280.7,0,0
4314902,Porto Alegre,246.92,2013,Matemática,1,0,0,253.5,1,0
4315008,Porto Lucena,272.03,2013,Matemática,0,0,0,265.32,0,0
4315057,Porto Mauá,263.55,2013,Matemática,0,0,0,254.38,1,0
4315073,Porto Vera Cruz,,2013,Matemática,0,0,0,263.54,0,0
4315107,Porto Xavier,270.11,2013,Matemática,0,0,0,272.135,0,0
4315131,Pouso Novo,,2013,Matemática,0,0,0,264.1375,0,0
4315149,Presidente Lucena,272.38,2013,Matemática,1,0,0,286.67,0,0
4315156,Progresso,239.16,2013,Matemática,0,0,0,247.5275,1,0
4315172,Protásio Alves,271.65,2013,Matemática,0,0,0,264.3575,0,0
4315206,Putinga,233.21,2013,Matemática,0,0,0,246.4325,1,0
4315305,Quaraí,253.96,2013,Matemática,0,0,0,267.21500000000003,0,0
4315313,Quatro Irmãos,267.91,2013,Matemática,0,0,0,261.11,1,0
4315321,Quevedos,,2013,Matemática,0,0,0,253.7125,1,0
4315354,Quinze de Novembro,249.42,2013,Matemática,0,0,0,275.4375,0,0
4315404,Redentora,249.92,2013,Matemática,0,0,0,250.36,1,0
4315453,Relvado,,2013,Matemática,0,0,0,281.5,0,0
4315503,Restinga Sêca,261.85,2013,Matemática,1,0,0,266.78249999999997,0,0
4315552,Rio dos Índios,,2013,Matemática,0,0,0,265.09000000000003,0,0
4315602,Rio Grande,249.05,2013,Matemática,1,0,0,262.90749999999997,0,0
4315701,Rio Pardo,246.46,2013,Matemática,0,0,0,261.53999999999996,1,0
4315750,Riozinho,270.46,2013,Matemática,0,0,0,270.635,0,0
4315800,Roca Sales,255.02,2013,Matemática,0,0,0,264.0675,0,0
4315909,Rodeio Bonito,256.71,2013,Matemática,0,0,0,274.935,0,0
4315958,Rolador,,2013,Matemática,0,0,0,280.1225,0,0
4316006,Rolante,259.43,2013,Matemática,0,0,0,268.5775,0,0
4316105,Ronda Alta,271.9,2013,Matemática,0,0,0,264.77,0,0
4316204,Rondinha,271.99,2013,Matemática,0,0,0,265.72249999999997,0,0
4316303,Roque Gonzales,276.74,2013,Matemática,0,0,0,277.695,0,0
4316402,Rosário do Sul,238.91,2013,Matemática,0,0,0,243.51999999999998,1,0
4316428,Sagrada Família,276.01,2013,Matemática,0,0,0,267.9,0,0
4316436,Saldanha Marinho,,2013,Matemática,0,0,0,292.145,0,0
4316451,Salto do Jacuí,263.64,2013,Matemática,0,0,0,263.0675,0,0
4316477,Salvador das Missões,292.63,2013,Matemática,0,0,0,274.1075,0,0
4316501,Salvador do Sul,293.64,2013,Matemática,1,0,0,295.6075,0,0
4316600,Sananduva,258.07,2013,Matemática,0,0,0,278.63750000000005,0,0
4316709,Santa Bárbara do Sul,237.8,2013,Matemática,0,0,0,249.405,1,0
4316733,Santa Cecília do Sul,,2013,Matemática,0,0,0,245.10500000000002,1,0
4316758,Santa Clara do Sul,299.81,2013,Matemática,0,0,0,284.4125,0,0
4316808,Santa Cruz do Sul,263.99,2013,Matemática,0,0,0,277.06,0,0
4316907,Santa Maria,262.74,2013,Matemática,0,0,0,270.0075,0,0
4316956,Santa Maria do Herval,,2013,Matemática,1,0,0,290.365,0,0
4316972,Santa Margarida do Sul,,2013,Matemática,0,0,0,252.86,1,0
4317004,Santana da Boa Vista,228.59,2013,Matemática,0,0,0,240.97,1,0
4317103,Sant'Ana do Livramento,234.15,2013,Matemática,0,0,0,250.275,1,0
4317202,Santa Rosa,258.92,2013,Matemática,0,0,0,270.305,0,0
4317251,Santa Tereza,,2013,Matemática,0,0,0,298.14,0,0
4317301,Santa Vitória do Palmar,251.45,2013,Matemática,1,0,0,239.61,1,0
4317400,Santiago,256.75,2013,Matemática,0,0,0,263.0475,0,0
4317509,Santo Ângelo,256.87,2013,Matemática,0,0,0,260.2575,1,0
4317558,Santo Antônio do Palma,257.95,2013,Matemática,0,0,0,267.3575,0,0
4317608,Santo Antônio da Patrulha,249.97,2013,Matemática,0,0,0,267.955,0,0
4317707,Santo Antônio das Missões,223.18,2013,Matemática,0,0,0,259.145,1,0
4317756,Santo Antônio do Planalto,250.83,2013,Matemática,0,0,0,269.45000000000005,0,0
4317806,Santo Augusto,249.09,2013,Matemática,0,0,0,262.945,0,0
4317905,Santo Cristo,274.47,2013,Matemática,0,0,0,280.7475,0,0
4317954,Santo Expedito do Sul,,2013,Matemática,0,0,0,273.025,0,0
4318002,São Borja,238.48,2013,Matemática,0,0,0,247.0775,1,0
4318051,São Domingos do Sul,287.12,2013,Matemática,0,0,0,281.8975,0,0
4318101,São Francisco de Assis,233.21,2013,Matemática,0,0,0,235.9175,1,0
4318200,São Francisco de Paula,239.43,2013,Matemática,0,0,0,250.665,1,0
4318309,São Gabriel,225.61,2013,Matemática,0,0,0,246.1925,1,0
4318408,São Jerônimo,258.35,2013,Matemática,0,0,0,256.955,1,0
4318424,São João da Urtiga,246.44,2013,Matemática,0,0,0,270.5125,0,0
4318432,São João do Polêsine,259.65,2013,Matemática,0,0,0,286.72,0,0
4318440,São Jorge,260.87,2013,Matemática,0,0,0,261.30499999999995,1,0
4318457,São José das Missões,240.43,2013,Matemática,0,0,0,269.15500000000003,0,0
4318465,São José do Herval,,2013,Matemática,0,0,0,275.05,0,0
4318481,São José do Hortêncio,299.77,2013,Matemática,1,0,0,288.51750000000004,0,0
4318499,São José do Inhacorá,289.77,2013,Matemática,0,0,0,,0,0
4318507,São José do Norte,253.04,2013,Matemática,1,0,0,259.2975,1,0
4318606,São José do Ouro,272.25,2013,Matemática,0,0,0,274.76,0,0
4318614,São José do Sul,,2013,Matemática,1,0,0,272.265,0,0
4318622,São José dos Ausentes,253.17,2013,Matemática,0,0,0,251.92000000000002,1,0
4318705,São Leopoldo,259.29,2013,Matemática,1,0,0,262.5125,0,0
4318804,São Lourenço do Sul,270.36,2013,Matemática,1,0,0,278.795,0,0
4318903,São Luiz Gonzaga,258.99,2013,Matemática,0,0,0,261.3875,1,0
4319000,São Marcos,276.35,2013,Matemática,0,0,0,293.1125,0,0
4319109,São Martinho,271.89,2013,Matemática,0,0,0,277.43,0,0
4319125,São Martinho da Serra,218.36,2013,Matemática,0,0,0,,0,0
4319158,São Miguel das Missões,233.24,2013,Matemática,0,0,0,269.61,0,0
4319208,São Nicolau,259.88,2013,Matemática,0,0,0,254.625,1,0
4319307,São Paulo das Missões,287.56,2013,Matemática,0,0,0,284.695,0,0
4319356,São Pedro da Serra,286.33,2013,Matemática,1,0,0,273.54999999999995,0,0
4319364,São Pedro das Missões,,2013,Matemática,0,0,0,,0,0
4319372,São Pedro do Butiá,269.83,2013,Matemática,0,0,0,291.7675,0,0
4319406,São Pedro do Sul,267.81,2013,Matemática,0,0,0,264.2025,0,0
4319505,São Sebastião do Caí,270.6,2013,Matemática,0,0,0,263.9225,0,0
4319604,São Sepé,254.97,2013,Matemática,0,0,0,255.82750000000001,1,0
4319703,São Valentim,289.08,2013,Matemática,0,0,0,269.0475,0,0
4319711,São Valentim do Sul,,2013,Matemática,0,0,0,290.6475,0,0
4319737,São Valério do Sul,,2013,Matemática,0,0,0,245.83499999999998,1,0
4319752,São Vendelino,288.87,2013,Matemática,1,0,0,290.555,0,0
4319802,São Vicente do Sul,259.78,2013,Matemática,0,0,0,262.9875,0,0
4319901,Sapiranga,273.25,2013,Matemática,1,0,0,277.77250000000004,0,0
4320008,Sapucaia do Sul,258.83,2013,Matemática,0,0,0,268.925,0,0
4320107,Sarandi,258.64,2013,Matemática,0,0,0,265.0,0,0
4320206,Seberi,277.31,2013,Matemática,0,0,0,278.505,0,0
4320230,Sede Nova,274.96,2013,Matemática,0,0,0,276.6425,0,0
4320263,Segredo,,2013,Matemática,1,0,0,270.01,0,0
4320305,Selbach,292.26,2013,Matemática,0,0,0,287.625,0,0
4320321,Senador Salgado Filho,254.34,2013,Matemática,0,0,0,268.28499999999997,0,0
4320354,Sentinela do Sul,224.84,2013,Matemática,1,0,0,229.37,1,0
4320404,Serafina Corrêa,278.99,2013,Matemática,0,0,0,279.6825,0,0
4320453,Sério,257.86,2013,Matemática,0,0,0,260.0575,1,0
4320503,Sertão,254.89,2013,Matemática,0,0,0,260.6175,1,0
4320552,Sertão Santana,254.48,2013,Matemática,1,0,0,267.15999999999997,0,0
4320578,Sete de Setembro,276.62,2013,Matemática,0,0,0,278.165,0,0
4320602,Severiano de Almeida,269.28,2013,Matemática,0,0,0,292.7975,0,0
4320651,Silveira Martins,,2013,Matemática,0,0,0,283.24,0,0
4320677,Sinimbu,282.55,2013,Matemática,0,0,0,275.19,0,0
4320701,Sobradinho,272.61,2013,Matemática,0,0,0,265.2925,0,0
4320800,Soledade,249.84,2013,Matemática,0,0,0,256.075,1,0
4320859,Tabaí,,2013,Matemática,0,0,0,274.5875,0,0
4320909,Tapejara,268.72,2013,Matemática,0,0,0,267.5675,0,0
4321006,Tapera,249.34,2013,Matemática,0,0,0,264.74,0,0
4321105,Tapes,243.56,2013,Matemática,0,0,0,259.66499999999996,1,0
4321204,Taquara,254.5,2013,Matemática,1,0,0,254.595,1,0
4321303,Taquari,253.17,2013,Matemática,1,0,0,258.84,1,0
4321329,Taquaruçu do Sul,262.52,2013,Matemática,0,0,0,285.52,0,0
4321352,Tavares,236.84,2013,Matemática,0,0,0,250.535,1,0
4321402,Tenente Portela,259.18,2013,Matemática,0,0,0,253.49,1,0
4321436,Terra de Areia,255.71,2013,Matemática,0,0,0,282.2875,0,0
4321451,Teutônia,269.07,2013,Matemática,0,0,0,284.005,0,0
4321469,Tio Hugo,,2013,Matemática,0,0,0,272.2075,0,0
4321477,Tiradentes do Sul,257.67,2013,Matemática,0,0,0,283.9075,0,0
4321493,Toropi,254.08,2013,Matemática,0,0,0,242.08749999999998,1,0
4321501,Torres,255.49,2013,Matemática,0,0,0,265.0675,0,0
4321600,Tramandaí,255.24,2013,Matemática,0,0,0,271.6275,0,0
4321626,Travesseiro,275.42,2013,Matemática,0,0,0,275.8225,0,0
4321634,Três Arroios,,2013,Matemática,0,0,0,293.435,0,0
4321667,Três Cachoeiras,263.72,2013,Matemática,0,0,0,274.79,0,0
4321709,Três Coroas,270.91,2013,Matemática,0,0,0,281.4075,0,0
4321808,Três de Maio,249.46,2013,Matemática,0,0,0,264.6975,0,0
4321832,Três Forquilhas,278.93,2013,Matemática,0,0,0,263.8075,0,0
4321857,Três Palmeiras,243.95,2013,Matemática,0,0,0,265.375,0,0
4321907,Três Passos,269.86,2013,Matemática,0,0,0,276.645,0,0
4321956,Trindade do Sul,256.18,2013,Matemática,0,0,0,267.1225,0,0
4322004,Triunfo,234.0,2013,Matemática,0,0,0,248.135,1,0
4322103,Tucunduva,269.6,2013,Matemática,0,0,0,279.47749999999996,0,0
4322152,Tunas,225.98,2013,Matemática,0,0,0,260.325,1,0
4322186,Tupanci do Sul,285.03,2013,Matemática,0,0,0,294.8675,0,0
4322202,Tupanciretã,243.22,2013,Matemática,0,0,0,261.90250000000003,0,0
4322251,Tupandi,305.5,2013,Matemática,1,0,0,297.295,0,0
4322301,Tuparendi,265.36,2013,Matemática,0,0,0,265.695,0,0
4322327,Turuçu,,2013,Matemática,1,0,0,283.5375,0,0
4322343,Ubiretama,260.62,2013,Matemática,0,0,0,256.1475,1,0
4322350,União da Serra,,2013,Matemática,0,0,0,267.9825,0,0
4322376,Unistalda,275.24,2013,Matemática,0,0,0,285.225,0,0
4322400,Uruguaiana,234.94,2013,Matemática,0,0,0,246.65,1,0
4322509,Vacaria,255.82,2013,Matemática,0,0,0,264.72249999999997,0,0
4322525,Vale Verde,261.98,2013,Matemática,0,0,0,270.515,0,0
4322533,Vale do Sol,279.41,2013,Matemática,0,0,0,270.97749999999996,0,0
4322541,Vale Real,275.2,2013,Matemática,0,0,0,290.5575,0,0
4322558,Vanini,267.15,2013,Matemática,0,0,0,293.3175,0,0
4322608,Venâncio Aires,264.61,2013,Matemática,0,0,0,269.6225,0,0
4322707,Vera Cruz,255.98,2013,Matemática,0,0,0,267.53,0,0
4322806,Veranópolis,281.24,2013,Matemática,0,0,0,275.505,0,0
4322855,Vespasiano Corrêa,286.77,2013,Matemática,1,0,0,279.6375,0,0
4322905,Viadutos,258.06,2013,Matemática,0,0,0,283.3825,0,0
4323002,Viamão,236.16,2013,Matemática,0,0,0,248.1,1,0
4323101,Vicente Dutra,238.5,2013,Matemática,0,0,0,240.8075,1,0
4323200,Victor Graeff,277.63,2013,Matemática,0,0,0,273.8225,0,0
4323309,Vila Flores,268.11,2013,Matemática,0,0,0,284.625,0,0
4323358,Vila Lângaro,279.15,2013,Matemática,0,0,0,279.46,0,0
4323408,Vila Maria,249.17,2013,Matemática,0,0,0,263.60749999999996,0,0
4323457,Vila Nova do Sul,,2013,Matemática,0,0,0,244.41,1,0
4323507,Vista Alegre,251.26,2013,Matemática,0,0,0,278.615,0,0
4323606,Vista Alegre do Prata,,2013,Matemática,0,0,0,271.9225,0,0
4323705,Vista Gaúcha,247.3,2013,Matemática,0,0,0,264.475,0,0
4323754,Vitória das Missões,,2013,Matemática,0,0,0,271.16,0,0
4323770,Westfália,281.78,2013,Matemática,0,0,0,283.4925,0,0
4323804,Xangri-lá,255.18,2013,Matemática,0,0,0,265.4425,0,0
4300034,Aceguá,,2013,Língua Portuguesa,0,0,0,258.8025,1,0
4300059,Água Santa,240.67,2013,Língua Portuguesa,0,0,0,273.90999999999997,0,0
4300109,Agudo,247.99,2013,Língua Portuguesa,1,0,0,283.125,0,0
4300208,Ajuricaba,,2013,Língua Portuguesa,0,0,0,282.4875,0,0
4300307,Alecrim,274.56,2013,Língua Portuguesa,0,0,0,270.22,0,0
4300406,Alegrete,239.51,2013,Língua Portuguesa,0,0,0,255.27499999999998,1,0
4300455,Alegria,241.23,2013,Língua Portuguesa,0,0,0,248.785,1,0
4300471,Almirante Tamandaré do Sul,,2013,Língua Portuguesa,0,0,0,263.03499999999997,0,0
4300505,Alpestre,244.67,2013,Língua Portuguesa,0,0,0,253.365,1,0
4300554,Alto Alegre,,2013,Língua Portuguesa,0,0,0,268.0275,0,0
4300570,Alto Feliz,264.38,2013,Língua Portuguesa,1,0,0,272.85,0,0
4300604,Alvorada,234.63,2013,Língua Portuguesa,0,0,0,249.875,1,0
4300638,Amaral Ferrador,204.67,2013,Língua Portuguesa,0,0,0,243.3175,1,0
4300646,Ametista do Sul,240.14,2013,Língua Portuguesa,0,0,0,260.3375,1,0
4300661,André da Rocha,248.14,2013,Língua Portuguesa,0,0,0,,0,0
4300703,Anta Gorda,256.42,2013,Língua Portuguesa,0,0,0,275.6625,0,0
4300802,Antônio Prado,247.69,2013,Língua Portuguesa,0,0,0,278.4175,0,0
4300851,Arambaré,243.16,2013,Língua Portuguesa,0,0,0,261.385,1,0
4300877,Araricá,261.02,2013,Língua Portuguesa,1,0,0,267.5125,0,0
4300901,Aratiba,261.46,2013,Língua Portuguesa,0,0,0,272.885,0,0
4301008,Arroio do Meio,267.12,2013,Língua Portuguesa,0,0,0,278.38,0,0
4301057,Arroio do Sal,250.9,2013,Língua Portuguesa,0,0,0,259.7175,1,0
4301073,Arroio do Padre,253.37,2013,Língua Portuguesa,0,0,0,276.6875,0,0
4301107,Arroio dos Ratos,245.91,2013,Língua Portuguesa,0,0,0,258.9475,1,0
4301206,Arroio do Tigre,263.0,2013,Língua Portuguesa,1,0,0,273.1425,0,0
4301305,Arroio Grande,239.52,2013,Língua Portuguesa,1,0,0,252.03,1,0
4301404,Arvorezinha,235.13,2013,Língua Portuguesa,0,0,0,254.0325,1,0
4301503,Augusto Pestana,252.03,2013,Língua Portuguesa,0,0,0,287.62,0,0
4301552,Áurea,262.28,2013,Língua Portuguesa,0,0,0,287.3,0,0
4301602,Bagé,230.78,2013,Língua Portuguesa,0,0,0,259.52750000000003,1,0
4301636,Balneário Pinhal,217.22,2013,Língua Portuguesa,0,0,0,248.6575,1,0
4301651,Barão,264.05,2013,Língua Portuguesa,1,0,0,286.47749999999996,0,0
4301701,Barão de Cotegipe,259.69,2013,Língua Portuguesa,0,0,0,261.39,1,0
4301750,Barão do Triunfo,224.25,2013,Língua Portuguesa,0,0,0,247.54500000000002,1,0
4301800,Barracão,250.42,2013,Língua Portuguesa,0,0,0,260.42,1,0
4301859,Barra do Guarita,245.38,2013,Língua Portuguesa,0,0,0,245.8625,1,0
4301875,Barra do Quaraí,247.95,2013,Língua Portuguesa,0,0,0,246.0125,1,0
4301909,Barra do Ribeiro,245.33,2013,Língua Portuguesa,0,0,0,248.1525,1,0
4301925,Barra do Rio Azul,,2013,Língua Portuguesa,0,0,0,291.45500000000004,0,0
4301958,Barra Funda,238.44,2013,Língua Portuguesa,0,0,0,280.58500000000004,0,0
4302006,Barros Cassal,243.92,2013,Língua Portuguesa,0,0,0,242.02249999999998,1,0
4302055,Benjamin Constant do Sul,231.85,2013,Língua Portuguesa,0,0,0,250.905,1,0
4302105,Bento Gonçalves,256.54,2013,Língua Portuguesa,0,0,0,278.49,0,0
4302154,Boa Vista das Missões,260.53,2013,Língua Portuguesa,0,0,0,272.745,0,0
4302204,Boa Vista do Buricá,268.06,2013,Língua Portuguesa,0,0,0,283.9475,0,0
4302220,Boa Vista do Cadeado,241.86,2013,Língua Portuguesa,0,0,0,232.07,1,0
4302238,Boa Vista do Incra,217.61,2013,Língua Portuguesa,0,0,0,263.09000000000003,0,0
4302253,Boa Vista do Sul,267.62,2013,Língua Portuguesa,0,0,0,276.225,0,0
4302303,Bom Jesus,238.93,2013,Língua Portuguesa,0,0,0,262.40999999999997,0,0
4302352,Bom Princípio,282.38,2013,Língua Portuguesa,1,0,0,294.6,0,0
4302378,Bom Progresso,261.52,2013,Língua Portuguesa,0,0,0,272.47,0,0
4302402,Bom Retiro do Sul,258.12,2013,Língua Portuguesa,1,0,0,279.4075,0,0
4302451,Boqueirão do Leão,259.51,2013,Língua Portuguesa,0,0,0,260.3675,1,0
4302501,Bossoroca,238.13,2013,Língua Portuguesa,0,0,0,250.0275,1,0
4302584,Bozano,222.69,2013,Língua Portuguesa,0,0,0,283.14,0,0
4302600,Braga,276.06,2013,Língua Portuguesa,0,0,0,266.14,0,0
4302659,Brochier,278.1,2013,Língua Portuguesa,1,0,0,317.675,0,0
4302709,Butiá,239.62,2013,Língua Portuguesa,1,0,0,227.42000000000002,1,0
4302808,Caçapava do Sul,235.47,2013,Língua Portuguesa,0,0,0,254.54250000000002,1,0
4302907,Cacequi,220.21,2013,Língua Portuguesa,0,0,0,243.95499999999998,1,0
4303004,Cachoeira do Sul,252.79,2013,Língua Portuguesa,1,0,0,259.44,1,0
4303103,Cachoeirinha,244.18,2013,Língua Portuguesa,0,0,0,254.6925,1,0
4303202,Cacique Doble,253.81,2013,Língua Portuguesa,0,0,0,268.835,0,0
4303301,Caibaté,249.69,2013,Língua Portuguesa,0,0,0,253.8675,1,0
4303400,Caiçara,244.64,2013,Língua Portuguesa,0,0,0,263.9725,0,0
4303509,Camaquã,240.67,2013,Língua Portuguesa,1,0,0,257.87,1,0
4303558,Camargo,245.66,2013,Língua Portuguesa,0,0,0,277.94500000000005,0,0
4303608,Cambará do Sul,230.03,2013,Língua Portuguesa,0,0,0,253.89499999999998,1,0
4303673,Campestre da Serra,261.26,2013,Língua Portuguesa,0,0,0,280.15999999999997,0,0
4303707,Campina das Missões,248.4,2013,Língua Portuguesa,0,0,0,276.8675,0,0
4303806,Campinas do Sul,,2013,Língua Portuguesa,0,0,0,287.3275,0,0
4303905,Campo Bom,261.67,2013,Língua Portuguesa,1,0,0,277.98,0,0
4304002,Campo Novo,231.26,2013,Língua Portuguesa,0,0,0,250.65,1,0
4304101,Campos Borges,240.2,2013,Língua Portuguesa,0,0,0,248.02749999999997,1,0
4304200,Candelária,233.44,2013,Língua Portuguesa,0,0,0,257.2225,1,0
4304309,Cândido Godói,270.34,2013,Língua Portuguesa,0,0,0,277.0475,0,0
4304358,Candiota,235.45,2013,Língua Portuguesa,0,0,0,256.425,1,0
4304408,Canela,248.31,2013,Língua Portuguesa,0,0,0,265.1925,0,0
4304507,Canguçu,286.67,2013,Língua Portuguesa,0,0,0,286.52250000000004,0,0
4304606,Canoas,251.49,2013,Língua Portuguesa,1,0,0,262.84000000000003,0,0
4304614,Canudos do Vale,,2013,Língua Portuguesa,0,0,0,261.0825,1,0
4304622,Capão Bonito do Sul,221.55,2013,Língua Portuguesa,0,0,0,252.98250000000002,1,0
4304630,Capão da Canoa,239.22,2013,Língua Portuguesa,0,0,0,264.2625,0,0
4304655,Capão do Cipó,205.42,2013,Língua Portuguesa,0,0,0,260.1325,1,0
4304663,Capão do Leão,241.29,2013,Língua Portuguesa,1,0,0,257.65,1,0
4304671,Capivari do Sul,265.6,2013,Língua Portuguesa,0,0,0,265.8975,0,0
4304689,Capela de Santana,239.85,2013,Língua Portuguesa,1,0,0,260.0325,1,0
4304697,Capitão,257.94,2013,Língua Portuguesa,0,0,0,275.08000000000004,0,0
4304705,Carazinho,242.21,2013,Língua Portuguesa,0,0,0,258.59749999999997,1,0
4304713,Caraá,239.97,2013,Língua Portuguesa,0,0,0,223.9,1,0
4304804,Carlos Barbosa,267.36,2013,Língua Portuguesa,0,0,0,285.27,0,0
4304903,Casca,259.62,2013,Língua Portuguesa,0,0,0,270.7,0,0
4304952,Caseiros,221.79,2013,Língua Portuguesa,0,0,0,258.97,1,0
4305009,Catuípe,239.31,2013,Língua Portuguesa,0,0,0,271.6225,0,0
4305108,Caxias do Sul,258.48,2013,Língua Portuguesa,1,0,0,268.43,0,0
4305116,Centenário,269.75,2013,Língua Portuguesa,0,0,0,286.9775,0,0
4305124,Cerrito,,2013,Língua Portuguesa,0,0,0,267.835,0,0
4305132,Cerro Branco,243.94,2013,Língua Portuguesa,0,0,0,271.105,0,0
4305157,Cerro Grande,245.02,2013,Língua Portuguesa,0,0,0,279.815,0,0
4305173,Cerro Grande do Sul,252.04,2013,Língua Portuguesa,1,0,0,264.0375,0,0
4305207,Cerro Largo,272.5,2013,Língua Portuguesa,0,0,0,286.55,0,0
4305306,Chapada,261.7,2013,Língua Portuguesa,0,0,0,270.98249999999996,0,0
4305355,Charqueadas,249.69,2013,Língua Portuguesa,0,0,0,261.0675,1,0
4305371,Charrua,271.24,2013,Língua Portuguesa,0,0,0,275.225,0,0
4305405,Chiapetta,235.18,2013,Língua Portuguesa,0,0,0,261.68,1,0
4305439,Chuí,212.42,2013,Língua Portuguesa,1,0,0,,0,0
4305447,Chuvisca,242.68,2013,Língua Portuguesa,1,0,0,260.015,1,0
4305454,Cidreira,239.46,2013,Língua Portuguesa,0,0,0,258.90999999999997,1,0
4305504,Ciríaco,254.71,2013,Língua Portuguesa,0,0,0,256.21250000000003,1,0
4305587,Colinas,,2013,Língua Portuguesa,0,0,0,288.32,0,0
4305603,Colorado,,2013,Língua Portuguesa,0,0,0,291.46000000000004,0,0
4305702,Condor,246.03,2013,Língua Portuguesa,0,0,0,268.6075,0,0
4305801,Constantina,263.65,2013,Língua Portuguesa,0,0,0,268.3375,0,0
4305835,Coqueiro Baixo,,2013,Língua Portuguesa,0,0,0,296.775,0,0
4305850,Coqueiros do Sul,,2013,Língua Portuguesa,0,0,0,235.36,1,0
4305871,Coronel Barros,246.32,2013,Língua Portuguesa,0,0,0,287.375,0,0
4305900,Coronel Bicaco,258.9,2013,Língua Portuguesa,0,0,0,251.2725,1,0
4305934,Coronel Pilar,,2013,Língua Portuguesa,0,0,0,274.95500000000004,0,0
4305959,Cotiporã,266.41,2013,Língua Portuguesa,0,0,0,279.155,0,0
4305975,Coxilha,248.27,2013,Língua Portuguesa,0,0,0,262.2375,0,0
4306007,Crissiumal,254.98,2013,Língua Portuguesa,0,0,0,277.26,0,0
4306056,Cristal,241.87,2013,Língua Portuguesa,0,0,0,262.325,0,0
4306072,Cristal do Sul,248.41,2013,Língua Portuguesa,0,0,0,239.67000000000002,1,0
4306106,Cruz Alta,238.74,2013,Língua Portuguesa,0,0,0,255.2525,1,0
4306130,Cruzaltense,236.73,2013,Língua Portuguesa,0,0,0,287.585,0,0
4306205,Cruzeiro do Sul,242.22,2013,Língua Portuguesa,1,0,0,264.855,0,0
4306304,David Canabarro,247.4,2013,Língua Portuguesa,0,0,0,268.75,0,0
4306320,Derrubadas,251.36,2013,Língua Portuguesa,0,0,0,286.65999999999997,0,0
4306353,Dezesseis de Novembro,,2013,Língua Portuguesa,0,0,0,257.25250000000005,1,0
4306379,Dilermando de Aguiar,219.95,2013,Língua Portuguesa,0,0,0,,0,0
4306403,Dois Irmãos,272.5,2013,Língua Portuguesa,1,0,0,281.48,0,0
4306429,Dois Irmãos das Missões,,2013,Língua Portuguesa,0,0,0,,0,0
4306452,Dois Lajeados,286.36,2013,Língua Portuguesa,0,0,0,296.695,0,0
4306502,Dom Feliciano,250.85,2013,Língua Portuguesa,1,0,0,267.5075,0,0
4306551,Dom Pedro de Alcântara,255.94,2013,Língua Portuguesa,0,0,0,269.84,0,0
4306601,Dom Pedrito,223.72,2013,Língua Portuguesa,0,0,0,249.8275,1,0
4306700,Dona Francisca,260.37,2013,Língua Portuguesa,1,0,0,274.475,0,0
4306734,Doutor Maurício Cardoso,249.02,2013,Língua Portuguesa,0,0,0,261.805,0,0
4306759,Doutor Ricardo,,2013,Língua Portuguesa,0,0,0,,0,0
4306767,Eldorado do Sul,246.33,2013,Língua Portuguesa,0,0,0,259.9975,1,0
4306809,Encantado,260.23,2013,Língua Portuguesa,0,0,0,280.855,0,0
4306908,Encruzilhada do Sul,252.64,2013,Língua Portuguesa,0,0,0,256.9325,1,0
4306924,Engenho Velho,235.17,2013,Língua Portuguesa,0,0,0,227.77,1,0
4306932,Entre-Ijuís,256.96,2013,Língua Portuguesa,0,0,0,262.28499999999997,0,0
4306957,Entre Rios do Sul,237.12,2013,Língua Portuguesa,0,0,0,291.59000000000003,0,0
4306973,Erebango,252.48,2013,Língua Portuguesa,0,0,0,266.5475,0,0
4307005,Erechim,270.22,2013,Língua Portuguesa,0,0,0,276.5175,0,0
4307054,Ernestina,254.91,2013,Língua Portuguesa,0,0,0,262.69,0,0
4307104,Herval,245.24,2013,Língua Portuguesa,0,0,0,258.245,1,0
4307203,Erval Grande,253.32,2013,Língua Portuguesa,0,0,0,262.9125,0,0
4307302,Erval Seco,257.29,2013,Língua Portuguesa,0,0,0,271.1925,0,0
4307401,Esmeralda,,2013,Língua Portuguesa,0,0,0,255.6775,1,0
4307450,Esperança do Sul,,2013,Língua Portuguesa,0,0,0,249.405,1,0
4307500,Espumoso,271.32,2013,Língua Portuguesa,0,0,0,274.885,0,0
4307559,Estação,236.47,2013,Língua Portuguesa,0,0,0,269.89,0,0
4307609,Estância Velha,253.86,2013,Língua Portuguesa,1,0,0,271.89,0,0
4307708,Esteio,250.59,2013,Língua Portuguesa,0,0,0,255.48250000000002,1,0
4307807,Estrela,259.39,2013,Língua Portuguesa,1,0,0,272.0675,0,0
4307815,Estrela Velha,252.49,2013,Língua Portuguesa,1,0,0,259.7125,1,0
4307831,Eugênio de Castro,275.49,2013,Língua Portuguesa,0,0,0,275.15250000000003,0,0
4307864,Fagundes Varela,265.7,2013,Língua Portuguesa,0,0,0,262.72249999999997,0,0
4307906,Farroupilha,256.94,2013,Língua Portuguesa,0,0,0,289.96500000000003,0,0
4308003,Faxinal do Soturno,262.66,2013,Língua Portuguesa,0,0,0,270.95,0,0
4308052,Faxinalzinho,257.85,2013,Língua Portuguesa,0,0,0,238.07999999999998,1,0
4308078,Fazenda Vilanova,264.96,2013,Língua Portuguesa,0,0,0,266.7075,0,0
4308102,Feliz,282.22,2013,Língua Portuguesa,1,0,0,292.92,0,0
4308201,Flores da Cunha,278.86,2013,Língua Portuguesa,0,0,0,287.8225,0,0
4308250,Floriano Peixoto,255.29,2013,Língua Portuguesa,0,0,0,289.125,0,0
4308300,Fontoura Xavier,238.86,2013,Língua Portuguesa,0,0,0,256.0175,1,0
4308409,Formigueiro,253.08,2013,Língua Portuguesa,0,0,0,247.4175,1,0
4308433,Forquetinha,,2013,Língua Portuguesa,1,0,0,258.475,1,0
4308458,Fortaleza dos Valos,255.86,2013,Língua Portuguesa,0,0,0,260.8175,1,0
4308508,Frederico Westphalen,267.89,2013,Língua Portuguesa,0,0,0,281.63,0,0
4308607,Garibaldi,263.76,2013,Língua Portuguesa,0,0,0,277.8825,0,0
4308656,Garruchos,,2013,Língua Portuguesa,0,0,0,263.995,0,0
4308706,Gaurama,263.67,2013,Língua Portuguesa,0,0,0,277.07,0,0
4308805,General Câmara,260.18,2013,Língua Portuguesa,0,0,0,238.71249999999998,1,0
4308854,Gentil,,2013,Língua Portuguesa,0,0,0,276.245,0,0
4308904,Getúlio Vargas,261.73,2013,Língua Portuguesa,0,0,0,269.7425,0,0
4309001,Giruá,245.72,2013,Língua Portuguesa,0,0,0,252.3975,1,0
4309050,Glorinha,223.5,2013,Língua Portuguesa,0,0,0,260.4,1,0
4309100,Gramado,262.53,2013,Língua Portuguesa,1,0,0,273.725,0,0
4309126,Gramado dos Loureiros,258.6,2013,Língua Portuguesa,0,0,0,287.33500000000004,0,0
4309159,Gramado Xavier,223.3,2013,Língua Portuguesa,0,0,0,262.23,0,0
4309209,Gravataí,240.45,2013,Língua Portuguesa,0,0,0,258.17,1,0
4309258,Guabiju,,2013,Língua Portuguesa,0,0,0,295.995,0,0
4309308,Guaíba,250.79,2013,Língua Portuguesa,0,0,0,259.62,1,0
4309407,Guaporé,260.05,2013,Língua Portuguesa,0,0,0,270.3025,0,0
4309506,Guarani das Missões,255.91,2013,Língua Portuguesa,0,0,0,260.4675,1,0
4309555,Harmonia,286.05,2013,Língua Portuguesa,1,0,0,289.6925,0,0
4309571,Herveiras,239.84,2013,Língua Portuguesa,0,0,0,,0,0
4309605,Horizontina,264.49,2013,Língua Portuguesa,0,0,0,275.78999999999996,0,0
4309654,Hulha Negra,242.53,2013,Língua Portuguesa,0,0,0,243.965,1,0
4309704,Humaitá,262.35,2013,Língua Portuguesa,0,0,0,269.4625,0,0
4309753,Ibarama,258.23,2013,Língua Portuguesa,1,0,0,266.0775,0,0
4309803,Ibiaçá,264.02,2013,Língua Portuguesa,0,0,0,268.3,0,0
4309902,Ibiraiaras,273.44,2013,Língua Portuguesa,0,0,0,277.61,0,0
4309951,Ibirapuitã,247.3,2013,Língua Portuguesa,0,0,0,259.635,1,0
4310009,Ibirubá,267.68,2013,Língua Portuguesa,0,0,0,284.3225,0,0
4310108,Igrejinha,268.94,2013,Língua Portuguesa,1,0,0,280.45500000000004,0,0
4310207,Ijuí,256.14,2013,Língua Portuguesa,0,0,0,276.125,0,0
4310306,Ilópolis,250.24,2013,Língua Portuguesa,0,0,0,274.415,0,0
4310330,Imbé,249.94,2013,Língua Portuguesa,0,0,0,265.9125,0,0
4310363,Imigrante,,2013,Língua Portuguesa,0,0,0,314.095,0,0
4310405,Independência,246.46,2013,Língua Portuguesa,0,0,0,270.01,0,0
4310413,Inhacorá,235.52,2013,Língua Portuguesa,0,0,0,241.72,1,0
4310439,Ipê,263.88,2013,Língua Portuguesa,0,0,0,278.12,0,0
4310462,Ipiranga do Sul,244.51,2013,Língua Portuguesa,0,0,0,273.4625,0,0
4310504,Iraí,272.12,2013,Língua Portuguesa,0,0,0,278.305,0,0
4310538,Itaara,238.58,2013,Língua Portuguesa,0,0,0,270.71500000000003,0,0
4310553,Itacurubi,246.97,2013,Língua Portuguesa,0,0,0,248.8,1,0
4310579,Itapuca,222.79,2013,Língua Portuguesa,0,0,0,261.815,0,0
4310603,Itaqui,242.72,2013,Língua Portuguesa,0,0,0,250.2475,1,0
4310652,Itati,264.21,2013,Língua Portuguesa,0,0,0,277.8825,0,0
4310702,Itatiba do Sul,257.51,2013,Língua Portuguesa,0,0,0,281.985,0,0
4310751,Ivorá,256.73,2013,Língua Portuguesa,0,0,0,257.36,1,0
4310801,Ivoti,269.69,2013,Língua Portuguesa,1,0,0,290.4175,0,0
4310850,Jaboticaba,254.9,2013,Língua Portuguesa,0,0,0,270.905,0,0
4310876,Jacuizinho,,2013,Língua Portuguesa,0,0,0,230.04,1,0
4310900,Jacutinga,299.22,2013,Língua Portuguesa,0,0,0,288.6225,0,0
4311007,Jaguarão,243.86,2013,Língua Portuguesa,0,0,0,266.1075,0,0
4311106,Jaguari,259.91,2013,Língua Portuguesa,0,0,0,275.045,0,0
4311122,Jaquirana,221.33,2013,Língua Portuguesa,0,0,0,242.95,1,0
4311130,Jari,,2013,Língua Portuguesa,0,0,0,263.505,0,0
4311155,Jóia,267.87,2013,Língua Portuguesa,0,0,0,269.4425,0,0
4311205,Júlio de Castilhos,268.38,2013,Língua Portuguesa,0,0,0,262.755,0,0
4311239,Lagoa Bonita do Sul,250.84,2013,Língua Portuguesa,0,0,0,245.8575,1,0
4311254,Lagoão,241.78,2013,Língua Portuguesa,0,0,0,265.555,0,0
4311270,Lagoa dos Três Cantos,,2013,Língua Portuguesa,0,0,0,278.515,0,0
4311304,Lagoa Vermelha,249.88,2013,Língua Portuguesa,0,0,0,258.63,1,0
4311403,Lajeado,255.02,2013,Língua Portuguesa,1,0,0,276.10249999999996,0,0
4311429,Lajeado do Bugre,234.7,2013,Língua Portuguesa,0,0,0,,0,0
4311502,Lavras do Sul,243.02,2013,Língua Portuguesa,0,0,0,254.60250000000002,1,0
4311601,Liberato Salzano,,2013,Língua Portuguesa,0,0,0,265.94,0,0
4311627,Lindolfo Collor,255.76,2013,Língua Portuguesa,0,0,0,281.4275,0,0
4311643,Linha Nova,,2013,Língua Portuguesa,1,0,0,286.825,0,0
4311700,Machadinho,235.61,2013,Língua Portuguesa,0,0,0,260.32,1,0
4311718,Maçambará,235.62,2013,Língua Portuguesa,0,0,0,232.3275,1,0
4311734,Mampituba,,2013,Língua Portuguesa,0,0,0,271.475,0,0
4311759,Manoel Viana,253.73,2013,Língua Portuguesa,0,0,0,253.1625,1,0
4311775,Maquiné,258.8,2013,Língua Portuguesa,0,0,0,261.61,1,0
4311791,Maratá,,2013,Língua Portuguesa,0,0,0,279.76,0,0
4311809,Marau,252.36,2013,Língua Portuguesa,0,0,0,265.78,0,0
4311908,Marcelino Ramos,251.15,2013,Língua Portuguesa,0,0,0,244.51999999999998,1,0
4311981,Mariana Pimentel,,2013,Língua Portuguesa,0,0,0,261.555,1,0
4312005,Mariano Moro,249.6,2013,Língua Portuguesa,0,0,0,237.0475,1,0
4312054,Marques de Souza,,2013,Língua Portuguesa,0,0,0,283.3525,0,0
4312104,Mata,260.1,2013,Língua Portuguesa,0,0,0,262.84250000000003,0,0
4312138,Mato Castelhano,219.73,2013,Língua Portuguesa,0,0,0,232.94,1,0
4312153,Mato Leitão,276.66,2013,Língua Portuguesa,0,0,0,283.765,0,0
4312179,Mato Queimado,,2013,Língua Portuguesa,0,0,0,284.9875,0,0
4312203,Maximiliano de Almeida,258.91,2013,Língua Portuguesa,0,0,0,264.61,0,0
4312252,Minas do Leão,263.78,2013,Língua Portuguesa,1,0,0,256.20500000000004,1,0
4312302,Miraguaí,238.14,2013,Língua Portuguesa,0,0,0,251.9525,1,0
4312351,Montauri,,2013,Língua Portuguesa,0,0,0,300.265,0,0
4312377,Monte Alegre dos Campos,,2013,Língua Portuguesa,0,0,0,244.48250000000002,1,0
4312385,Monte Belo do Sul,,2013,Língua Portuguesa,0,0,0,282.6375,0,0
4312401,Montenegro,252.13,2013,Língua Portuguesa,1,0,0,261.1775,1,0
4312427,Mormaço,272.58,2013,Língua Portuguesa,0,0,0,259.805,1,0
4312443,Morrinhos do Sul,,2013,Língua Portuguesa,0,0,0,286.285,0,0
4312450,Morro Redondo,259.35,2013,Língua Portuguesa,0,0,0,270.59000000000003,0,0
4312476,Morro Reuter,264.13,2013,Língua Portuguesa,1,0,0,287.4925,0,0
4312500,Mostardas,248.1,2013,Língua Portuguesa,0,0,0,251.8225,1,0
4312609,Muçum,253.09,2013,Língua Portuguesa,0,0,0,268.775,0,0
4312617,Muitos Capões,232.6,2013,Língua Portuguesa,0,0,0,260.4375,1,0
4312625,Muliterno,229.24,2013,Língua Portuguesa,0,0,0,261.045,1,0
4312658,Não-Me-Toque,262.34,2013,Língua Portuguesa,0,0,0,260.67,1,0
4312674,Nicolau Vergueiro,221.23,2013,Língua Portuguesa,0,0,0,246.98,1,0
4312708,Nonoai,234.15,2013,Língua Portuguesa,0,0,0,269.1175,0,0
4312757,Nova Alvorada,274.37,2013,Língua Portuguesa,0,0,0,281.76,0,0
4312807,Nova Araçá,236.35,2013,Língua Portuguesa,0,0,0,274.5925,0,0
4312906,Nova Bassano,245.98,2013,Língua Portuguesa,0,0,0,266.2675,0,0
4312955,Nova Boa Vista,,2013,Língua Portuguesa,0,0,0,276.22249999999997,0,0
4313003,Nova Bréscia,264.5,2013,Língua Portuguesa,0,0,0,269.0575,0,0
4313011,Nova Candelária,277.51,2013,Língua Portuguesa,0,0,0,284.65999999999997,0,0
4313037,Nova Esperança do Sul,256.36,2013,Língua Portuguesa,0,0,0,253.46,1,0
4313060,Nova Hartz,250.71,2013,Língua Portuguesa,1,0,0,269.175,0,0
4313086,Nova Pádua,264.23,2013,Língua Portuguesa,0,0,0,262.9375,0,0
4313102,Nova Palma,257.82,2013,Língua Portuguesa,0,0,0,264.4275,0,0
4313201,Nova Petrópolis,277.19,2013,Língua Portuguesa,0,0,0,295.1225,0,0
4313300,Nova Prata,270.14,2013,Língua Portuguesa,0,0,0,272.12,0,0
4313334,Nova Ramada,,2013,Língua Portuguesa,0,0,0,,0,0
4313359,Nova Roma do Sul,257.97,2013,Língua Portuguesa,0,0,0,282.83500000000004,0,0
4313375,Nova Santa Rita,245.05,2013,Língua Portuguesa,0,0,0,263.56,0,0
4313391,Novo Cabrais,,2013,Língua Portuguesa,0,0,0,,0,0
4313409,Novo Hamburgo,250.5,2013,Língua Portuguesa,1,0,0,262.5975,0,0
4313425,Novo Machado,260.86,2013,Língua Portuguesa,0,0,0,273.24,0,0
4313441,Novo Tiradentes,,2013,Língua Portuguesa,0,0,0,,0,0
4313466,Novo Xingu,,2013,Língua Portuguesa,0,0,0,264.58000000000004,0,0
4313490,Novo Barreiro,238.49,2013,Língua Portuguesa,0,0,0,245.58499999999998,1,0
4313508,Osório,251.67,2013,Língua Portuguesa,0,0,0,270.8225,0,0
4313607,Paim Filho,246.29,2013,Língua Portuguesa,0,0,0,254.39,1,0
4313656,Palmares do Sul,209.9,2013,Língua Portuguesa,0,0,0,248.7225,1,0
4313706,Palmeira das Missões,248.73,2013,Língua Portuguesa,0,0,0,256.305,1,0
4313805,Palmitinho,248.7,2013,Língua Portuguesa,0,0,0,269.9325,0,0
4313904,Panambi,262.2,2013,Língua Portuguesa,0,0,0,276.56,0,0
4313953,Pantano Grande,228.93,2013,Língua Portuguesa,0,0,0,246.0575,1,0
4314001,Paraí,254.11,2013,Língua Portuguesa,0,0,0,279.74,0,0
4314027,Paraíso do Sul,266.19,2013,Língua Portuguesa,1,0,0,270.52250000000004,0,0
4314035,Pareci Novo,267.96,2013,Língua Portuguesa,1,0,0,283.0425,0,0
4314050,Parobé,254.0,2013,Língua Portuguesa,1,0,0,267.53999999999996,0,0
4314068,Passa Sete,230.22,2013,Língua Portuguesa,0,0,0,273.87,0,0
4314076,Passo do Sobrado,276.77,2013,Língua Portuguesa,0,0,0,267.4075,0,0
4314100,Passo Fundo,242.77,2013,Língua Portuguesa,0,0,0,257.48,1,0
4314134,Paulo Bento,244.83,2013,Língua Portuguesa,0,0,0,274.035,0,0
4314159,Paverama,264.62,2013,Língua Portuguesa,0,0,0,258.2,1,0
4314175,Pedras Altas,,2013,Língua Portuguesa,0,0,0,,0,0
4314209,Pedro Osório,234.78,2013,Língua Portuguesa,0,0,0,243.815,1,0
4314308,Pejuçara,266.4,2013,Língua Portuguesa,0,0,0,274.65250000000003,0,0
4314407,Pelotas,249.0,2013,Língua Portuguesa,1,0,0,264.845,0,0
4314423,Picada Café,286.1,2013,Língua Portuguesa,0,0,0,294.65999999999997,0,0
4314456,Pinhal,260.26,2013,Língua Portuguesa,0,0,0,269.0825,0,0
4314464,Pinhal da Serra,234.7,2013,Língua Portuguesa,0,0,0,271.9825,0,0
4314472,Pinhal Grande,242.97,2013,Língua Portuguesa,0,0,0,276.085,0,0
4314498,Pinheirinho do Vale,269.43,2013,Língua Portuguesa,0,0,0,278.35,0,0
4314506,Pinheiro Machado,238.86,2013,Língua Portuguesa,0,0,0,261.7125,1,0
4314548,Pinto Bandeira,266.07,2013,Língua Portuguesa,0,0,0,275.36,0,0
4314555,Pirapó,242.12,2013,Língua Portuguesa,0,0,0,263.7625,0,0
4314605,Piratini,225.39,2013,Língua Portuguesa,0,0,0,256.49,1,0
4314704,Planalto,242.83,2013,Língua Portuguesa,0,0,0,264.48,0,0
4314753,Poço das Antas,267.45,2013,Língua Portuguesa,1,0,0,276.18,0,0
4314779,Pontão,243.5,2013,Língua Portuguesa,0,0,0,272.495,0,0
4314787,Ponte Preta,274.43,2013,Língua Portuguesa,0,0,0,269.605,0,0
4314803,Portão,270.92,2013,Língua Portuguesa,1,0,0,280.7,0,0
4314902,Porto Alegre,243.43,2013,Língua Portuguesa,1,0,0,253.5,1,0
4315008,Porto Lucena,267.44,2013,Língua Portuguesa,0,0,0,265.32,0,0
4315057,Porto Mauá,233.09,2013,Língua Portuguesa,0,0,0,254.38,1,0
4315073,Porto Vera Cruz,,2013,Língua Portuguesa,0,0,0,263.54,0,0
4315107,Porto Xavier,254.0,2013,Língua Portuguesa,0,0,0,272.135,0,0
4315131,Pouso Novo,,2013,Língua Portuguesa,0,0,0,264.1375,0,0
4315149,Presidente Lucena,252.12,2013,Língua Portuguesa,1,0,0,286.67,0,0
4315156,Progresso,221.36,2013,Língua Portuguesa,0,0,0,247.5275,1,0
4315172,Protásio Alves,264.93,2013,Língua Portuguesa,0,0,0,264.3575,0,0
4315206,Putinga,217.29,2013,Língua Portuguesa,0,0,0,246.4325,1,0
4315305,Quaraí,250.49,2013,Língua Portuguesa,0,0,0,267.21500000000003,0,0
4315313,Quatro Irmãos,245.71,2013,Língua Portuguesa,0,0,0,261.11,1,0
4315321,Quevedos,,2013,Língua Portuguesa,0,0,0,253.7125,1,0
4315354,Quinze de Novembro,229.38,2013,Língua Portuguesa,0,0,0,275.4375,0,0
4315404,Redentora,224.65,2013,Língua Portuguesa,0,0,0,250.36,1,0
4315453,Relvado,,2013,Língua Portuguesa,0,0,0,281.5,0,0
4315503,Restinga Sêca,250.23,2013,Língua Portuguesa,1,0,0,266.78249999999997,0,0
4315552,Rio dos Índios,,2013,Língua Portuguesa,0,0,0,265.09000000000003,0,0
4315602,Rio Grande,245.34,2013,Língua Portuguesa,1,0,0,262.90749999999997,0,0
4315701,Rio Pardo,238.97,2013,Língua Portuguesa,0,0,0,261.53999999999996,1,0
4315750,Riozinho,242.95,2013,Língua Portuguesa,0,0,0,270.635,0,0
4315800,Roca Sales,251.1,2013,Língua Portuguesa,0,0,0,264.0675,0,0
4315909,Rodeio Bonito,245.53,2013,Língua Portuguesa,0,0,0,274.935,0,0
4315958,Rolador,,2013,Língua Portuguesa,0,0,0,280.1225,0,0
4316006,Rolante,253.79,2013,Língua Portuguesa,0,0,0,268.5775,0,0
4316105,Ronda Alta,273.81,2013,Língua Portuguesa,0,0,0,264.77,0,0
4316204,Rondinha,260.22,2013,Língua Portuguesa,0,0,0,265.72249999999997,0,0
4316303,Roque Gonzales,263.7,2013,Língua Portuguesa,0,0,0,277.695,0,0
4316402,Rosário do Sul,234.4,2013,Língua Portuguesa,0,0,0,243.51999999999998,1,0
4316428,Sagrada Família,271.51,2013,Língua Portuguesa,0,0,0,267.9,0,0
4316436,Saldanha Marinho,,2013,Língua Portuguesa,0,0,0,292.145,0,0
4316451,Salto do Jacuí,254.64,2013,Língua Portuguesa,0,0,0,263.0675,0,0
4316477,Salvador das Missões,268.27,2013,Língua Portuguesa,0,0,0,274.1075,0,0
4316501,Salvador do Sul,281.04,2013,Língua Portuguesa,1,0,0,295.6075,0,0
4316600,Sananduva,253.78,2013,Língua Portuguesa,0,0,0,278.63750000000005,0,0
4316709,Santa Bárbara do Sul,237.54,2013,Língua Portuguesa,0,0,0,249.405,1,0
4316733,Santa Cecília do Sul,,2013,Língua Portuguesa,0,0,0,245.10500000000002,1,0
4316758,Santa Clara do Sul,268.66,2013,Língua Portuguesa,0,0,0,284.4125,0,0
4316808,Santa Cruz do Sul,258.01,2013,Língua Portuguesa,0,0,0,277.06,0,0
4316907,Santa Maria,256.3,2013,Língua Portuguesa,0,0,0,270.0075,0,0
4316956,Santa Maria do Herval,,2013,Língua Portuguesa,1,0,0,290.365,0,0
4316972,Santa Margarida do Sul,,2013,Língua Portuguesa,0,0,0,252.86,1,0
4317004,Santana da Boa Vista,218.43,2013,Língua Portuguesa,0,0,0,240.97,1,0
4317103,Sant'Ana do Livramento,229.72,2013,Língua Portuguesa,0,0,0,250.275,1,0
4317202,Santa Rosa,255.0,2013,Língua Portuguesa,0,0,0,270.305,0,0
4317251,Santa Tereza,,2013,Língua Portuguesa,0,0,0,298.14,0,0
4317301,Santa Vitória do Palmar,243.67,2013,Língua Portuguesa,1,0,0,239.61,1,0
4317400,Santiago,252.99,2013,Língua Portuguesa,0,0,0,263.0475,0,0
4317509,Santo Ângelo,250.15,2013,Língua Portuguesa,0,0,0,260.2575,1,0
4317558,Santo Antônio do Palma,232.7,2013,Língua Portuguesa,0,0,0,267.3575,0,0
4317608,Santo Antônio da Patrulha,243.44,2013,Língua Portuguesa,0,0,0,267.955,0,0
4317707,Santo Antônio das Missões,237.46,2013,Língua Portuguesa,0,0,0,259.145,1,0
4317756,Santo Antônio do Planalto,245.95,2013,Língua Portuguesa,0,0,0,269.45000000000005,0,0
4317806,Santo Augusto,239.18,2013,Língua Portuguesa,0,0,0,262.945,0,0
4317905,Santo Cristo,266.57,2013,Língua Portuguesa,0,0,0,280.7475,0,0
4317954,Santo Expedito do Sul,,2013,Língua Portuguesa,0,0,0,273.025,0,0
4318002,São Borja,237.73,2013,Língua Portuguesa,0,0,0,247.0775,1,0
4318051,São Domingos do Sul,274.32,2013,Língua Portuguesa,0,0,0,281.8975,0,0
4318101,São Francisco de Assis,228.55,2013,Língua Portuguesa,0,0,0,235.9175,1,0
4318200,São Francisco de Paula,232.56,2013,Língua Portuguesa,0,0,0,250.665,1,0
4318309,São Gabriel,220.81,2013,Língua Portuguesa,0,0,0,246.1925,1,0
4318408,São Jerônimo,252.67,2013,Língua Portuguesa,0,0,0,256.955,1,0
4318424,São João da Urtiga,233.06,2013,Língua Portuguesa,0,0,0,270.5125,0,0
4318432,São João do Polêsine,250.08,2013,Língua Portuguesa,0,0,0,286.72,0,0
4318440,São Jorge,254.45,2013,Língua Portuguesa,0,0,0,261.30499999999995,1,0
4318457,São José das Missões,242.39,2013,Língua Portuguesa,0,0,0,269.15500000000003,0,0
4318465,São José do Herval,,2013,Língua Portuguesa,0,0,0,275.05,0,0
4318481,São José do Hortêncio,266.99,2013,Língua Portuguesa,1,0,0,288.51750000000004,0,0
4318499,São José do Inhacorá,269.21,2013,Língua Portuguesa,0,0,0,,0,0
4318507,São José do Norte,248.16,2013,Língua Portuguesa,1,0,0,259.2975,1,0
4318606,São José do Ouro,275.22,2013,Língua Portuguesa,0,0,0,274.76,0,0
4318614,São José do Sul,,2013,Língua Portuguesa,1,0,0,272.265,0,0
4318622,São José dos Ausentes,245.76,2013,Língua Portuguesa,0,0,0,251.92000000000002,1,0
4318705,São Leopoldo,254.03,2013,Língua Portuguesa,1,0,0,262.5125,0,0
4318804,São Lourenço do Sul,262.84,2013,Língua Portuguesa,1,0,0,278.795,0,0
4318903,São Luiz Gonzaga,256.79,2013,Língua Portuguesa,0,0,0,261.3875,1,0
4319000,São Marcos,265.62,2013,Língua Portuguesa,0,0,0,293.1125,0,0
4319109,São Martinho,266.45,2013,Língua Portuguesa,0,0,0,277.43,0,0
4319125,São Martinho da Serra,192.5,2013,Língua Portuguesa,0,0,0,,0,0
4319158,São Miguel das Missões,233.86,2013,Língua Portuguesa,0,0,0,269.61,0,0
4319208,São Nicolau,247.77,2013,Língua Portuguesa,0,0,0,254.625,1,0
4319307,São Paulo das Missões,269.84,2013,Língua Portuguesa,0,0,0,284.695,0,0
4319356,São Pedro da Serra,262.04,2013,Língua Portuguesa,1,0,0,273.54999999999995,0,0
4319364,São Pedro das Missões,,2013,Língua Portuguesa,0,0,0,,0,0
4319372,São Pedro do Butiá,237.32,2013,Língua Portuguesa,0,0,0,291.7675,0,0
4319406,São Pedro do Sul,263.9,2013,Língua Portuguesa,0,0,0,264.2025,0,0
4319505,São Sebastião do Caí,267.76,2013,Língua Portuguesa,0,0,0,263.9225,0,0
4319604,São Sepé,251.5,2013,Língua Portuguesa,0,0,0,255.82750000000001,1,0
4319703,São Valentim,268.85,2013,Língua Portuguesa,0,0,0,269.0475,0,0
4319711,São Valentim do Sul,,2013,Língua Portuguesa,0,0,0,290.6475,0,0
4319737,São Valério do Sul,,2013,Língua Portuguesa,0,0,0,245.83499999999998,1,0
4319752,São Vendelino,287.38,2013,Língua Portuguesa,1,0,0,290.555,0,0
4319802,São Vicente do Sul,255.75,2013,Língua Portuguesa,0,0,0,262.9875,0,0
4319901,Sapiranga,260.57,2013,Língua Portuguesa,1,0,0,277.77250000000004,0,0
4320008,Sapucaia do Sul,251.19,2013,Língua Portuguesa,0,0,0,268.925,0,0
4320107,Sarandi,257.28,2013,Língua Portuguesa,0,0,0,265.0,0,0
4320206,Seberi,269.17,2013,Língua Portuguesa,0,0,0,278.505,0,0
4320230,Sede Nova,256.69,2013,Língua Portuguesa,0,0,0,276.6425,0,0
4320263,Segredo,,2013,Língua Portuguesa,1,0,0,270.01,0,0
4320305,Selbach,271.49,2013,Língua Portuguesa,0,0,0,287.625,0,0
4320321,Senador Salgado Filho,232.78,2013,Língua Portuguesa,0,0,0,268.28499999999997,0,0
4320354,Sentinela do Sul,224.28,2013,Língua Portuguesa,1,0,0,229.37,1,0
4320404,Serafina Corrêa,272.88,2013,Língua Portuguesa,0,0,0,279.6825,0,0
4320453,Sério,234.67,2013,Língua Portuguesa,0,0,0,260.0575,1,0
4320503,Sertão,250.22,2013,Língua Portuguesa,0,0,0,260.6175,1,0
4320552,Sertão Santana,243.4,2013,Língua Portuguesa,1,0,0,267.15999999999997,0,0
4320578,Sete de Setembro,274.33,2013,Língua Portuguesa,0,0,0,278.165,0,0
4320602,Severiano de Almeida,258.45,2013,Língua Portuguesa,0,0,0,292.7975,0,0
4320651,Silveira Martins,,2013,Língua Portuguesa,0,0,0,283.24,0,0
4320677,Sinimbu,259.37,2013,Língua Portuguesa,0,0,0,275.19,0,0
4320701,Sobradinho,255.95,2013,Língua Portuguesa,0,0,0,265.2925,0,0
4320800,Soledade,251.02,2013,Língua Portuguesa,0,0,0,256.075,1,0
4320859,Tabaí,,2013,Língua Portuguesa,0,0,0,274.5875,0,0
4320909,Tapejara,257.05,2013,Língua Portuguesa,0,0,0,267.5675,0,0
4321006,Tapera,258.63,2013,Língua Portuguesa,0,0,0,264.74,0,0
4321105,Tapes,237.93,2013,Língua Portuguesa,0,0,0,259.66499999999996,1,0
4321204,Taquara,247.13,2013,Língua Portuguesa,1,0,0,254.595,1,0
4321303,Taquari,240.54,2013,Língua Portuguesa,1,0,0,258.84,1,0
4321329,Taquaruçu do Sul,256.57,2013,Língua Portuguesa,0,0,0,285.52,0,0
4321352,Tavares,234.01,2013,Língua Portuguesa,0,0,0,250.535,1,0
4321402,Tenente Portela,242.45,2013,Língua Portuguesa,0,0,0,253.49,1,0
4321436,Terra de Areia,246.77,2013,Língua Portuguesa,0,0,0,282.2875,0,0
4321451,Teutônia,257.1,2013,Língua Portuguesa,0,0,0,284.005,0,0
4321469,Tio Hugo,,2013,Língua Portuguesa,0,0,0,272.2075,0,0
4321477,Tiradentes do Sul,247.14,2013,Língua Portuguesa,0,0,0,283.9075,0,0
4321493,Toropi,227.43,2013,Língua Portuguesa,0,0,0,242.08749999999998,1,0
4321501,Torres,253.4,2013,Língua Portuguesa,0,0,0,265.0675,0,0
4321600,Tramandaí,249.1,2013,Língua Portuguesa,0,0,0,271.6275,0,0
4321626,Travesseiro,270.81,2013,Língua Portuguesa,0,0,0,275.8225,0,0
4321634,Três Arroios,,2013,Língua Portuguesa,0,0,0,293.435,0,0
4321667,Três Cachoeiras,245.53,2013,Língua Portuguesa,0,0,0,274.79,0,0
4321709,Três Coroas,271.49,2013,Língua Portuguesa,0,0,0,281.4075,0,0
4321808,Três de Maio,250.05,2013,Língua Portuguesa,0,0,0,264.6975,0,0
4321832,Três Forquilhas,259.47,2013,Língua Portuguesa,0,0,0,263.8075,0,0
4321857,Três Palmeiras,241.3,2013,Língua Portuguesa,0,0,0,265.375,0,0
4321907,Três Passos,265.73,2013,Língua Portuguesa,0,0,0,276.645,0,0
4321956,Trindade do Sul,258.36,2013,Língua Portuguesa,0,0,0,267.1225,0,0
4322004,Triunfo,229.69,2013,Língua Portuguesa,0,0,0,248.135,1,0
4322103,Tucunduva,255.79,2013,Língua Portuguesa,0,0,0,279.47749999999996,0,0
4322152,Tunas,217.49,2013,Língua Portuguesa,0,0,0,260.325,1,0
4322186,Tupanci do Sul,270.86,2013,Língua Portuguesa,0,0,0,294.8675,0,0
4322202,Tupanciretã,235.76,2013,Língua Portuguesa,0,0,0,261.90250000000003,0,0
4322251,Tupandi,283.73,2013,Língua Portuguesa,1,0,0,297.295,0,0
4322301,Tuparendi,253.68,2013,Língua Portuguesa,0,0,0,265.695,0,0
4322327,Turuçu,,2013,Língua Portuguesa,1,0,0,283.5375,0,0
4322343,Ubiretama,239.72,2013,Língua Portuguesa,0,0,0,256.1475,1,0
4322350,União da Serra,,2013,Língua Portuguesa,0,0,0,267.9825,0,0
4322376,Unistalda,242.33,2013,Língua Portuguesa,0,0,0,285.225,0,0
4322400,Uruguaiana,230.35,2013,Língua Portuguesa,0,0,0,246.65,1,0
4322509,Vacaria,250.25,2013,Língua Portuguesa,0,0,0,264.72249999999997,0,0
4322525,Vale Verde,250.68,2013,Língua Portuguesa,0,0,0,270.515,0,0
4322533,Vale do Sol,252.88,2013,Língua Portuguesa,0,0,0,270.97749999999996,0,0
4322541,Vale Real,263.35,2013,Língua Portuguesa,0,0,0,290.5575,0,0
4322558,Vanini,240.51,2013,Língua Portuguesa,0,0,0,293.3175,0,0
4322608,Venâncio Aires,254.86,2013,Língua Portuguesa,0,0,0,269.6225,0,0
4322707,Vera Cruz,251.48,2013,Língua Portuguesa,0,0,0,267.53,0,0
4322806,Veranópolis,269.39,2013,Língua Portuguesa,0,0,0,275.505,0,0
4322855,Vespasiano Corrêa,257.6,2013,Língua Portuguesa,1,0,0,279.6375,0,0
4322905,Viadutos,252.62,2013,Língua Portuguesa,0,0,0,283.3825,0,0
4323002,Viamão,234.93,2013,Língua Portuguesa,0,0,0,248.1,1,0
4323101,Vicente Dutra,234.97,2013,Língua Portuguesa,0,0,0,240.8075,1,0
4323200,Victor Graeff,248.75,2013,Língua Portuguesa,0,0,0,273.8225,0,0
4323309,Vila Flores,280.18,2013,Língua Portuguesa,0,0,0,284.625,0,0
4323358,Vila Lângaro,251.9,2013,Língua Portuguesa,0,0,0,279.46,0,0
4323408,Vila Maria,257.1,2013,Língua Portuguesa,0,0,0,263.60749999999996,0,0
4323457,Vila Nova do Sul,,2013,Língua Portuguesa,0,0,0,244.41,1,0
4323507,Vista Alegre,223.72,2013,Língua Portuguesa,0,0,0,278.615,0,0
4323606,Vista Alegre do Prata,,2013,Língua Portuguesa,0,0,0,271.9225,0,0
4323705,Vista Gaúcha,233.73,2013,Língua Portuguesa,0,0,0,264.475,0,0
4323754,Vitória das Missões,,2013,Língua Portuguesa,0,0,0,271.16,0,0
4323770,Westfália,260.88,2013,Língua Portuguesa,0,0,0,283.4925,0,0
4323804,Xangri-lá,249.03,2013,Língua Portuguesa,0,0,0,265.4425,0,0
4300034,Aceguá,,2015,Matemática,0,0,0,258.8025,1,0
4300059,Água Santa,,2015,Matemática,0,0,0,273.90999999999997,0,0
4300109,Agudo,,2015,Matemática,1,0,0,283.125,0,0
4300208,Ajuricaba,,2015,Matemática,0,0,0,282.4875,0,0
4300307,Alecrim,,2015,Matemática,0,0,0,270.22,0,0
4300406,Alegrete,,2015,Matemática,0,0,0,255.27499999999998,1,0
4300455,Alegria,,2015,Matemática,0,0,0,248.785,1,0
4300471,Almirante Tamandaré do Sul,,2015,Matemática,0,0,0,263.03499999999997,0,0
4300505,Alpestre,,2015,Matemática,0,0,0,253.365,1,0
4300554,Alto Alegre,,2015,Matemática,0,0,0,268.0275,0,0
4300570,Alto Feliz,,2015,Matemática,1,0,0,272.85,0,0
4300604,Alvorada,,2015,Matemática,0,0,0,249.875,1,0
4300638,Amaral Ferrador,,2015,Matemática,0,0,0,243.3175,1,0
4300646,Ametista do Sul,,2015,Matemática,0,0,0,260.3375,1,0
4300661,André da Rocha,,2015,Matemática,0,0,0,,0,0
4300703,Anta Gorda,,2015,Matemática,0,0,0,275.6625,0,0
4300802,Antônio Prado,,2015,Matemática,0,0,0,278.4175,0,0
4300851,Arambaré,,2015,Matemática,0,0,0,261.385,1,0
4300877,Araricá,,2015,Matemática,1,0,0,267.5125,0,0
4300901,Aratiba,,2015,Matemática,0,0,0,272.885,0,0
4301008,Arroio do Meio,,2015,Matemática,0,0,0,278.38,0,0
4301057,Arroio do Sal,,2015,Matemática,0,0,0,259.7175,1,0
4301073,Arroio do Padre,,2015,Matemática,0,0,0,276.6875,0,0
4301107,Arroio dos Ratos,,2015,Matemática,0,0,0,258.9475,1,0
4301206,Arroio do Tigre,,2015,Matemática,1,0,0,273.1425,0,0
4301305,Arroio Grande,,2015,Matemática,1,0,0,252.03,1,0
4301404,Arvorezinha,,2015,Matemática,0,0,0,254.0325,1,0
4301503,Augusto Pestana,,2015,Matemática,0,0,0,287.62,0,0
4301552,Áurea,,2015,Matemática,0,0,0,287.3,0,0
4301602,Bagé,,2015,Matemática,0,0,0,259.52750000000003,1,0
4301636,Balneário Pinhal,,2015,Matemática,0,0,0,248.6575,1,0
4301651,Barão,,2015,Matemática,1,0,0,286.47749999999996,0,0
4301701,Barão de Cotegipe,,2015,Matemática,0,0,0,261.39,1,0
4301750,Barão do Triunfo,,2015,Matemática,0,0,0,247.54500000000002,1,0
4301800,Barracão,,2015,Matemática,0,0,0,260.42,1,0
4301859,Barra do Guarita,,2015,Matemática,0,0,0,245.8625,1,0
4301875,Barra do Quaraí,,2015,Matemática,0,0,0,246.0125,1,0
4301909,Barra do Ribeiro,,2015,Matemática,0,0,0,248.1525,1,0
4301925,Barra do Rio Azul,,2015,Matemática,0,0,0,291.45500000000004,0,0
4301958,Barra Funda,,2015,Matemática,0,0,0,280.58500000000004,0,0
4302006,Barros Cassal,,2015,Matemática,0,0,0,242.02249999999998,1,0
4302055,Benjamin Constant do Sul,,2015,Matemática,0,0,0,250.905,1,0
4302105,Bento Gonçalves,,2015,Matemática,0,0,0,278.49,0,0
4302154,Boa Vista das Missões,,2015,Matemática,0,0,0,272.745,0,0
4302204,Boa Vista do Buricá,,2015,Matemática,0,0,0,283.9475,0,0
4302220,Boa Vista do Cadeado,,2015,Matemática,0,0,0,232.07,1,0
4302238,Boa Vista do Incra,,2015,Matemática,0,0,0,263.09000000000003,0,0
4302253,Boa Vista do Sul,,2015,Matemática,0,0,0,276.225,0,0
4302303,Bom Jesus,,2015,Matemática,0,0,0,262.40999999999997,0,0
4302352,Bom Princípio,,2015,Matemática,1,0,0,294.6,0,0
4302378,Bom Progresso,,2015,Matemática,0,0,0,272.47,0,0
4302402,Bom Retiro do Sul,,2015,Matemática,1,0,0,279.4075,0,0
4302451,Boqueirão do Leão,,2015,Matemática,0,0,0,260.3675,1,0
4302501,Bossoroca,,2015,Matemática,0,0,0,250.0275,1,0
4302584,Bozano,,2015,Matemática,0,0,0,283.14,0,0
4302600,Braga,,2015,Matemática,0,0,0,266.14,0,0
4302659,Brochier,,2015,Matemática,1,0,0,317.675,0,0
4302709,Butiá,,2015,Matemática,1,0,0,227.42000000000002,1,0
4302808,Caçapava do Sul,,2015,Matemática,0,0,0,254.54250000000002,1,0
4302907,Cacequi,,2015,Matemática,0,0,0,243.95499999999998,1,0
4303004,Cachoeira do Sul,,2015,Matemática,1,0,0,259.44,1,0
4303103,Cachoeirinha,,2015,Matemática,0,0,0,254.6925,1,0
4303202,Cacique Doble,,2015,Matemática,0,0,0,268.835,0,0
4303301,Caibaté,,2015,Matemática,0,0,0,253.8675,1,0
4303400,Caiçara,,2015,Matemática,0,0,0,263.9725,0,0
4303509,Camaquã,,2015,Matemática,1,0,0,257.87,1,0
4303558,Camargo,,2015,Matemática,0,0,0,277.94500000000005,0,0
4303608,Cambará do Sul,,2015,Matemática,0,0,0,253.89499999999998,1,0
4303673,Campestre da Serra,,2015,Matemática,0,0,0,280.15999999999997,0,0
4303707,Campina das Missões,,2015,Matemática,0,0,0,276.8675,0,0
4303806,Campinas do Sul,,2015,Matemática,0,0,0,287.3275,0,0
4303905,Campo Bom,,2015,Matemática,1,0,0,277.98,0,0
4304002,Campo Novo,,2015,Matemática,0,0,0,250.65,1,0
4304101,Campos Borges,,2015,Matemática,0,0,0,248.02749999999997,1,0
4304200,Candelária,,2015,Matemática,0,0,0,257.2225,1,0
4304309,Cândido Godói,,2015,Matemática,0,0,0,277.0475,0,0
4304358,Candiota,,2015,Matemática,0,0,0,256.425,1,0
4304408,Canela,,2015,Matemática,0,0,0,265.1925,0,0
4304507,Canguçu,,2015,Matemática,0,0,0,286.52250000000004,0,0
4304606,Canoas,,2015,Matemática,1,0,0,262.84000000000003,0,0
4304614,Canudos do Vale,,2015,Matemática,0,0,0,261.0825,1,0
4304622,Capão Bonito do Sul,,2015,Matemática,0,0,0,252.98250000000002,1,0
4304630,Capão da Canoa,,2015,Matemática,0,0,0,264.2625,0,0
4304655,Capão do Cipó,,2015,Matemática,0,0,0,260.1325,1,0
4304663,Capão do Leão,,2015,Matemática,1,0,0,257.65,1,0
4304671,Capivari do Sul,,2015,Matemática,0,0,0,265.8975,0,0
4304689,Capela de Santana,,2015,Matemática,1,0,0,260.0325,1,0
4304697,Capitão,,2015,Matemática,0,0,0,275.08000000000004,0,0
4304705,Carazinho,,2015,Matemática,0,0,0,258.59749999999997,1,0
4304713,Caraá,,2015,Matemática,0,0,0,223.9,1,0
4304804,Carlos Barbosa,,2015,Matemática,0,0,0,285.27,0,0
4304903,Casca,,2015,Matemática,0,0,0,270.7,0,0
4304952,Caseiros,,2015,Matemática,0,0,0,258.97,1,0
4305009,Catuípe,,2015,Matemática,0,0,0,271.6225,0,0
4305108,Caxias do Sul,,2015,Matemática,1,0,0,268.43,0,0
4305116,Centenário,,2015,Matemática,0,0,0,286.9775,0,0
4305124,Cerrito,,2015,Matemática,0,0,0,267.835,0,0
4305132,Cerro Branco,,2015,Matemática,0,0,0,271.105,0,0
4305157,Cerro Grande,,2015,Matemática,0,0,0,279.815,0,0
4305173,Cerro Grande do Sul,,2015,Matemática,1,0,0,264.0375,0,0
4305207,Cerro Largo,,2015,Matemática,0,0,0,286.55,0,0
4305306,Chapada,,2015,Matemática,0,0,0,270.98249999999996,0,0
4305355,Charqueadas,,2015,Matemática,0,0,0,261.0675,1,0
4305371,Charrua,,2015,Matemática,0,0,0,275.225,0,0
4305405,Chiapetta,,2015,Matemática,0,0,0,261.68,1,0
4305439,Chuí,,2015,Matemática,1,0,0,,0,0
4305447,Chuvisca,,2015,Matemática,1,0,0,260.015,1,0
4305454,Cidreira,,2015,Matemática,0,0,0,258.90999999999997,1,0
4305504,Ciríaco,,2015,Matemática,0,0,0,256.21250000000003,1,0
4305587,Colinas,,2015,Matemática,0,0,0,288.32,0,0
4305603,Colorado,,2015,Matemática,0,0,0,291.46000000000004,0,0
4305702,Condor,,2015,Matemática,0,0,0,268.6075,0,0
4305801,Constantina,,2015,Matemática,0,0,0,268.3375,0,0
4305835,Coqueiro Baixo,,2015,Matemática,0,0,0,296.775,0,0
4305850,Coqueiros do Sul,,2015,Matemática,0,0,0,235.36,1,0
4305871,Coronel Barros,,2015,Matemática,0,0,0,287.375,0,0
4305900,Coronel Bicaco,,2015,Matemática,0,0,0,251.2725,1,0
4305934,Coronel Pilar,,2015,Matemática,0,0,0,274.95500000000004,0,0
4305959,Cotiporã,,2015,Matemática,0,0,0,279.155,0,0
4305975,Coxilha,,2015,Matemática,0,0,0,262.2375,0,0
4306007,Crissiumal,,2015,Matemática,0,0,0,277.26,0,0
4306056,Cristal,,2015,Matemática,0,0,0,262.325,0,0
4306072,Cristal do Sul,,2015,Matemática,0,0,0,239.67000000000002,1,0
4306106,Cruz Alta,,2015,Matemática,0,0,0,255.2525,1,0
4306130,Cruzaltense,,2015,Matemática,0,0,0,287.585,0,0
4306205,Cruzeiro do Sul,,2015,Matemática,1,0,0,264.855,0,0
4306304,David Canabarro,,2015,Matemática,0,0,0,268.75,0,0
4306320,Derrubadas,,2015,Matemática,0,0,0,286.65999999999997,0,0
4306353,Dezesseis de Novembro,,2015,Matemática,0,0,0,257.25250000000005,1,0
4306379,Dilermando de Aguiar,,2015,Matemática,0,0,0,,0,0
4306403,Dois Irmãos,,2015,Matemática,1,0,0,281.48,0,0
4306429,Dois Irmãos das Missões,,2015,Matemática,0,0,0,,0,0
4306452,Dois Lajeados,,2015,Matemática,0,0,0,296.695,0,0
4306502,Dom Feliciano,,2015,Matemática,1,0,0,267.5075,0,0
4306551,Dom Pedro de Alcântara,,2015,Matemática,0,0,0,269.84,0,0
4306601,Dom Pedrito,,2015,Matemática,0,0,0,249.8275,1,0
4306700,Dona Francisca,,2015,Matemática,1,0,0,274.475,0,0
4306734,Doutor Maurício Cardoso,,2015,Matemática,0,0,0,261.805,0,0
4306759,Doutor Ricardo,,2015,Matemática,0,0,0,,0,0
4306767,Eldorado do Sul,,2015,Matemática,0,0,0,259.9975,1,0
4306809,Encantado,,2015,Matemática,0,0,0,280.855,0,0
4306908,Encruzilhada do Sul,,2015,Matemática,0,0,0,256.9325,1,0
4306924,Engenho Velho,,2015,Matemática,0,0,0,227.77,1,0
4306932,Entre-Ijuís,,2015,Matemática,0,0,0,262.28499999999997,0,0
4306957,Entre Rios do Sul,,2015,Matemática,0,0,0,291.59000000000003,0,0
4306973,Erebango,,2015,Matemática,0,0,0,266.5475,0,0
4307005,Erechim,,2015,Matemática,0,0,0,276.5175,0,0
4307054,Ernestina,,2015,Matemática,0,0,0,262.69,0,0
4307104,Herval,,2015,Matemática,0,0,0,258.245,1,0
4307203,Erval Grande,,2015,Matemática,0,0,0,262.9125,0,0
4307302,Erval Seco,,2015,Matemática,0,0,0,271.1925,0,0
4307401,Esmeralda,,2015,Matemática,0,0,0,255.6775,1,0
4307450,Esperança do Sul,,2015,Matemática,0,0,0,249.405,1,0
4307500,Espumoso,,2015,Matemática,0,0,0,274.885,0,0
4307559,Estação,,2015,Matemática,0,0,0,269.89,0,0
4307609,Estância Velha,,2015,Matemática,1,0,0,271.89,0,0
4307708,Esteio,,2015,Matemática,0,0,0,255.48250000000002,1,0
4307807,Estrela,,2015,Matemática,1,0,0,272.0675,0,0
4307815,Estrela Velha,,2015,Matemática,1,0,0,259.7125,1,0
4307831,Eugênio de Castro,,2015,Matemática,0,0,0,275.15250000000003,0,0
4307864,Fagundes Varela,,2015,Matemática,0,0,0,262.72249999999997,0,0
4307906,Farroupilha,,2015,Matemática,0,0,0,289.96500000000003,0,0
4308003,Faxinal do Soturno,,2015,Matemática,0,0,0,270.95,0,0
4308052,Faxinalzinho,,2015,Matemática,0,0,0,238.07999999999998,1,0
4308078,Fazenda Vilanova,,2015,Matemática,0,0,0,266.7075,0,0
4308102,Feliz,,2015,Matemática,1,0,0,292.92,0,0
4308201,Flores da Cunha,,2015,Matemática,0,0,0,287.8225,0,0
4308250,Floriano Peixoto,,2015,Matemática,0,0,0,289.125,0,0
4308300,Fontoura Xavier,,2015,Matemática,0,0,0,256.0175,1,0
4308409,Formigueiro,,2015,Matemática,0,0,0,247.4175,1,0
4308433,Forquetinha,,2015,Matemática,1,0,0,258.475,1,0
4308458,Fortaleza dos Valos,,2015,Matemática,0,0,0,260.8175,1,0
4308508,Frederico Westphalen,,2015,Matemática,0,0,0,281.63,0,0
4308607,Garibaldi,,2015,Matemática,0,0,0,277.8825,0,0
4308656,Garruchos,,2015,Matemática,0,0,0,263.995,0,0
4308706,Gaurama,,2015,Matemática,0,0,0,277.07,0,0
4308805,General Câmara,,2015,Matemática,0,0,0,238.71249999999998,1,0
4308854,Gentil,,2015,Matemática,0,0,0,276.245,0,0
4308904,Getúlio Vargas,,2015,Matemática,0,0,0,269.7425,0,0
4309001,Giruá,,2015,Matemática,0,0,0,252.3975,1,0
4309050,Glorinha,,2015,Matemática,0,0,0,260.4,1,0
4309100,Gramado,,2015,Matemática,1,0,0,273.725,0,0
4309126,Gramado dos Loureiros,,2015,Matemática,0,0,0,287.33500000000004,0,0
4309159,Gramado Xavier,,2015,Matemática,0,0,0,262.23,0,0
4309209,Gravataí,,2015,Matemática,0,0,0,258.17,1,0
4309258,Guabiju,,2015,Matemática,0,0,0,295.995,0,0
4309308,Guaíba,,2015,Matemática,0,0,0,259.62,1,0
4309407,Guaporé,,2015,Matemática,0,0,0,270.3025,0,0
4309506,Guarani das Missões,,2015,Matemática,0,0,0,260.4675,1,0
4309555,Harmonia,,2015,Matemática,1,0,0,289.6925,0,0
4309571,Herveiras,,2015,Matemática,0,0,0,,0,0
4309605,Horizontina,,2015,Matemática,0,0,0,275.78999999999996,0,0
4309654,Hulha Negra,,2015,Matemática,0,0,0,243.965,1,0
4309704,Humaitá,,2015,Matemática,0,0,0,269.4625,0,0
4309753,Ibarama,,2015,Matemática,1,0,0,266.0775,0,0
4309803,Ibiaçá,,2015,Matemática,0,0,0,268.3,0,0
4309902,Ibiraiaras,,2015,Matemática,0,0,0,277.61,0,0
4309951,Ibirapuitã,,2015,Matemática,0,0,0,259.635,1,0
4310009,Ibirubá,,2015,Matemática,0,0,0,284.3225,0,0
4310108,Igrejinha,,2015,Matemática,1,0,0,280.45500000000004,0,0
4310207,Ijuí,,2015,Matemática,0,0,0,276.125,0,0
4310306,Ilópolis,,2015,Matemática,0,0,0,274.415,0,0
4310330,Imbé,,2015,Matemática,0,0,0,265.9125,0,0
4310363,Imigrante,,2015,Matemática,0,0,0,314.095,0,0
4310405,Independência,,2015,Matemática,0,0,0,270.01,0,0
4310413,Inhacorá,,2015,Matemática,0,0,0,241.72,1,0
4310439,Ipê,,2015,Matemática,0,0,0,278.12,0,0
4310462,Ipiranga do Sul,,2015,Matemática,0,0,0,273.4625,0,0
4310504,Iraí,,2015,Matemática,0,0,0,278.305,0,0
4310538,Itaara,,2015,Matemática,0,0,0,270.71500000000003,0,0
4310553,Itacurubi,,2015,Matemática,0,0,0,248.8,1,0
4310579,Itapuca,,2015,Matemática,0,0,0,261.815,0,0
4310603,Itaqui,,2015,Matemática,0,0,0,250.2475,1,0
4310652,Itati,,2015,Matemática,0,0,0,277.8825,0,0
4310702,Itatiba do Sul,,2015,Matemática,0,0,0,281.985,0,0
4310751,Ivorá,,2015,Matemática,0,0,0,257.36,1,0
4310801,Ivoti,,2015,Matemática,1,0,0,290.4175,0,0
4310850,Jaboticaba,,2015,Matemática,0,0,0,270.905,0,0
4310876,Jacuizinho,,2015,Matemática,0,0,0,230.04,1,0
4310900,Jacutinga,,2015,Matemática,0,0,0,288.6225,0,0
4311007,Jaguarão,,2015,Matemática,0,0,0,266.1075,0,0
4311106,Jaguari,,2015,Matemática,0,0,0,275.045,0,0
4311122,Jaquirana,,2015,Matemática,0,0,0,242.95,1,0
4311130,Jari,,2015,Matemática,0,0,0,263.505,0,0
4311155,Jóia,,2015,Matemática,0,0,0,269.4425,0,0
4311205,Júlio de Castilhos,,2015,Matemática,0,0,0,262.755,0,0
4311239,Lagoa Bonita do Sul,,2015,Matemática,0,0,0,245.8575,1,0
4311254,Lagoão,,2015,Matemática,0,0,0,265.555,0,0
4311270,Lagoa dos Três Cantos,,2015,Matemática,0,0,0,278.515,0,0
4311304,Lagoa Vermelha,,2015,Matemática,0,0,0,258.63,1,0
4311403,Lajeado,,2015,Matemática,1,0,0,276.10249999999996,0,0
4311429,Lajeado do Bugre,,2015,Matemática,0,0,0,,0,0
4311502,Lavras do Sul,,2015,Matemática,0,0,0,254.60250000000002,1,0
4311601,Liberato Salzano,,2015,Matemática,0,0,0,265.94,0,0
4311627,Lindolfo Collor,,2015,Matemática,0,0,0,281.4275,0,0
4311643,Linha Nova,,2015,Matemática,1,0,0,286.825,0,0
4311700,Machadinho,,2015,Matemática,0,0,0,260.32,1,0
4311718,Maçambará,,2015,Matemática,0,0,0,232.3275,1,0
4311734,Mampituba,,2015,Matemática,0,0,0,271.475,0,0
4311759,Manoel Viana,,2015,Matemática,0,0,0,253.1625,1,0
4311775,Maquiné,,2015,Matemática,0,0,0,261.61,1,0
4311791,Maratá,,2015,Matemática,0,0,0,279.76,0,0
4311809,Marau,,2015,Matemática,0,0,0,265.78,0,0
4311908,Marcelino Ramos,,2015,Matemática,0,0,0,244.51999999999998,1,0
4311981,Mariana Pimentel,,2015,Matemática,0,0,0,261.555,1,0
4312005,Mariano Moro,,2015,Matemática,0,0,0,237.0475,1,0
4312054,Marques de Souza,,2015,Matemática,0,0,0,283.3525,0,0
4312104,Mata,,2015,Matemática,0,0,0,262.84250000000003,0,0
4312138,Mato Castelhano,,2015,Matemática,0,0,0,232.94,1,0
4312153,Mato Leitão,,2015,Matemática,0,0,0,283.765,0,0
4312179,Mato Queimado,,2015,Matemática,0,0,0,284.9875,0,0
4312203,Maximiliano de Almeida,,2015,Matemática,0,0,0,264.61,0,0
4312252,Minas do Leão,,2015,Matemática,1,0,0,256.20500000000004,1,0
4312302,Miraguaí,,2015,Matemática,0,0,0,251.9525,1,0
4312351,Montauri,,2015,Matemática,0,0,0,300.265,0,0
4312377,Monte Alegre dos Campos,,2015,Matemática,0,0,0,244.48250000000002,1,0
4312385,Monte Belo do Sul,,2015,Matemática,0,0,0,282.6375,0,0
4312401,Montenegro,,2015,Matemática,1,0,0,261.1775,1,0
4312427,Mormaço,,2015,Matemática,0,0,0,259.805,1,0
4312443,Morrinhos do Sul,,2015,Matemática,0,0,0,286.285,0,0
4312450,Morro Redondo,,2015,Matemática,0,0,0,270.59000000000003,0,0
4312476,Morro Reuter,,2015,Matemática,1,0,0,287.4925,0,0
4312500,Mostardas,,2015,Matemática,0,0,0,251.8225,1,0
4312609,Muçum,,2015,Matemática,0,0,0,268.775,0,0
4312617,Muitos Capões,,2015,Matemática,0,0,0,260.4375,1,0
4312625,Muliterno,,2015,Matemática,0,0,0,261.045,1,0
4312658,Não-Me-Toque,,2015,Matemática,0,0,0,260.67,1,0
4312674,Nicolau Vergueiro,,2015,Matemática,0,0,0,246.98,1,0
4312708,Nonoai,,2015,Matemática,0,0,0,269.1175,0,0
4312757,Nova Alvorada,,2015,Matemática,0,0,0,281.76,0,0
4312807,Nova Araçá,,2015,Matemática,0,0,0,274.5925,0,0
4312906,Nova Bassano,,2015,Matemática,0,0,0,266.2675,0,0
4312955,Nova Boa Vista,,2015,Matemática,0,0,0,276.22249999999997,0,0
4313003,Nova Bréscia,,2015,Matemática,0,0,0,269.0575,0,0
4313011,Nova Candelária,,2015,Matemática,0,0,0,284.65999999999997,0,0
4313037,Nova Esperança do Sul,,2015,Matemática,0,0,0,253.46,1,0
4313060,Nova Hartz,,2015,Matemática,1,0,0,269.175,0,0
4313086,Nova Pádua,,2015,Matemática,0,0,0,262.9375,0,0
4313102,Nova Palma,,2015,Matemática,0,0,0,264.4275,0,0
4313201,Nova Petrópolis,,2015,Matemática,0,0,0,295.1225,0,0
4313300,Nova Prata,,2015,Matemática,0,0,0,272.12,0,0
4313334,Nova Ramada,,2015,Matemática,0,0,0,,0,0
4313359,Nova Roma do Sul,,2015,Matemática,0,0,0,282.83500000000004,0,0
4313375,Nova Santa Rita,,2015,Matemática,0,0,0,263.56,0,0
4313391,Novo Cabrais,,2015,Matemática,0,0,0,,0,0
4313409,Novo Hamburgo,,2015,Matemática,1,0,0,262.5975,0,0
4313425,Novo Machado,,2015,Matemática,0,0,0,273.24,0,0
4313441,Novo Tiradentes,,2015,Matemática,0,0,0,,0,0
4313466,Novo Xingu,,2015,Matemática,0,0,0,264.58000000000004,0,0
4313490,Novo Barreiro,,2015,Matemática,0,0,0,245.58499999999998,1,0
4313508,Osório,,2015,Matemática,0,0,0,270.8225,0,0
4313607,Paim Filho,,2015,Matemática,0,0,0,254.39,1,0
4313656,Palmares do Sul,,2015,Matemática,0,0,0,248.7225,1,0
4313706,Palmeira das Missões,,2015,Matemática,0,0,0,256.305,1,0
4313805,Palmitinho,,2015,Matemática,0,0,0,269.9325,0,0
4313904,Panambi,,2015,Matemática,0,0,0,276.56,0,0
4313953,Pantano Grande,,2015,Matemática,0,0,0,246.0575,1,0
4314001,Paraí,,2015,Matemática,0,0,0,279.74,0,0
4314027,Paraíso do Sul,,2015,Matemática,1,0,0,270.52250000000004,0,0
4314035,Pareci Novo,,2015,Matemática,1,0,0,283.0425,0,0
4314050,Parobé,,2015,Matemática,1,0,0,267.53999999999996,0,0
4314068,Passa Sete,,2015,Matemática,0,0,0,273.87,0,0
4314076,Passo do Sobrado,,2015,Matemática,0,0,0,267.4075,0,0
4314100,Passo Fundo,,2015,Matemática,0,0,0,257.48,1,0
4314134,Paulo Bento,,2015,Matemática,0,0,0,274.035,0,0
4314159,Paverama,,2015,Matemática,0,0,0,258.2,1,0
4314175,Pedras Altas,,2015,Matemática,0,0,0,,0,0
4314209,Pedro Osório,,2015,Matemática,0,0,0,243.815,1,0
4314308,Pejuçara,,2015,Matemática,0,0,0,274.65250000000003,0,0
4314407,Pelotas,,2015,Matemática,1,0,0,264.845,0,0
4314423,Picada Café,,2015,Matemática,0,0,0,294.65999999999997,0,0
4314456,Pinhal,,2015,Matemática,0,0,0,269.0825,0,0
4314464,Pinhal da Serra,,2015,Matemática,0,0,0,271.9825,0,0
4314472,Pinhal Grande,,2015,Matemática,0,0,0,276.085,0,0
4314498,Pinheirinho do Vale,,2015,Matemática,0,0,0,278.35,0,0
4314506,Pinheiro Machado,,2015,Matemática,0,0,0,261.7125,1,0
4314548,Pinto Bandeira,,2015,Matemática,0,0,0,275.36,0,0
4314555,Pirapó,,2015,Matemática,0,0,0,263.7625,0,0
4314605,Piratini,,2015,Matemática,0,0,0,256.49,1,0
4314704,Planalto,,2015,Matemática,0,0,0,264.48,0,0
4314753,Poço das Antas,,2015,Matemática,1,0,0,276.18,0,0
4314779,Pontão,,2015,Matemática,0,0,0,272.495,0,0
4314787,Ponte Preta,,2015,Matemática,0,0,0,269.605,0,0
4314803,Portão,,2015,Matemática,1,0,0,280.7,0,0
4314902,Porto Alegre,,2015,Matemática,1,0,0,253.5,1,0
4315008,Porto Lucena,,2015,Matemática,0,0,0,265.32,0,0
4315057,Porto Mauá,,2015,Matemática,0,0,0,254.38,1,0
4315073,Porto Vera Cruz,,2015,Matemática,0,0,0,263.54,0,0
4315107,Porto Xavier,,2015,Matemática,0,0,0,272.135,0,0
4315131,Pouso Novo,,2015,Matemática,0,0,0,264.1375,0,0
4315149,Presidente Lucena,,2015,Matemática,1,0,0,286.67,0,0
4315156,Progresso,,2015,Matemática,0,0,0,247.5275,1,0
4315172,Protásio Alves,,2015,Matemática,0,0,0,264.3575,0,0
4315206,Putinga,,2015,Matemática,0,0,0,246.4325,1,0
4315305,Quaraí,,2015,Matemática,0,0,0,267.21500000000003,0,0
4315313,Quatro Irmãos,,2015,Matemática,0,0,0,261.11,1,0
4315321,Quevedos,,2015,Matemática,0,0,0,253.7125,1,0
4315354,Quinze de Novembro,,2015,Matemática,0,0,0,275.4375,0,0
4315404,Redentora,,2015,Matemática,0,0,0,250.36,1,0
4315453,Relvado,,2015,Matemática,0,0,0,281.5,0,0
4315503,Restinga Sêca,,2015,Matemática,1,0,0,266.78249999999997,0,0
4315552,Rio dos Índios,,2015,Matemática,0,0,0,265.09000000000003,0,0
4315602,Rio Grande,,2015,Matemática,1,0,0,262.90749999999997,0,0
4315701,Rio Pardo,,2015,Matemática,0,0,0,261.53999999999996,1,0
4315750,Riozinho,,2015,Matemática,0,0,0,270.635,0,0
4315800,Roca Sales,,2015,Matemática,0,0,0,264.0675,0,0
4315909,Rodeio Bonito,,2015,Matemática,0,0,0,274.935,0,0
4315958,Rolador,,2015,Matemática,0,0,0,280.1225,0,0
4316006,Rolante,,2015,Matemática,0,0,0,268.5775,0,0
4316105,Ronda Alta,,2015,Matemática,0,0,0,264.77,0,0
4316204,Rondinha,,2015,Matemática,0,0,0,265.72249999999997,0,0
4316303,Roque Gonzales,,2015,Matemática,0,0,0,277.695,0,0
4316402,Rosário do Sul,,2015,Matemática,0,0,0,243.51999999999998,1,0
4316428,Sagrada Família,,2015,Matemática,0,0,0,267.9,0,0
4316436,Saldanha Marinho,,2015,Matemática,0,0,0,292.145,0,0
4316451,Salto do Jacuí,,2015,Matemática,0,0,0,263.0675,0,0
4316477,Salvador das Missões,,2015,Matemática,0,0,0,274.1075,0,0
4316501,Salvador do Sul,,2015,Matemática,1,0,0,295.6075,0,0
4316600,Sananduva,,2015,Matemática,0,0,0,278.63750000000005,0,0
4316709,Santa Bárbara do Sul,,2015,Matemática,0,0,0,249.405,1,0
4316733,Santa Cecília do Sul,,2015,Matemática,0,0,0,245.10500000000002,1,0
4316758,Santa Clara do Sul,,2015,Matemática,0,0,0,284.4125,0,0
4316808,Santa Cruz do Sul,,2015,Matemática,0,0,0,277.06,0,0
4316907,Santa Maria,,2015,Matemática,0,0,0,270.0075,0,0
4316956,Santa Maria do Herval,,2015,Matemática,1,0,0,290.365,0,0
4316972,Santa Margarida do Sul,,2015,Matemática,0,0,0,252.86,1,0
4317004,Santana da Boa Vista,,2015,Matemática,0,0,0,240.97,1,0
4317103,Sant'Ana do Livramento,,2015,Matemática,0,0,0,250.275,1,0
4317202,Santa Rosa,,2015,Matemática,0,0,0,270.305,0,0
4317251,Santa Tereza,,2015,Matemática,0,0,0,298.14,0,0
4317301,Santa Vitória do Palmar,,2015,Matemática,1,0,0,239.61,1,0
4317400,Santiago,,2015,Matemática,0,0,0,263.0475,0,0
4317509,Santo Ângelo,,2015,Matemática,0,0,0,260.2575,1,0
4317558,Santo Antônio do Palma,,2015,Matemática,0,0,0,267.3575,0,0
4317608,Santo Antônio da Patrulha,,2015,Matemática,0,0,0,267.955,0,0
4317707,Santo Antônio das Missões,,2015,Matemática,0,0,0,259.145,1,0
4317756,Santo Antônio do Planalto,,2015,Matemática,0,0,0,269.45000000000005,0,0
4317806,Santo Augusto,,2015,Matemática,0,0,0,262.945,0,0
4317905,Santo Cristo,,2015,Matemática,0,0,0,280.7475,0,0
4317954,Santo Expedito do Sul,,2015,Matemática,0,0,0,273.025,0,0
4318002,São Borja,,2015,Matemática,0,0,0,247.0775,1,0
4318051,São Domingos do Sul,,2015,Matemática,0,0,0,281.8975,0,0
4318101,São Francisco de Assis,,2015,Matemática,0,0,0,235.9175,1,0
4318200,São Francisco de Paula,,2015,Matemática,0,0,0,250.665,1,0
4318309,São Gabriel,,2015,Matemática,0,0,0,246.1925,1,0
4318408,São Jerônimo,,2015,Matemática,0,0,0,256.955,1,0
4318424,São João da Urtiga,,2015,Matemática,0,0,0,270.5125,0,0
4318432,São João do Polêsine,,2015,Matemática,0,0,0,286.72,0,0
4318440,São Jorge,,2015,Matemática,0,0,0,261.30499999999995,1,0
4318457,São José das Missões,,2015,Matemática,0,0,0,269.15500000000003,0,0
4318465,São José do Herval,,2015,Matemática,0,0,0,275.05,0,0
4318481,São José do Hortêncio,,2015,Matemática,1,0,0,288.51750000000004,0,0
4318499,São José do Inhacorá,,2015,Matemática,0,0,0,,0,0
4318507,São José do Norte,,2015,Matemática,1,0,0,259.2975,1,0
4318606,São José do Ouro,,2015,Matemática,0,0,0,274.76,0,0
4318614,São José do Sul,,2015,Matemática,1,0,0,272.265,0,0
4318622,São José dos Ausentes,,2015,Matemática,0,0,0,251.92000000000002,1,0
4318705,São Leopoldo,,2015,Matemática,1,0,0,262.5125,0,0
4318804,São Lourenço do Sul,,2015,Matemática,1,0,0,278.795,0,0
4318903,São Luiz Gonzaga,,2015,Matemática,0,0,0,261.3875,1,0
4319000,São Marcos,,2015,Matemática,0,0,0,293.1125,0,0
4319109,São Martinho,,2015,Matemática,0,0,0,277.43,0,0
4319125,São Martinho da Serra,,2015,Matemática,0,0,0,,0,0
4319158,São Miguel das Missões,,2015,Matemática,0,0,0,269.61,0,0
4319208,São Nicolau,,2015,Matemática,0,0,0,254.625,1,0
4319307,São Paulo das Missões,,2015,Matemática,0,0,0,284.695,0,0
4319356,São Pedro da Serra,,2015,Matemática,1,0,0,273.54999999999995,0,0
4319364,São Pedro das Missões,,2015,Matemática,0,0,0,,0,0
4319372,São Pedro do Butiá,,2015,Matemática,0,0,0,291.7675,0,0
4319406,São Pedro do Sul,,2015,Matemática,0,0,0,264.2025,0,0
4319505,São Sebastião do Caí,,2015,Matemática,0,0,0,263.9225,0,0
4319604,São Sepé,,2015,Matemática,0,0,0,255.82750000000001,1,0
4319703,São Valentim,,2015,Matemática,0,0,0,269.0475,0,0
4319711,São Valentim do Sul,,2015,Matemática,0,0,0,290.6475,0,0
4319737,São Valério do Sul,,2015,Matemática,0,0,0,245.83499999999998,1,0
4319752,São Vendelino,,2015,Matemática,1,0,0,290.555,0,0
4319802,São Vicente do Sul,,2015,Matemática,0,0,0,262.9875,0,0
4319901,Sapiranga,,2015,Matemática,1,0,0,277.77250000000004,0,0
4320008,Sapucaia do Sul,,2015,Matemática,0,0,0,268.925,0,0
4320107,Sarandi,,2015,Matemática,0,0,0,265.0,0,0
4320206,Seberi,,2015,Matemática,0,0,0,278.505,0,0
4320230,Sede Nova,,2015,Matemática,0,0,0,276.6425,0,0
4320263,Segredo,,2015,Matemática,1,0,0,270.01,0,0
4320305,Selbach,,2015,Matemática,0,0,0,287.625,0,0
4320321,Senador Salgado Filho,,2015,Matemática,0,0,0,268.28499999999997,0,0
4320354,Sentinela do Sul,,2015,Matemática,1,0,0,229.37,1,0
4320404,Serafina Corrêa,,2015,Matemática,0,0,0,279.6825,0,0
4320453,Sério,,2015,Matemática,0,0,0,260.0575,1,0
4320503,Sertão,,2015,Matemática,0,0,0,260.6175,1,0
4320552,Sertão Santana,,2015,Matemática,1,0,0,267.15999999999997,0,0
4320578,Sete de Setembro,,2015,Matemática,0,0,0,278.165,0,0
4320602,Severiano de Almeida,,2015,Matemática,0,0,0,292.7975,0,0
4320651,Silveira Martins,,2015,Matemática,0,0,0,283.24,0,0
4320677,Sinimbu,,2015,Matemática,0,0,0,275.19,0,0
4320701,Sobradinho,,2015,Matemática,0,0,0,265.2925,0,0
4320800,Soledade,,2015,Matemática,0,0,0,256.075,1,0
4320859,Tabaí,,2015,Matemática,0,0,0,274.5875,0,0
4320909,Tapejara,,2015,Matemática,0,0,0,267.5675,0,0
4321006,Tapera,,2015,Matemática,0,0,0,264.74,0,0
4321105,Tapes,,2015,Matemática,0,0,0,259.66499999999996,1,0
4321204,Taquara,,2015,Matemática,1,0,0,254.595,1,0
4321303,Taquari,,2015,Matemática,1,0,0,258.84,1,0
4321329,Taquaruçu do Sul,,2015,Matemática,0,0,0,285.52,0,0
4321352,Tavares,,2015,Matemática,0,0,0,250.535,1,0
4321402,Tenente Portela,,2015,Matemática,0,0,0,253.49,1,0
4321436,Terra de Areia,,2015,Matemática,0,0,0,282.2875,0,0
4321451,Teutônia,,2015,Matemática,0,0,0,284.005,0,0
4321469,Tio Hugo,,2015,Matemática,0,0,0,272.2075,0,0
4321477,Tiradentes do Sul,,2015,Matemática,0,0,0,283.9075,0,0
4321493,Toropi,,2015,Matemática,0,0,0,242.08749999999998,1,0
4321501,Torres,,2015,Matemática,0,0,0,265.0675,0,0
4321600,Tramandaí,,2015,Matemática,0,0,0,271.6275,0,0
4321626,Travesseiro,,2015,Matemática,0,0,0,275.8225,0,0
4321634,Três Arroios,,2015,Matemática,0,0,0,293.435,0,0
4321667,Três Cachoeiras,,2015,Matemática,0,0,0,274.79,0,0
4321709,Três Coroas,,2015,Matemática,0,0,0,281.4075,0,0
4321808,Três de Maio,,2015,Matemática,0,0,0,264.6975,0,0
4321832,Três Forquilhas,,2015,Matemática,0,0,0,263.8075,0,0
4321857,Três Palmeiras,,2015,Matemática,0,0,0,265.375,0,0
4321907,Três Passos,,2015,Matemática,0,0,0,276.645,0,0
4321956,Trindade do Sul,,2015,Matemática,0,0,0,267.1225,0,0
4322004,Triunfo,,2015,Matemática,0,0,0,248.135,1,0
4322103,Tucunduva,,2015,Matemática,0,0,0,279.47749999999996,0,0
4322152,Tunas,,2015,Matemática,0,0,0,260.325,1,0
4322186,Tupanci do Sul,,2015,Matemática,0,0,0,294.8675,0,0
4322202,Tupanciretã,,2015,Matemática,0,0,0,261.90250000000003,0,0
4322251,Tupandi,,2015,Matemática,1,0,0,297.295,0,0
4322301,Tuparendi,,2015,Matemática,0,0,0,265.695,0,0
4322327,Turuçu,,2015,Matemática,1,0,0,283.5375,0,0
4322343,Ubiretama,,2015,Matemática,0,0,0,256.1475,1,0
4322350,União da Serra,,2015,Matemática,0,0,0,267.9825,0,0
4322376,Unistalda,,2015,Matemática,0,0,0,285.225,0,0
4322400,Uruguaiana,,2015,Matemática,0,0,0,246.65,1,0
4322509,Vacaria,,2015,Matemática,0,0,0,264.72249999999997,0,0
4322525,Vale Verde,,2015,Matemática,0,0,0,270.515,0,0
4322533,Vale do Sol,,2015,Matemática,0,0,0,270.97749999999996,0,0
4322541,Vale Real,,2015,Matemática,0,0,0,290.5575,0,0
4322558,Vanini,,2015,Matemática,0,0,0,293.3175,0,0
4322608,Venâncio Aires,,2015,Matemática,0,0,0,269.6225,0,0
4322707,Vera Cruz,,2015,Matemática,0,0,0,267.53,0,0
4322806,Veranópolis,,2015,Matemática,0,0,0,275.505,0,0
4322855,Vespasiano Corrêa,,2015,Matemática,1,0,0,279.6375,0,0
4322905,Viadutos,,2015,Matemática,0,0,0,283.3825,0,0
4323002,Viamão,,2015,Matemática,0,0,0,248.1,1,0
4323101,Vicente Dutra,,2015,Matemática,0,0,0,240.8075,1,0
4323200,Victor Graeff,,2015,Matemática,0,0,0,273.8225,0,0
4323309,Vila Flores,,2015,Matemática,0,0,0,284.625,0,0
4323358,Vila Lângaro,,2015,Matemática,0,0,0,279.46,0,0
4323408,Vila Maria,,2015,Matemática,0,0,0,263.60749999999996,0,0
4323457,Vila Nova do Sul,,2015,Matemática,0,0,0,244.41,1,0
4323507,Vista Alegre,,2015,Matemática,0,0,0,278.615,0,0
4323606,Vista Alegre do Prata,,2015,Matemática,0,0,0,271.9225,0,0
4323705,Vista Gaúcha,,2015,Matemática,0,0,0,264.475,0,0
4323754,Vitória das Missões,,2015,Matemática,0,0,0,271.16,0,0
4323770,Westfália,,2015,Matemática,0,0,0,283.4925,0,0
4323804,Xangri-lá,,2015,Matemática,0,0,0,265.4425,0,0
4300034,Aceguá,,2015,Língua Portuguesa,0,0,0,258.8025,1,0
4300059,Água Santa,,2015,Língua Portuguesa,0,0,0,273.90999999999997,0,0
4300109,Agudo,,2015,Língua Portuguesa,1,0,0,283.125,0,0
4300208,Ajuricaba,,2015,Língua Portuguesa,0,0,0,282.4875,0,0
4300307,Alecrim,,2015,Língua Portuguesa,0,0,0,270.22,0,0
4300406,Alegrete,,2015,Língua Portuguesa,0,0,0,255.27499999999998,1,0
4300455,Alegria,,2015,Língua Portuguesa,0,0,0,248.785,1,0
4300471,Almirante Tamandaré do Sul,,2015,Língua Portuguesa,0,0,0,263.03499999999997,0,0
4300505,Alpestre,,2015,Língua Portuguesa,0,0,0,253.365,1,0
4300554,Alto Alegre,,2015,Língua Portuguesa,0,0,0,268.0275,0,0
4300570,Alto Feliz,,2015,Língua Portuguesa,1,0,0,272.85,0,0
4300604,Alvorada,,2015,Língua Portuguesa,0,0,0,249.875,1,0
4300638,Amaral Ferrador,,2015,Língua Portuguesa,0,0,0,243.3175,1,0
4300646,Ametista do Sul,,2015,Língua Portuguesa,0,0,0,260.3375,1,0
4300661,André da Rocha,,2015,Língua Portuguesa,0,0,0,,0,0
4300703,Anta Gorda,,2015,Língua Portuguesa,0,0,0,275.6625,0,0
4300802,Antônio Prado,,2015,Língua Portuguesa,0,0,0,278.4175,0,0
4300851,Arambaré,,2015,Língua Portuguesa,0,0,0,261.385,1,0
4300877,Araricá,,2015,Língua Portuguesa,1,0,0,267.5125,0,0
4300901,Aratiba,,2015,Língua Portuguesa,0,0,0,272.885,0,0
4301008,Arroio do Meio,,2015,Língua Portuguesa,0,0,0,278.38,0,0
4301057,Arroio do Sal,,2015,Língua Portuguesa,0,0,0,259.7175,1,0
4301073,Arroio do Padre,,2015,Língua Portuguesa,0,0,0,276.6875,0,0
4301107,Arroio dos Ratos,,2015,Língua Portuguesa,0,0,0,258.9475,1,0
4301206,Arroio do Tigre,,2015,Língua Portuguesa,1,0,0,273.1425,0,0
4301305,Arroio Grande,,2015,Língua Portuguesa,1,0,0,252.03,1,0
4301404,Arvorezinha,,2015,Língua Portuguesa,0,0,0,254.0325,1,0
4301503,Augusto Pestana,,2015,Língua Portuguesa,0,0,0,287.62,0,0
4301552,Áurea,,2015,Língua Portuguesa,0,0,0,287.3,0,0
4301602,Bagé,,2015,Língua Portuguesa,0,0,0,259.52750000000003,1,0
4301636,Balneário Pinhal,,2015,Língua Portuguesa,0,0,0,248.6575,1,0
4301651,Barão,,2015,Língua Portuguesa,1,0,0,286.47749999999996,0,0
4301701,Barão de Cotegipe,,2015,Língua Portuguesa,0,0,0,261.39,1,0
4301750,Barão do Triunfo,,2015,Língua Portuguesa,0,0,0,247.54500000000002,1,0
4301800,Barracão,,2015,Língua Portuguesa,0,0,0,260.42,1,0
4301859,Barra do Guarita,,2015,Língua Portuguesa,0,0,0,245.8625,1,0
4301875,Barra do Quaraí,,2015,Língua Portuguesa,0,0,0,246.0125,1,0
4301909,Barra do Ribeiro,,2015,Língua Portuguesa,0,0,0,248.1525,1,0
4301925,Barra do Rio Azul,,2015,Língua Portuguesa,0,0,0,291.45500000000004,0,0
4301958,Barra Funda,,2015,Língua Portuguesa,0,0,0,280.58500000000004,0,0
4302006,Barros Cassal,,2015,Língua Portuguesa,0,0,0,242.02249999999998,1,0
4302055,Benjamin Constant do Sul,,2015,Língua Portuguesa,0,0,0,250.905,1,0
4302105,Bento Gonçalves,,2015,Língua Portuguesa,0,0,0,278.49,0,0
4302154,Boa Vista das Missões,,2015,Língua Portuguesa,0,0,0,272.745,0,0
4302204,Boa Vista do Buricá,,2015,Língua Portuguesa,0,0,0,283.9475,0,0
4302220,Boa Vista do Cadeado,,2015,Língua Portuguesa,0,0,0,232.07,1,0
4302238,Boa Vista do Incra,,2015,Língua Portuguesa,0,0,0,263.09000000000003,0,0
4302253,Boa Vista do Sul,,2015,Língua Portuguesa,0,0,0,276.225,0,0
4302303,Bom Jesus,,2015,Língua Portuguesa,0,0,0,262.40999999999997,0,0
4302352,Bom Princípio,,2015,Língua Portuguesa,1,0,0,294.6,0,0
4302378,Bom Progresso,,2015,Língua Portuguesa,0,0,0,272.47,0,0
4302402,Bom Retiro do Sul,,2015,Língua Portuguesa,1,0,0,279.4075,0,0
4302451,Boqueirão do Leão,,2015,Língua Portuguesa,0,0,0,260.3675,1,0
4302501,Bossoroca,,2015,Língua Portuguesa,0,0,0,250.0275,1,0
4302584,Bozano,,2015,Língua Portuguesa,0,0,0,283.14,0,0
4302600,Braga,,2015,Língua Portuguesa,0,0,0,266.14,0,0
4302659,Brochier,,2015,Língua Portuguesa,1,0,0,317.675,0,0
4302709,Butiá,,2015,Língua Portuguesa,1,0,0,227.42000000000002,1,0
4302808,Caçapava do Sul,,2015,Língua Portuguesa,0,0,0,254.54250000000002,1,0
4302907,Cacequi,,2015,Língua Portuguesa,0,0,0,243.95499999999998,1,0
4303004,Cachoeira do Sul,,2015,Língua Portuguesa,1,0,0,259.44,1,0
4303103,Cachoeirinha,,2015,Língua Portuguesa,0,0,0,254.6925,1,0
4303202,Cacique Doble,,2015,Língua Portuguesa,0,0,0,268.835,0,0
4303301,Caibaté,,2015,Língua Portuguesa,0,0,0,253.8675,1,0
4303400,Caiçara,,2015,Língua Portuguesa,0,0,0,263.9725,0,0
4303509,Camaquã,,2015,Língua Portuguesa,1,0,0,257.87,1,0
4303558,Camargo,,2015,Língua Portuguesa,0,0,0,277.94500000000005,0,0
4303608,Cambará do Sul,,2015,Língua Portuguesa,0,0,0,253.89499999999998,1,0
4303673,Campestre da Serra,,2015,Língua Portuguesa,0,0,0,280.15999999999997,0,0
4303707,Campina das Missões,,2015,Língua Portuguesa,0,0,0,276.8675,0,0
4303806,Campinas do Sul,,2015,Língua Portuguesa,0,0,0,287.3275,0,0
4303905,Campo Bom,,2015,Língua Portuguesa,1,0,0,277.98,0,0
4304002,Campo Novo,,2015,Língua Portuguesa,0,0,0,250.65,1,0
4304101,Campos Borges,,2015,Língua Portuguesa,0,0,0,248.02749999999997,1,0
4304200,Candelária,,2015,Língua Portuguesa,0,0,0,257.2225,1,0
4304309,Cândido Godói,,2015,Língua Portuguesa,0,0,0,277.0475,0,0
4304358,Candiota,,2015,Língua Portuguesa,0,0,0,256.425,1,0
4304408,Canela,,2015,Língua Portuguesa,0,0,0,265.1925,0,0
4304507,Canguçu,,2015,Língua Portuguesa,0,0,0,286.52250000000004,0,0
4304606,Canoas,,2015,Língua Portuguesa,1,0,0,262.84000000000003,0,0
4304614,Canudos do Vale,,2015,Língua Portuguesa,0,0,0,261.0825,1,0
4304622,Capão Bonito do Sul,,2015,Língua Portuguesa,0,0,0,252.98250000000002,1,0
4304630,Capão da Canoa,,2015,Língua Portuguesa,0,0,0,264.2625,0,0
4304655,Capão do Cipó,,2015,Língua Portuguesa,0,0,0,260.1325,1,0
4304663,Capão do Leão,,2015,Língua Portuguesa,1,0,0,257.65,1,0
4304671,Capivari do Sul,,2015,Língua Portuguesa,0,0,0,265.8975,0,0
4304689,Capela de Santana,,2015,Língua Portuguesa,1,0,0,260.0325,1,0
4304697,Capitão,,2015,Língua Portuguesa,0,0,0,275.08000000000004,0,0
4304705,Carazinho,,2015,Língua Portuguesa,0,0,0,258.59749999999997,1,0
4304713,Caraá,,2015,Língua Portuguesa,0,0,0,223.9,1,0
4304804,Carlos Barbosa,,2015,Língua Portuguesa,0,0,0,285.27,0,0
4304903,Casca,,2015,Língua Portuguesa,0,0,0,270.7,0,0
4304952,Caseiros,,2015,Língua Portuguesa,0,0,0,258.97,1,0
4305009,Catuípe,,2015,Língua Portuguesa,0,0,0,271.6225,0,0
4305108,Caxias do Sul,,2015,Língua Portuguesa,1,0,0,268.43,0,0
4305116,Centenário,,2015,Língua Portuguesa,0,0,0,286.9775,0,0
4305124,Cerrito,,2015,Língua Portuguesa,0,0,0,267.835,0,0
4305132,Cerro Branco,,2015,Língua Portuguesa,0,0,0,271.105,0,0
4305157,Cerro Grande,,2015,Língua Portuguesa,0,0,0,279.815,0,0
4305173,Cerro Grande do Sul,,2015,Língua Portuguesa,1,0,0,264.0375,0,0
4305207,Cerro Largo,,2015,Língua Portuguesa,0,0,0,286.55,0,0
4305306,Chapada,,2015,Língua Portuguesa,0,0,0,270.98249999999996,0,0
4305355,Charqueadas,,2015,Língua Portuguesa,0,0,0,261.0675,1,0
4305371,Charrua,,2015,Língua Portuguesa,0,0,0,275.225,0,0
4305405,Chiapetta,,2015,Língua Portuguesa,0,0,0,261.68,1,0
4305439,Chuí,,2015,Língua Portuguesa,1,0,0,,0,0
4305447,Chuvisca,,2015,Língua Portuguesa,1,0,0,260.015,1,0
4305454,Cidreira,,2015,Língua Portuguesa,0,0,0,258.90999999999997,1,0
4305504,Ciríaco,,2015,Língua Portuguesa,0,0,0,256.21250000000003,1,0
4305587,Colinas,,2015,Língua Portuguesa,0,0,0,288.32,0,0
4305603,Colorado,,2015,Língua Portuguesa,0,0,0,291.46000000000004,0,0
4305702,Condor,,2015,Língua Portuguesa,0,0,0,268.6075,0,0
4305801,Constantina,,2015,Língua Portuguesa,0,0,0,268.3375,0,0
4305835,Coqueiro Baixo,,2015,Língua Portuguesa,0,0,0,296.775,0,0
4305850,Coqueiros do Sul,,2015,Língua Portuguesa,0,0,0,235.36,1,0
4305871,Coronel Barros,,2015,Língua Portuguesa,0,0,0,287.375,0,0
4305900,Coronel Bicaco,,2015,Língua Portuguesa,0,0,0,251.2725,1,0
4305934,Coronel Pilar,,2015,Língua Portuguesa,0,0,0,274.95500000000004,0,0
4305959,Cotiporã,,2015,Língua Portuguesa,0,0,0,279.155,0,0
4305975,Coxilha,,2015,Língua Portuguesa,0,0,0,262.2375,0,0
4306007,Crissiumal,,2015,Língua Portuguesa,0,0,0,277.26,0,0
4306056,Cristal,,2015,Língua Portuguesa,0,0,0,262.325,0,0
4306072,Cristal do Sul,,2015,Língua Portuguesa,0,0,0,239.67000000000002,1,0
4306106,Cruz Alta,,2015,Língua Portuguesa,0,0,0,255.2525,1,0
4306130,Cruzaltense,,2015,Língua Portuguesa,0,0,0,287.585,0,0
4306205,Cruzeiro do Sul,,2015,Língua Portuguesa,1,0,0,264.855,0,0
4306304,David Canabarro,,2015,Língua Portuguesa,0,0,0,268.75,0,0
4306320,Derrubadas,,2015,Língua Portuguesa,0,0,0,286.65999999999997,0,0
4306353,Dezesseis de Novembro,,2015,Língua Portuguesa,0,0,0,257.25250000000005,1,0
4306379,Dilermando de Aguiar,,2015,Língua Portuguesa,0,0,0,,0,0
4306403,Dois Irmãos,,2015,Língua Portuguesa,1,0,0,281.48,0,0
4306429,Dois Irmãos das Missões,,2015,Língua Portuguesa,0,0,0,,0,0
4306452,Dois Lajeados,,2015,Língua Portuguesa,0,0,0,296.695,0,0
4306502,Dom Feliciano,,2015,Língua Portuguesa,1,0,0,267.5075,0,0
4306551,Dom Pedro de Alcântara,,2015,Língua Portuguesa,0,0,0,269.84,0,0
4306601,Dom Pedrito,,2015,Língua Portuguesa,0,0,0,249.8275,1,0
4306700,Dona Francisca,,2015,Língua Portuguesa,1,0,0,274.475,0,0
4306734,Doutor Maurício Cardoso,,2015,Língua Portuguesa,0,0,0,261.805,0,0
4306759,Doutor Ricardo,,2015,Língua Portuguesa,0,0,0,,0,0
4306767,Eldorado do Sul,,2015,Língua Portuguesa,0,0,0,259.9975,1,0
4306809,Encantado,,2015,Língua Portuguesa,0,0,0,280.855,0,0
4306908,Encruzilhada do Sul,,2015,Língua Portuguesa,0,0,0,256.9325,1,0
4306924,Engenho Velho,,2015,Língua Portuguesa,0,0,0,227.77,1,0
4306932,Entre-Ijuís,,2015,Língua Portuguesa,0,0,0,262.28499999999997,0,0
4306957,Entre Rios do Sul,,2015,Língua Portuguesa,0,0,0,291.59000000000003,0,0
4306973,Erebango,,2015,Língua Portuguesa,0,0,0,266.5475,0,0
4307005,Erechim,,2015,Língua Portuguesa,0,0,0,276.5175,0,0
4307054,Ernestina,,2015,Língua Portuguesa,0,0,0,262.69,0,0
4307104,Herval,,2015,Língua Portuguesa,0,0,0,258.245,1,0
4307203,Erval Grande,,2015,Língua Portuguesa,0,0,0,262.9125,0,0
4307302,Erval Seco,,2015,Língua Portuguesa,0,0,0,271.1925,0,0
4307401,Esmeralda,,2015,Língua Portuguesa,0,0,0,255.6775,1,0
4307450,Esperança do Sul,,2015,Língua Portuguesa,0,0,0,249.405,1,0
4307500,Espumoso,,2015,Língua Portuguesa,0,0,0,274.885,0,0
4307559,Estação,,2015,Língua Portuguesa,0,0,0,269.89,0,0
4307609,Estância Velha,,2015,Língua Portuguesa,1,0,0,271.89,0,0
4307708,Esteio,,2015,Língua Portuguesa,0,0,0,255.48250000000002,1,0
4307807,Estrela,,2015,Língua Portuguesa,1,0,0,272.0675,0,0
4307815,Estrela Velha,,2015,Língua Portuguesa,1,0,0,259.7125,1,0
4307831,Eugênio de Castro,,2015,Língua Portuguesa,0,0,0,275.15250000000003,0,0
4307864,Fagundes Varela,,2015,Língua Portuguesa,0,0,0,262.72249999999997,0,0
4307906,Farroupilha,,2015,Língua Portuguesa,0,0,0,289.96500000000003,0,0
4308003,Faxinal do Soturno,,2015,Língua Portuguesa,0,0,0,270.95,0,0
4308052,Faxinalzinho,,2015,Língua Portuguesa,0,0,0,238.07999999999998,1,0
4308078,Fazenda Vilanova,,2015,Língua Portuguesa,0,0,0,266.7075,0,0
4308102,Feliz,,2015,Língua Portuguesa,1,0,0,292.92,0,0
4308201,Flores da Cunha,,2015,Língua Portuguesa,0,0,0,287.8225,0,0
4308250,Floriano Peixoto,,2015,Língua Portuguesa,0,0,0,289.125,0,0
4308300,Fontoura Xavier,,2015,Língua Portuguesa,0,0,0,256.0175,1,0
4308409,Formigueiro,,2015,Língua Portuguesa,0,0,0,247.4175,1,0
4308433,Forquetinha,,2015,Língua Portuguesa,1,0,0,258.475,1,0
4308458,Fortaleza dos Valos,,2015,Língua Portuguesa,0,0,0,260.8175,1,0
4308508,Frederico Westphalen,,2015,Língua Portuguesa,0,0,0,281.63,0,0
4308607,Garibaldi,,2015,Língua Portuguesa,0,0,0,277.8825,0,0
4308656,Garruchos,,2015,Língua Portuguesa,0,0,0,263.995,0,0
4308706,Gaurama,,2015,Língua Portuguesa,0,0,0,277.07,0,0
4308805,General Câmara,,2015,Língua Portuguesa,0,0,0,238.71249999999998,1,0
4308854,Gentil,,2015,Língua Portuguesa,0,0,0,276.245,0,0
4308904,Getúlio Vargas,,2015,Língua Portuguesa,0,0,0,269.7425,0,0
4309001,Giruá,,2015,Língua Portuguesa,0,0,0,252.3975,1,0
4309050,Glorinha,,2015,Língua Portuguesa,0,0,0,260.4,1,0
4309100,Gramado,,2015,Língua Portuguesa,1,0,0,273.725,0,0
4309126,Gramado dos Loureiros,,2015,Língua Portuguesa,0,0,0,287.33500000000004,0,0
4309159,Gramado Xavier,,2015,Língua Portuguesa,0,0,0,262.23,0,0
4309209,Gravataí,,2015,Língua Portuguesa,0,0,0,258.17,1,0
4309258,Guabiju,,2015,Língua Portuguesa,0,0,0,295.995,0,0
4309308,Guaíba,,2015,Língua Portuguesa,0,0,0,259.62,1,0
4309407,Guaporé,,2015,Língua Portuguesa,0,0,0,270.3025,0,0
4309506,Guarani das Missões,,2015,Língua Portuguesa,0,0,0,260.4675,1,0
4309555,Harmonia,,2015,Língua Portuguesa,1,0,0,289.6925,0,0
4309571,Herveiras,,2015,Língua Portuguesa,0,0,0,,0,0
4309605,Horizontina,,2015,Língua Portuguesa,0,0,0,275.78999999999996,0,0
4309654,Hulha Negra,,2015,Língua Portuguesa,0,0,0,243.965,1,0
4309704,Humaitá,,2015,Língua Portuguesa,0,0,0,269.4625,0,0
4309753,Ibarama,,2015,Língua Portuguesa,1,0,0,266.0775,0,0
4309803,Ibiaçá,,2015,Língua Portuguesa,0,0,0,268.3,0,0
4309902,Ibiraiaras,,2015,Língua Portuguesa,0,0,0,277.61,0,0
4309951,Ibirapuitã,,2015,Língua Portuguesa,0,0,0,259.635,1,0
4310009,Ibirubá,,2015,Língua Portuguesa,0,0,0,284.3225,0,0
4310108,Igrejinha,,2015,Língua Portuguesa,1,0,0,280.45500000000004,0,0
4310207,Ijuí,,2015,Língua Portuguesa,0,0,0,276.125,0,0
4310306,Ilópolis,,2015,Língua Portuguesa,0,0,0,274.415,0,0
4310330,Imbé,,2015,Língua Portuguesa,0,0,0,265.9125,0,0
4310363,Imigrante,,2015,Língua Portuguesa,0,0,0,314.095,0,0
4310405,Independência,,2015,Língua Portuguesa,0,0,0,270.01,0,0
4310413,Inhacorá,,2015,Língua Portuguesa,0,0,0,241.72,1,0
4310439,Ipê,,2015,Língua Portuguesa,0,0,0,278.12,0,0
4310462,Ipiranga do Sul,,2015,Língua Portuguesa,0,0,0,273.4625,0,0
4310504,Iraí,,2015,Língua Portuguesa,0,0,0,278.305,0,0
4310538,Itaara,,2015,Língua Portuguesa,0,0,0,270.71500000000003,0,0
4310553,Itacurubi,,2015,Língua Portuguesa,0,0,0,248.8,1,0
4310579,Itapuca,,2015,Língua Portuguesa,0,0,0,261.815,0,0
4310603,Itaqui,,2015,Língua Portuguesa,0,0,0,250.2475,1,0
4310652,Itati,,2015,Língua Portuguesa,0,0,0,277.8825,0,0
4310702,Itatiba do Sul,,2015,Língua Portuguesa,0,0,0,281.985,0,0
4310751,Ivorá,,2015,Língua Portuguesa,0,0,0,257.36,1,0
4310801,Ivoti,,2015,Língua Portuguesa,1,0,0,290.4175,0,0
4310850,Jaboticaba,,2015,Língua Portuguesa,0,0,0,270.905,0,0
4310876,Jacuizinho,,2015,Língua Portuguesa,0,0,0,230.04,1,0
4310900,Jacutinga,,2015,Língua Portuguesa,0,0,0,288.6225,0,0
4311007,Jaguarão,,2015,Língua Portuguesa,0,0,0,266.1075,0,0
4311106,Jaguari,,2015,Língua Portuguesa,0,0,0,275.045,0,0
4311122,Jaquirana,,2015,Língua Portuguesa,0,0,0,242.95,1,0
4311130,Jari,,2015,Língua Portuguesa,0,0,0,263.505,0,0
4311155,Jóia,,2015,Língua Portuguesa,0,0,0,269.4425,0,0
4311205,Júlio de Castilhos,,2015,Língua Portuguesa,0,0,0,262.755,0,0
4311239,Lagoa Bonita do Sul,,2015,Língua Portuguesa,0,0,0,245.8575,1,0
4311254,Lagoão,,2015,Língua Portuguesa,0,0,0,265.555,0,0
4311270,Lagoa dos Três Cantos,,2015,Língua Portuguesa,0,0,0,278.515,0,0
4311304,Lagoa Vermelha,,2015,Língua Portuguesa,0,0,0,258.63,1,0
4311403,Lajeado,,2015,Língua Portuguesa,1,0,0,276.10249999999996,0,0
4311429,Lajeado do Bugre,,2015,Língua Portuguesa,0,0,0,,0,0
4311502,Lavras do Sul,,2015,Língua Portuguesa,0,0,0,254.60250000000002,1,0
4311601,Liberato Salzano,,2015,Língua Portuguesa,0,0,0,265.94,0,0
4311627,Lindolfo Collor,,2015,Língua Portuguesa,0,0,0,281.4275,0,0
4311643,Linha Nova,,2015,Língua Portuguesa,1,0,0,286.825,0,0
4311700,Machadinho,,2015,Língua Portuguesa,0,0,0,260.32,1,0
4311718,Maçambará,,2015,Língua Portuguesa,0,0,0,232.3275,1,0
4311734,Mampituba,,2015,Língua Portuguesa,0,0,0,271.475,0,0
4311759,Manoel Viana,,2015,Língua Portuguesa,0,0,0,253.1625,1,0
4311775,Maquiné,,2015,Língua Portuguesa,0,0,0,261.61,1,0
4311791,Maratá,,2015,Língua Portuguesa,0,0,0,279.76,0,0
4311809,Marau,,2015,Língua Portuguesa,0,0,0,265.78,0,0
4311908,Marcelino Ramos,,2015,Língua Portuguesa,0,0,0,244.51999999999998,1,0
4311981,Mariana Pimentel,,2015,Língua Portuguesa,0,0,0,261.555,1,0
4312005,Mariano Moro,,2015,Língua Portuguesa,0,0,0,237.0475,1,0
4312054,Marques de Souza,,2015,Língua Portuguesa,0,0,0,283.3525,0,0
4312104,Mata,,2015,Língua Portuguesa,0,0,0,262.84250000000003,0,0
4312138,Mato Castelhano,,2015,Língua Portuguesa,0,0,0,232.94,1,0
4312153,Mato Leitão,,2015,Língua Portuguesa,0,0,0,283.765,0,0
4312179,Mato Queimado,,2015,Língua Portuguesa,0,0,0,284.9875,0,0
4312203,Maximiliano de Almeida,,2015,Língua Portuguesa,0,0,0,264.61,0,0
4312252,Minas do Leão,,2015,Língua Portuguesa,1,0,0,256.20500000000004,1,0
4312302,Miraguaí,,2015,Língua Portuguesa,0,0,0,251.9525,1,0
4312351,Montauri,,2015,Língua Portuguesa,0,0,0,300.265,0,0
4312377,Monte Alegre dos Campos,,2015,Língua Portuguesa,0,0,0,244.48250000000002,1,0
4312385,Monte Belo do Sul,,2015,Língua Portuguesa,0,0,0,282.6375,0,0
4312401,Montenegro,,2015,Língua Portuguesa,1,0,0,261.1775,1,0
4312427,Mormaço,,2015,Língua Portuguesa,0,0,0,259.805,1,0
4312443,Morrinhos do Sul,,2015,Língua Portuguesa,0,0,0,286.285,0,0
4312450,Morro Redondo,,2015,Língua Portuguesa,0,0,0,270.59000000000003,0,0
4312476,Morro Reuter,,2015,Língua Portuguesa,1,0,0,287.4925,0,0
4312500,Mostardas,,2015,Língua Portuguesa,0,0,0,251.8225,1,0
4312609,Muçum,,2015,Língua Portuguesa,0,0,0,268.775,0,0
4312617,Muitos Capões,,2015,Língua Portuguesa,0,0,0,260.4375,1,0
4312625,Muliterno,,2015,Língua Portuguesa,0,0,0,261.045,1,0
4312658,Não-Me-Toque,,2015,Língua Portuguesa,0,0,0,260.67,1,0
4312674,Nicolau Vergueiro,,2015,Língua Portuguesa,0,0,0,246.98,1,0
4312708,Nonoai,,2015,Língua Portuguesa,0,0,0,269.1175,0,0
4312757,Nova Alvorada,,2015,Língua Portuguesa,0,0,0,281.76,0,0
4312807,Nova Araçá,,2015,Língua Portuguesa,0,0,0,274.5925,0,0
4312906,Nova Bassano,,2015,Língua Portuguesa,0,0,0,266.2675,0,0
4312955,Nova Boa Vista,,2015,Língua Portuguesa,0,0,0,276.22249999999997,0,0
4313003,Nova Bréscia,,2015,Língua Portuguesa,0,0,0,269.0575,0,0
4313011,Nova Candelária,,2015,Língua Portuguesa,0,0,0,284.65999999999997,0,0
4313037,Nova Esperança do Sul,,2015,Língua Portuguesa,0,0,0,253.46,1,0
4313060,Nova Hartz,,2015,Língua Portuguesa,1,0,0,269.175,0,0
4313086,Nova Pádua,,2015,Língua Portuguesa,0,0,0,262.9375,0,0
4313102,Nova Palma,,2015,Língua Portuguesa,0,0,0,264.4275,0,0
4313201,Nova Petrópolis,,2015,Língua Portuguesa,0,0,0,295.1225,0,0
4313300,Nova Prata,,2015,Língua Portuguesa,0,0,0,272.12,0,0
4313334,Nova Ramada,,2015,Língua Portuguesa,0,0,0,,0,0
4313359,Nova Roma do Sul,,2015,Língua Portuguesa,0,0,0,282.83500000000004,0,0
4313375,Nova Santa Rita,,2015,Língua Portuguesa,0,0,0,263.56,0,0
4313391,Novo Cabrais,,2015,Língua Portuguesa,0,0,0,,0,0
4313409,Novo Hamburgo,,2015,Língua Portuguesa,1,0,0,262.5975,0,0
4313425,Novo Machado,,2015,Língua Portuguesa,0,0,0,273.24,0,0
4313441,Novo Tiradentes,,2015,Língua Portuguesa,0,0,0,,0,0
4313466,Novo Xingu,,2015,Língua Portuguesa,0,0,0,264.58000000000004,0,0
4313490,Novo Barreiro,,2015,Língua Portuguesa,0,0,0,245.58499999999998,1,0
4313508,Osório,,2015,Língua Portuguesa,0,0,0,270.8225,0,0
4313607,Paim Filho,,2015,Língua Portuguesa,0,0,0,254.39,1,0
4313656,Palmares do Sul,,2015,Língua Portuguesa,0,0,0,248.7225,1,0
4313706,Palmeira das Missões,,2015,Língua Portuguesa,0,0,0,256.305,1,0
4313805,Palmitinho,,2015,Língua Portuguesa,0,0,0,269.9325,0,0
4313904,Panambi,,2015,Língua Portuguesa,0,0,0,276.56,0,0
4313953,Pantano Grande,,2015,Língua Portuguesa,0,0,0,246.0575,1,0
4314001,Paraí,,2015,Língua Portuguesa,0,0,0,279.74,0,0
4314027,Paraíso do Sul,,2015,Língua Portuguesa,1,0,0,270.52250000000004,0,0
4314035,Pareci Novo,,2015,Língua Portuguesa,1,0,0,283.0425,0,0
4314050,Parobé,,2015,Língua Portuguesa,1,0,0,267.53999999999996,0,0
4314068,Passa Sete,,2015,Língua Portuguesa,0,0,0,273.87,0,0
4314076,Passo do Sobrado,,2015,Língua Portuguesa,0,0,0,267.4075,0,0
4314100,Passo Fundo,,2015,Língua Portuguesa,0,0,0,257.48,1,0
4314134,Paulo Bento,,2015,Língua Portuguesa,0,0,0,274.035,0,0
4314159,Paverama,,2015,Língua Portuguesa,0,0,0,258.2,1,0
4314175,Pedras Altas,,2015,Língua Portuguesa,0,0,0,,0,0
4314209,Pedro Osório,,2015,Língua Portuguesa,0,0,0,243.815,1,0
4314308,Pejuçara,,2015,Língua Portuguesa,0,0,0,274.65250000000003,0,0
4314407,Pelotas,,2015,Língua Portuguesa,1,0,0,264.845,0,0
4314423,Picada Café,,2015,Língua Portuguesa,0,0,0,294.65999999999997,0,0
4314456,Pinhal,,2015,Língua Portuguesa,0,0,0,269.0825,0,0
4314464,Pinhal da Serra,,2015,Língua Portuguesa,0,0,0,271.9825,0,0
4314472,Pinhal Grande,,2015,Língua Portuguesa,0,0,0,276.085,0,0
4314498,Pinheirinho do Vale,,2015,Língua Portuguesa,0,0,0,278.35,0,0
4314506,Pinheiro Machado,,2015,Língua Portuguesa,0,0,0,261.7125,1,0
4314548,Pinto Bandeira,,2015,Língua Portuguesa,0,0,0,275.36,0,0
4314555,Pirapó,,2015,Língua Portuguesa,0,0,0,263.7625,0,0
4314605,Piratini,,2015,Língua Portuguesa,0,0,0,256.49,1,0
4314704,Planalto,,2015,Língua Portuguesa,0,0,0,264.48,0,0
4314753,Poço das Antas,,2015,Língua Portuguesa,1,0,0,276.18,0,0
4314779,Pontão,,2015,Língua Portuguesa,0,0,0,272.495,0,0
4314787,Ponte Preta,,2015,Língua Portuguesa,0,0,0,269.605,0,0
4314803,Portão,,2015,Língua Portuguesa,1,0,0,280.7,0,0
4314902,Porto Alegre,,2015,Língua Portuguesa,1,0,0,253.5,1,0
4315008,Porto Lucena,,2015,Língua Portuguesa,0,0,0,265.32,0,0
4315057,Porto Mauá,,2015,Língua Portuguesa,0,0,0,254.38,1,0
4315073,Porto Vera Cruz,,2015,Língua Portuguesa,0,0,0,263.54,0,0
4315107,Porto Xavier,,2015,Língua Portuguesa,0,0,0,272.135,0,0
4315131,Pouso Novo,,2015,Língua Portuguesa,0,0,0,264.1375,0,0
4315149,Presidente Lucena,,2015,Língua Portuguesa,1,0,0,286.67,0,0
4315156,Progresso,,2015,Língua Portuguesa,0,0,0,247.5275,1,0
4315172,Protásio Alves,,2015,Língua Portuguesa,0,0,0,264.3575,0,0
4315206,Putinga,,2015,Língua Portuguesa,0,0,0,246.4325,1,0
4315305,Quaraí,,2015,Língua Portuguesa,0,0,0,267.21500000000003,0,0
4315313,Quatro Irmãos,,2015,Língua Portuguesa,0,0,0,261.11,1,0
4315321,Quevedos,,2015,Língua Portuguesa,0,0,0,253.7125,1,0
4315354,Quinze de Novembro,,2015,Língua Portuguesa,0,0,0,275.4375,0,0
4315404,Redentora,,2015,Língua Portuguesa,0,0,0,250.36,1,0
4315453,Relvado,,2015,Língua Portuguesa,0,0,0,281.5,0,0
4315503,Restinga Sêca,,2015,Língua Portuguesa,1,0,0,266.78249999999997,0,0
4315552,Rio dos Índios,,2015,Língua Portuguesa,0,0,0,265.09000000000003,0,0
4315602,Rio Grande,,2015,Língua Portuguesa,1,0,0,262.90749999999997,0,0
4315701,Rio Pardo,,2015,Língua Portuguesa,0,0,0,261.53999999999996,1,0
4315750,Riozinho,,2015,Língua Portuguesa,0,0,0,270.635,0,0
4315800,Roca Sales,,2015,Língua Portuguesa,0,0,0,264.0675,0,0
4315909,Rodeio Bonito,,2015,Língua Portuguesa,0,0,0,274.935,0,0
4315958,Rolador,,2015,Língua Portuguesa,0,0,0,280.1225,0,0
4316006,Rolante,,2015,Língua Portuguesa,0,0,0,268.5775,0,0
4316105,Ronda Alta,,2015,Língua Portuguesa,0,0,0,264.77,0,0
4316204,Rondinha,,2015,Língua Portuguesa,0,0,0,265.72249999999997,0,0
4316303,Roque Gonzales,,2015,Língua Portuguesa,0,0,0,277.695,0,0
4316402,Rosário do Sul,,2015,Língua Portuguesa,0,0,0,243.51999999999998,1,0
4316428,Sagrada Família,,2015,Língua Portuguesa,0,0,0,267.9,0,0
4316436,Saldanha Marinho,,2015,Língua Portuguesa,0,0,0,292.145,0,0
4316451,Salto do Jacuí,,2015,Língua Portuguesa,0,0,0,263.0675,0,0
4316477,Salvador das Missões,,2015,Língua Portuguesa,0,0,0,274.1075,0,0
4316501,Salvador do Sul,,2015,Língua Portuguesa,1,0,0,295.6075,0,0
4316600,Sananduva,,2015,Língua Portuguesa,0,0,0,278.63750000000005,0,0
4316709,Santa Bárbara do Sul,,2015,Língua Portuguesa,0,0,0,249.405,1,0
4316733,Santa Cecília do Sul,,2015,Língua Portuguesa,0,0,0,245.10500000000002,1,0
4316758,Santa Clara do Sul,,2015,Língua Portuguesa,0,0,0,284.4125,0,0
4316808,Santa Cruz do Sul,,2015,Língua Portuguesa,0,0,0,277.06,0,0
4316907,Santa Maria,,2015,Língua Portuguesa,0,0,0,270.0075,0,0
4316956,Santa Maria do Herval,,2015,Língua Portuguesa,1,0,0,290.365,0,0
4316972,Santa Margarida do Sul,,2015,Língua Portuguesa,0,0,0,252.86,1,0
4317004,Santana da Boa Vista,,2015,Língua Portuguesa,0,0,0,240.97,1,0
4317103,Sant'Ana do Livramento,,2015,Língua Portuguesa,0,0,0,250.275,1,0
4317202,Santa Rosa,,2015,Língua Portuguesa,0,0,0,270.305,0,0
4317251,Santa Tereza,,2015,Língua Portuguesa,0,0,0,298.14,0,0
4317301,Santa Vitória do Palmar,,2015,Língua Portuguesa,1,0,0,239.61,1,0
4317400,Santiago,,2015,Língua Portuguesa,0,0,0,263.0475,0,0
4317509,Santo Ângelo,,2015,Língua Portuguesa,0,0,0,260.2575,1,0
4317558,Santo Antônio do Palma,,2015,Língua Portuguesa,0,0,0,267.3575,0,0
4317608,Santo Antônio da Patrulha,,2015,Língua Portuguesa,0,0,0,267.955,0,0
4317707,Santo Antônio das Missões,,2015,Língua Portuguesa,0,0,0,259.145,1,0
4317756,Santo Antônio do Planalto,,2015,Língua Portuguesa,0,0,0,269.45000000000005,0,0
4317806,Santo Augusto,,2015,Língua Portuguesa,0,0,0,262.945,0,0
4317905,Santo Cristo,,2015,Língua Portuguesa,0,0,0,280.7475,0,0
4317954,Santo Expedito do Sul,,2015,Língua Portuguesa,0,0,0,273.025,0,0
4318002,São Borja,,2015,Língua Portuguesa,0,0,0,247.0775,1,0
4318051,São Domingos do Sul,,2015,Língua Portuguesa,0,0,0,281.8975,0,0
4318101,São Francisco de Assis,,2015,Língua Portuguesa,0,0,0,235.9175,1,0
4318200,São Francisco de Paula,,2015,Língua Portuguesa,0,0,0,250.665,1,0
4318309,São Gabriel,,2015,Língua Portuguesa,0,0,0,246.1925,1,0
4318408,São Jerônimo,,2015,Língua Portuguesa,0,0,0,256.955,1,0
4318424,São João da Urtiga,,2015,Língua Portuguesa,0,0,0,270.5125,0,0
4318432,São João do Polêsine,,2015,Língua Portuguesa,0,0,0,286.72,0,0
4318440,São Jorge,,2015,Língua Portuguesa,0,0,0,261.30499999999995,1,0
4318457,São José das Missões,,2015,Língua Portuguesa,0,0,0,269.15500000000003,0,0
4318465,São José do Herval,,2015,Língua Portuguesa,0,0,0,275.05,0,0
4318481,São José do Hortêncio,,2015,Língua Portuguesa,1,0,0,288.51750000000004,0,0
4318499,São José do Inhacorá,,2015,Língua Portuguesa,0,0,0,,0,0
4318507,São José do Norte,,2015,Língua Portuguesa,1,0,0,259.2975,1,0
4318606,São José do Ouro,,2015,Língua Portuguesa,0,0,0,274.76,0,0
4318614,São José do Sul,,2015,Língua Portuguesa,1,0,0,272.265,0,0
4318622,São José dos Ausentes,,2015,Língua Portuguesa,0,0,0,251.92000000000002,1,0
4318705,São Leopoldo,,2015,Língua Portuguesa,1,0,0,262.5125,0,0
4318804,São Lourenço do Sul,,2015,Língua Portuguesa,1,0,0,278.795,0,0
4318903,São Luiz Gonzaga,,2015,Língua Portuguesa,0,0,0,261.3875,1,0
4319000,São Marcos,,2015,Língua Portuguesa,0,0,0,293.1125,0,0
4319109,São Martinho,,2015,Língua Portuguesa,0,0,0,277.43,0,0
4319125,São Martinho da Serra,,2015,Língua Portuguesa,0,0,0,,0,0
4319158,São Miguel das Missões,,2015,Língua Portuguesa,0,0,0,269.61,0,0
4319208,São Nicolau,,2015,Língua Portuguesa,0,0,0,254.625,1,0
4319307,São Paulo das Missões,,2015,Língua Portuguesa,0,0,0,284.695,0,0
4319356,São Pedro da Serra,,2015,Língua Portuguesa,1,0,0,273.54999999999995,0,0
4319364,São Pedro das Missões,,2015,Língua Portuguesa,0,0,0,,0,0
4319372,São Pedro do Butiá,,2015,Língua Portuguesa,0,0,0,291.7675,0,0
4319406,São Pedro do Sul,,2015,Língua Portuguesa,0,0,0,264.2025,0,0
4319505,São Sebastião do Caí,,2015,Língua Portuguesa,0,0,0,263.9225,0,0
4319604,São Sepé,,2015,Língua Portuguesa,0,0,0,255.82750000000001,1,0
4319703,São Valentim,,2015,Língua Portuguesa,0,0,0,269.0475,0,0
4319711,São Valentim do Sul,,2015,Língua Portuguesa,0,0,0,290.6475,0,0
4319737,São Valério do Sul,,2015,Língua Portuguesa,0,0,0,245.83499999999998,1,0
4319752,São Vendelino,,2015,Língua Portuguesa,1,0,0,290.555,0,0
4319802,São Vicente do Sul,,2015,Língua Portuguesa,0,0,0,262.9875,0,0
4319901,Sapiranga,,2015,Língua Portuguesa,1,0,0,277.77250000000004,0,0
4320008,Sapucaia do Sul,,2015,Língua Portuguesa,0,0,0,268.925,0,0
4320107,Sarandi,,2015,Língua Portuguesa,0,0,0,265.0,0,0
4320206,Seberi,,2015,Língua Portuguesa,0,0,0,278.505,0,0
4320230,Sede Nova,,2015,Língua Portuguesa,0,0,0,276.6425,0,0
4320263,Segredo,,2015,Língua Portuguesa,1,0,0,270.01,0,0
4320305,Selbach,,2015,Língua Portuguesa,0,0,0,287.625,0,0
4320321,Senador Salgado Filho,,2015,Língua Portuguesa,0,0,0,268.28499999999997,0,0
4320354,Sentinela do Sul,,2015,Língua Portuguesa,1,0,0,229.37,1,0
4320404,Serafina Corrêa,,2015,Língua Portuguesa,0,0,0,279.6825,0,0
4320453,Sério,,2015,Língua Portuguesa,0,0,0,260.0575,1,0
4320503,Sertão,,2015,Língua Portuguesa,0,0,0,260.6175,1,0
4320552,Sertão Santana,,2015,Língua Portuguesa,1,0,0,267.15999999999997,0,0
4320578,Sete de Setembro,,2015,Língua Portuguesa,0,0,0,278.165,0,0
4320602,Severiano de Almeida,,2015,Língua Portuguesa,0,0,0,292.7975,0,0
4320651,Silveira Martins,,2015,Língua Portuguesa,0,0,0,283.24,0,0
4320677,Sinimbu,,2015,Língua Portuguesa,0,0,0,275.19,0,0
4320701,Sobradinho,,2015,Língua Portuguesa,0,0,0,265.2925,0,0
4320800,Soledade,,2015,Língua Portuguesa,0,0,0,256.075,1,0
4320859,Tabaí,,2015,Língua Portuguesa,0,0,0,274.5875,0,0
4320909,Tapejara,,2015,Língua Portuguesa,0,0,0,267.5675,0,0
4321006,Tapera,,2015,Língua Portuguesa,0,0,0,264.74,0,0
4321105,Tapes,,2015,Língua Portuguesa,0,0,0,259.66499999999996,1,0
4321204,Taquara,,2015,Língua Portuguesa,1,0,0,254.595,1,0
4321303,Taquari,,2015,Língua Portuguesa,1,0,0,258.84,1,0
4321329,Taquaruçu do Sul,,2015,Língua Portuguesa,0,0,0,285.52,0,0
4321352,Tavares,,2015,Língua Portuguesa,0,0,0,250.535,1,0
4321402,Tenente Portela,,2015,Língua Portuguesa,0,0,0,253.49,1,0
4321436,Terra de Areia,,2015,Língua Portuguesa,0,0,0,282.2875,0,0
4321451,Teutônia,,2015,Língua Portuguesa,0,0,0,284.005,0,0
4321469,Tio Hugo,,2015,Língua Portuguesa,0,0,0,272.2075,0,0
4321477,Tiradentes do Sul,,2015,Língua Portuguesa,0,0,0,283.9075,0,0
4321493,Toropi,,2015,Língua Portuguesa,0,0,0,242.08749999999998,1,0
4321501,Torres,,2015,Língua Portuguesa,0,0,0,265.0675,0,0
4321600,Tramandaí,,2015,Língua Portuguesa,0,0,0,271.6275,0,0
4321626,Travesseiro,,2015,Língua Portuguesa,0,0,0,275.8225,0,0
4321634,Três Arroios,,2015,Língua Portuguesa,0,0,0,293.435,0,0
4321667,Três Cachoeiras,,2015,Língua Portuguesa,0,0,0,274.79,0,0
4321709,Três Coroas,,2015,Língua Portuguesa,0,0,0,281.4075,0,0
4321808,Três de Maio,,2015,Língua Portuguesa,0,0,0,264.6975,0,0
4321832,Três Forquilhas,,2015,Língua Portuguesa,0,0,0,263.8075,0,0
4321857,Três Palmeiras,,2015,Língua Portuguesa,0,0,0,265.375,0,0
4321907,Três Passos,,2015,Língua Portuguesa,0,0,0,276.645,0,0
4321956,Trindade do Sul,,2015,Língua Portuguesa,0,0,0,267.1225,0,0
4322004,Triunfo,,2015,Língua Portuguesa,0,0,0,248.135,1,0
4322103,Tucunduva,,2015,Língua Portuguesa,0,0,0,279.47749999999996,0,0
4322152,Tunas,,2015,Língua Portuguesa,0,0,0,260.325,1,0
4322186,Tupanci do Sul,,2015,Língua Portuguesa,0,0,0,294.8675,0,0
4322202,Tupanciretã,,2015,Língua Portuguesa,0,0,0,261.90250000000003,0,0
4322251,Tupandi,,2015,Língua Portuguesa,1,0,0,297.295,0,0
4322301,Tuparendi,,2015,Língua Portuguesa,0,0,0,265.695,0,0
4322327,Turuçu,,2015,Língua Portuguesa,1,0,0,283.5375,0,0
4322343,Ubiretama,,2015,Língua Portuguesa,0,0,0,256.1475,1,0
4322350,União da Serra,,2015,Língua Portuguesa,0,0,0,267.9825,0,0
4322376,Unistalda,,2015,Língua Portuguesa,0,0,0,285.225,0,0
4322400,Uruguaiana,,2015,Língua Portuguesa,0,0,0,246.65,1,0
4322509,Vacaria,,2015,Língua Portuguesa,0,0,0,264.72249999999997,0,0
4322525,Vale Verde,,2015,Língua Portuguesa,0,0,0,270.515,0,0
4322533,Vale do Sol,,2015,Língua Portuguesa,0,0,0,270.97749999999996,0,0
4322541,Vale Real,,2015,Língua Portuguesa,0,0,0,290.5575,0,0
4322558,Vanini,,2015,Língua Portuguesa,0,0,0,293.3175,0,0
4322608,Venâncio Aires,,2015,Língua Portuguesa,0,0,0,269.6225,0,0
4322707,Vera Cruz,,2015,Língua Portuguesa,0,0,0,267.53,0,0
4322806,Veranópolis,,2015,Língua Portuguesa,0,0,0,275.505,0,0
4322855,Vespasiano Corrêa,,2015,Língua Portuguesa,1,0,0,279.6375,0,0
4322905,Viadutos,,2015,Língua Portuguesa,0,0,0,283.3825,0,0
4323002,Viamão,,2015,Língua Portuguesa,0,0,0,248.1,1,0
4323101,Vicente Dutra,,2015,Língua Portuguesa,0,0,0,240.8075,1,0
4323200,Victor Graeff,,2015,Língua Portuguesa,0,0,0,273.8225,0,0
4323309,Vila Flores,,2015,Língua Portuguesa,0,0,0,284.625,0,0
4323358,Vila Lângaro,,2015,Língua Portuguesa,0,0,0,279.46,0,0
4323408,Vila Maria,,2015,Língua Portuguesa,0,0,0,263.60749999999996,0,0
4323457,Vila Nova do Sul,,2015,Língua Portuguesa,0,0,0,244.41,1,0
4323507,Vista Alegre,,2015,Língua Portuguesa,0,0,0,278.615,0,0
4323606,Vista Alegre do Prata,,2015,Língua Portuguesa,0,0,0,271.9225,0,0
4323705,Vista Gaúcha,,2015,Língua Portuguesa,0,0,0,264.475,0,0
4323754,Vitória das Missões,,2015,Língua Portuguesa,0,0,0,271.16,0,0
4323770,Westfália,,2015,Língua Portuguesa,0,0,0,283.4925,0,0
4323804,Xangri-lá,,2015,Língua Portuguesa,0,0,0,265.4425,0,0
4300034,Aceguá,246.53,2017,Matemática,0,0,0,258.8025,1,0
4300059,Água Santa,272.82,2017,Matemática,0,0,0,273.90999999999997,0,0
4300109,Agudo,285.45,2017,Matemática,1,0,0,283.125,0,0
4300208,Ajuricaba,291.17,2017,Matemática,0,0,0,282.4875,0,0
4300307,Alecrim,272.44,2017,Matemática,0,0,0,270.22,0,0
4300406,Alegrete,249.57,2017,Matemática,0,0,0,255.27499999999998,1,0
4300455,Alegria,251.76,2017,Matemática,0,0,0,248.785,1,0
4300471,Almirante Tamandaré do Sul,274.27,2017,Matemática,0,0,0,263.03499999999997,0,0
4300505,Alpestre,245.96,2017,Matemática,0,0,0,253.365,1,0
4300554,Alto Alegre,267.01,2017,Matemática,0,0,0,268.0275,0,0
4300570,Alto Feliz,277.3,2017,Matemática,1,0,0,272.85,0,0
4300604,Alvorada,247.14,2017,Matemática,0,0,0,249.875,1,0
4300638,Amaral Ferrador,238.49,2017,Matemática,0,0,0,243.3175,1,0
4300646,Ametista do Sul,258.43,2017,Matemática,0,0,0,260.3375,1,0
4300661,André da Rocha,,2017,Matemática,0,0,0,,0,0
4300703,Anta Gorda,276.39,2017,Matemática,0,0,0,275.6625,0,0
4300802,Antônio Prado,277.18,2017,Matemática,0,0,0,278.4175,0,0
4300851,Arambaré,258.77,2017,Matemática,0,0,0,261.385,1,0
4300877,Araricá,258.1,2017,Matemática,1,0,0,267.5125,0,0
4300901,Aratiba,278.69,2017,Matemática,0,0,0,272.885,0,0
4301008,Arroio do Meio,281.53,2017,Matemática,0,0,0,278.38,0,0
4301057,Arroio do Sal,252.13,2017,Matemática,0,0,0,259.7175,1,0
4301073,Arroio do Padre,298.8,2017,Matemática,0,0,0,276.6875,0,0
4301107,Arroio dos Ratos,258.36,2017,Matemática,0,0,0,258.9475,1,0
4301206,Arroio do Tigre,274.71,2017,Matemática,1,0,0,273.1425,0,0
4301305,Arroio Grande,246.84,2017,Matemática,1,0,0,252.03,1,0
4301404,Arvorezinha,263.66,2017,Matemática,0,0,0,254.0325,1,0
4301503,Augusto Pestana,297.36,2017,Matemática,0,0,0,287.62,0,0
4301552,Áurea,293.54,2017,Matemática,0,0,0,287.3,0,0
4301602,Bagé,254.36,2017,Matemática,0,0,0,259.52750000000003,1,0
4301636,Balneário Pinhal,257.51,2017,Matemática,0,0,0,248.6575,1,0
4301651,Barão,289.53,2017,Matemática,1,0,0,286.47749999999996,0,0
4301701,Barão de Cotegipe,256.2,2017,Matemática,0,0,0,261.39,1,0
4301750,Barão do Triunfo,249.91,2017,Matemática,0,0,0,247.54500000000002,1,0
4301800,Barracão,260.64,2017,Matemática,0,0,0,260.42,1,0
4301859,Barra do Guarita,230.16,2017,Matemática,0,0,0,245.8625,1,0
4301875,Barra do Quaraí,227.03,2017,Matemática,0,0,0,246.0125,1,0
4301909,Barra do Ribeiro,248.23,2017,Matemática,0,0,0,248.1525,1,0
4301925,Barra do Rio Azul,310.11,2017,Matemática,0,0,0,291.45500000000004,0,0
4301958,Barra Funda,274.8,2017,Matemática,0,0,0,280.58500000000004,0,0
4302006,Barros Cassal,236.04,2017,Matemática,0,0,0,242.02249999999998,1,0
4302055,Benjamin Constant do Sul,254.73,2017,Matemática,0,0,0,250.905,1,0
4302105,Bento Gonçalves,277.37,2017,Matemática,0,0,0,278.49,0,0
4302154,Boa Vista das Missões,,2017,Matemática,0,0,0,272.745,0,0
4302204,Boa Vista do Buricá,296.28,2017,Matemática,0,0,0,283.9475,0,0
4302220,Boa Vista do Cadeado,231.16,2017,Matemática,0,0,0,232.07,1,0
4302238,Boa Vista do Incra,273.06,2017,Matemática,0,0,0,263.09000000000003,0,0
4302253,Boa Vista do Sul,,2017,Matemática,0,0,0,276.225,0,0
4302303,Bom Jesus,254.67,2017,Matemática,0,0,0,262.40999999999997,0,0
4302352,Bom Princípio,308.9,2017,Matemática,1,0,0,294.6,0,0
4302378,Bom Progresso,,2017,Matemática,0,0,0,272.47,0,0
4302402,Bom Retiro do Sul,279.24,2017,Matemática,1,0,0,279.4075,0,0
4302451,Boqueirão do Leão,259.98,2017,Matemática,0,0,0,260.3675,1,0
4302501,Bossoroca,252.19,2017,Matemática,0,0,0,250.0275,1,0
4302584,Bozano,,2017,Matemática,0,0,0,283.14,0,0
4302600,Braga,294.13,2017,Matemática,0,0,0,266.14,0,0
4302659,Brochier,324.54,2017,Matemática,1,0,0,317.675,0,0
4302709,Butiá,,2017,Matemática,1,0,0,227.42000000000002,1,0
4302808,Caçapava do Sul,243.65,2017,Matemática,0,0,0,254.54250000000002,1,0
4302907,Cacequi,240.37,2017,Matemática,0,0,0,243.95499999999998,1,0
4303004,Cachoeira do Sul,,2017,Matemática,1,0,0,259.44,1,0
4303103,Cachoeirinha,250.65,2017,Matemática,0,0,0,254.6925,1,0
4303202,Cacique Doble,262.6,2017,Matemática,0,0,0,268.835,0,0
4303301,Caibaté,229.59,2017,Matemática,0,0,0,253.8675,1,0
4303400,Caiçara,257.48,2017,Matemática,0,0,0,263.9725,0,0
4303509,Camaquã,252.1,2017,Matemática,1,0,0,257.87,1,0
4303558,Camargo,286.23,2017,Matemática,0,0,0,277.94500000000005,0,0
4303608,Cambará do Sul,259.96,2017,Matemática,0,0,0,253.89499999999998,1,0
4303673,Campestre da Serra,287.76,2017,Matemática,0,0,0,280.15999999999997,0,0
4303707,Campina das Missões,277.88,2017,Matemática,0,0,0,276.8675,0,0
4303806,Campinas do Sul,291.2,2017,Matemática,0,0,0,287.3275,0,0
4303905,Campo Bom,274.5,2017,Matemática,1,0,0,277.98,0,0
4304002,Campo Novo,245.41,2017,Matemática,0,0,0,250.65,1,0
4304101,Campos Borges,245.92,2017,Matemática,0,0,0,248.02749999999997,1,0
4304200,Candelária,262.41,2017,Matemática,0,0,0,257.2225,1,0
4304309,Cândido Godói,281.77,2017,Matemática,0,0,0,277.0475,0,0
4304358,Candiota,247.8,2017,Matemática,0,0,0,256.425,1,0
4304408,Canela,263.55,2017,Matemática,0,0,0,265.1925,0,0
4304507,Canguçu,285.93,2017,Matemática,0,0,0,286.52250000000004,0,0
4304606,Canoas,260.85,2017,Matemática,1,0,0,262.84000000000003,0,0
4304614,Canudos do Vale,263.55,2017,Matemática,0,0,0,261.0825,1,0
4304622,Capão Bonito do Sul,253.24,2017,Matemática,0,0,0,252.98250000000002,1,0
4304630,Capão da Canoa,261.64,2017,Matemática,0,0,0,264.2625,0,0
4304655,Capão do Cipó,261.01,2017,Matemática,0,0,0,260.1325,1,0
4304663,Capão do Leão,255.61,2017,Matemática,1,0,0,257.65,1,0
4304671,Capivari do Sul,254.27,2017,Matemática,0,0,0,265.8975,0,0
4304689,Capela de Santana,253.51,2017,Matemática,1,0,0,260.0325,1,0
4304697,Capitão,277.7,2017,Matemática,0,0,0,275.08000000000004,0,0
4304705,Carazinho,258.58,2017,Matemática,0,0,0,258.59749999999997,1,0
4304713,Caraá,228.94,2017,Matemática,0,0,0,223.9,1,0
4304804,Carlos Barbosa,290.35,2017,Matemática,0,0,0,285.27,0,0
4304903,Casca,281.03,2017,Matemática,0,0,0,270.7,0,0
4304952,Caseiros,,2017,Matemática,0,0,0,258.97,1,0
4305009,Catuípe,266.1,2017,Matemática,0,0,0,271.6225,0,0
4305108,Caxias do Sul,269.33,2017,Matemática,1,0,0,268.43,0,0
4305116,Centenário,284.41,2017,Matemática,0,0,0,286.9775,0,0
4305124,Cerrito,271.12,2017,Matemática,0,0,0,267.835,0,0
4305132,Cerro Branco,263.36,2017,Matemática,0,0,0,271.105,0,0
4305157,Cerro Grande,269.17,2017,Matemática,0,0,0,279.815,0,0
4305173,Cerro Grande do Sul,254.56,2017,Matemática,1,0,0,264.0375,0,0
4305207,Cerro Largo,291.54,2017,Matemática,0,0,0,286.55,0,0
4305306,Chapada,264.44,2017,Matemática,0,0,0,270.98249999999996,0,0
4305355,Charqueadas,252.31,2017,Matemática,0,0,0,261.0675,1,0
4305371,Charrua,,2017,Matemática,0,0,0,275.225,0,0
4305405,Chiapetta,262.56,2017,Matemática,0,0,0,261.68,1,0
4305439,Chuí,,2017,Matemática,1,0,0,,0,0
4305447,Chuvisca,273.14,2017,Matemática,1,0,0,260.015,1,0
4305454,Cidreira,,2017,Matemática,0,0,0,258.90999999999997,1,0
4305504,Ciríaco,262.35,2017,Matemática,0,0,0,256.21250000000003,1,0
4305587,Colinas,302.44,2017,Matemática,0,0,0,288.32,0,0
4305603,Colorado,293.86,2017,Matemática,0,0,0,291.46000000000004,0,0
4305702,Condor,271.49,2017,Matemática,0,0,0,268.6075,0,0
4305801,Constantina,265.48,2017,Matemática,0,0,0,268.3375,0,0
4305835,Coqueiro Baixo,303.34,2017,Matemática,0,0,0,296.775,0,0
4305850,Coqueiros do Sul,240.91,2017,Matemática,0,0,0,235.36,1,0
4305871,Coronel Barros,288.93,2017,Matemática,0,0,0,287.375,0,0
4305900,Coronel Bicaco,247.26,2017,Matemática,0,0,0,251.2725,1,0
4305934,Coronel Pilar,,2017,Matemática,0,0,0,274.95500000000004,0,0
4305959,Cotiporã,291.48,2017,Matemática,0,0,0,279.155,0,0
4305975,Coxilha,246.56,2017,Matemática,0,0,0,262.2375,0,0
4306007,Crissiumal,275.16,2017,Matemática,0,0,0,277.26,0,0
4306056,Cristal,260.83,2017,Matemática,0,0,0,262.325,0,0
4306072,Cristal do Sul,243.62,2017,Matemática,0,0,0,239.67000000000002,1,0
4306106,Cruz Alta,250.99,2017,Matemática,0,0,0,255.2525,1,0
4306130,Cruzaltense,284.14,2017,Matemática,0,0,0,287.585,0,0
4306205,Cruzeiro do Sul,267.4,2017,Matemática,1,0,0,264.855,0,0
4306304,David Canabarro,276.41,2017,Matemática,0,0,0,268.75,0,0
4306320,Derrubadas,288.13,2017,Matemática,0,0,0,286.65999999999997,0,0
4306353,Dezesseis de Novembro,250.22,2017,Matemática,0,0,0,257.25250000000005,1,0
4306379,Dilermando de Aguiar,,2017,Matemática,0,0,0,,0,0
4306403,Dois Irmãos,283.83,2017,Matemática,1,0,0,281.48,0,0
4306429,Dois Irmãos das Missões,,2017,Matemática,0,0,0,,0,0
4306452,Dois Lajeados,300.78,2017,Matemática,0,0,0,296.695,0,0
4306502,Dom Feliciano,271.38,2017,Matemática,1,0,0,267.5075,0,0
4306551,Dom Pedro de Alcântara,269.03,2017,Matemática,0,0,0,269.84,0,0
4306601,Dom Pedrito,245.67,2017,Matemática,0,0,0,249.8275,1,0
4306700,Dona Francisca,261.33,2017,Matemática,1,0,0,274.475,0,0
4306734,Doutor Maurício Cardoso,272.47,2017,Matemática,0,0,0,261.805,0,0
4306759,Doutor Ricardo,,2017,Matemática,0,0,0,,0,0
4306767,Eldorado do Sul,260.67,2017,Matemática,0,0,0,259.9975,1,0
4306809,Encantado,282.86,2017,Matemática,0,0,0,280.855,0,0
4306908,Encruzilhada do Sul,258.51,2017,Matemática,0,0,0,256.9325,1,0
4306924,Engenho Velho,219.68,2017,Matemática,0,0,0,227.77,1,0
4306932,Entre-Ijuís,263.49,2017,Matemática,0,0,0,262.28499999999997,0,0
4306957,Entre Rios do Sul,299.3,2017,Matemática,0,0,0,291.59000000000003,0,0
4306973,Erebango,268.19,2017,Matemática,0,0,0,266.5475,0,0
4307005,Erechim,276.24,2017,Matemática,0,0,0,276.5175,0,0
4307054,Ernestina,249.07,2017,Matemática,0,0,0,262.69,0,0
4307104,Herval,239.63,2017,Matemática,0,0,0,258.245,1,0
4307203,Erval Grande,261.58,2017,Matemática,0,0,0,262.9125,0,0
4307302,Erval Seco,266.92,2017,Matemática,0,0,0,271.1925,0,0
4307401,Esmeralda,267.49,2017,Matemática,0,0,0,255.6775,1,0
4307450,Esperança do Sul,265.41,2017,Matemática,0,0,0,249.405,1,0
4307500,Espumoso,282.15,2017,Matemática,0,0,0,274.885,0,0
4307559,Estação,265.0,2017,Matemática,0,0,0,269.89,0,0
4307609,Estância Velha,270.67,2017,Matemática,1,0,0,271.89,0,0
4307708,Esteio,252.33,2017,Matemática,0,0,0,255.48250000000002,1,0
4307807,Estrela,274.31,2017,Matemática,1,0,0,272.0675,0,0
4307815,Estrela Velha,257.79,2017,Matemática,1,0,0,259.7125,1,0
4307831,Eugênio de Castro,259.19,2017,Matemática,0,0,0,275.15250000000003,0,0
4307864,Fagundes Varela,242.1,2017,Matemática,0,0,0,262.72249999999997,0,0
4307906,Farroupilha,293.41,2017,Matemática,0,0,0,289.96500000000003,0,0
4308003,Faxinal do Soturno,267.38,2017,Matemática,0,0,0,270.95,0,0
4308052,Faxinalzinho,234.29,2017,Matemática,0,0,0,238.07999999999998,1,0
4308078,Fazenda Vilanova,271.86,2017,Matemática,0,0,0,266.7075,0,0
4308102,Feliz,304.8,2017,Matemática,1,0,0,292.92,0,0
4308201,Flores da Cunha,292.06,2017,Matemática,0,0,0,287.8225,0,0
4308250,Floriano Peixoto,287.79,2017,Matemática,0,0,0,289.125,0,0
4308300,Fontoura Xavier,248.81,2017,Matemática,0,0,0,256.0175,1,0
4308409,Formigueiro,248.29,2017,Matemática,0,0,0,247.4175,1,0
4308433,Forquetinha,238.8,2017,Matemática,1,0,0,258.475,1,0
4308458,Fortaleza dos Valos,260.57,2017,Matemática,0,0,0,260.8175,1,0
4308508,Frederico Westphalen,280.04,2017,Matemática,0,0,0,281.63,0,0
4308607,Garibaldi,280.3,2017,Matemática,0,0,0,277.8825,0,0
4308656,Garruchos,267.01,2017,Matemática,0,0,0,263.995,0,0
4308706,Gaurama,268.84,2017,Matemática,0,0,0,277.07,0,0
4308805,General Câmara,242.88,2017,Matemática,0,0,0,238.71249999999998,1,0
4308854,Gentil,,2017,Matemática,0,0,0,276.245,0,0
4308904,Getúlio Vargas,261.48,2017,Matemática,0,0,0,269.7425,0,0
4309001,Giruá,253.05,2017,Matemática,0,0,0,252.3975,1,0
4309050,Glorinha,255.87,2017,Matemática,0,0,0,260.4,1,0
4309100,Gramado,271.73,2017,Matemática,1,0,0,273.725,0,0
4309126,Gramado dos Loureiros,,2017,Matemática,0,0,0,287.33500000000004,0,0
4309159,Gramado Xavier,257.94,2017,Matemática,0,0,0,262.23,0,0
4309209,Gravataí,254.01,2017,Matemática,0,0,0,258.17,1,0
4309258,Guabiju,290.25,2017,Matemática,0,0,0,295.995,0,0
4309308,Guaíba,256.5,2017,Matemática,0,0,0,259.62,1,0
4309407,Guaporé,269.53,2017,Matemática,0,0,0,270.3025,0,0
4309506,Guarani das Missões,256.23,2017,Matemática,0,0,0,260.4675,1,0
4309555,Harmonia,298.51,2017,Matemática,1,0,0,289.6925,0,0
4309571,Herveiras,,2017,Matemática,0,0,0,,0,0
4309605,Horizontina,276.5,2017,Matemática,0,0,0,275.78999999999996,0,0
4309654,Hulha Negra,236.94,2017,Matemática,0,0,0,243.965,1,0
4309704,Humaitá,263.8,2017,Matemática,0,0,0,269.4625,0,0
4309753,Ibarama,268.07,2017,Matemática,1,0,0,266.0775,0,0
4309803,Ibiaçá,280.93,2017,Matemática,0,0,0,268.3,0,0
4309902,Ibiraiaras,281.17,2017,Matemática,0,0,0,277.61,0,0
4309951,Ibirapuitã,260.68,2017,Matemática,0,0,0,259.635,1,0
4310009,Ibirubá,285.93,2017,Matemática,0,0,0,284.3225,0,0
4310108,Igrejinha,289.87,2017,Matemática,1,0,0,280.45500000000004,0,0
4310207,Ijuí,274.87,2017,Matemática,0,0,0,276.125,0,0
4310306,Ilópolis,271.01,2017,Matemática,0,0,0,274.415,0,0
4310330,Imbé,270.18,2017,Matemática,0,0,0,265.9125,0,0
4310363,Imigrante,325.02,2017,Matemática,0,0,0,314.095,0,0
4310405,Independência,278.31,2017,Matemática,0,0,0,270.01,0,0
4310413,Inhacorá,239.06,2017,Matemática,0,0,0,241.72,1,0
4310439,Ipê,283.53,2017,Matemática,0,0,0,278.12,0,0
4310462,Ipiranga do Sul,264.86,2017,Matemática,0,0,0,273.4625,0,0
4310504,Iraí,276.07,2017,Matemática,0,0,0,278.305,0,0
4310538,Itaara,268.68,2017,Matemática,0,0,0,270.71500000000003,0,0
4310553,Itacurubi,254.21,2017,Matemática,0,0,0,248.8,1,0
4310579,Itapuca,261.36,2017,Matemática,0,0,0,261.815,0,0
4310603,Itaqui,247.09,2017,Matemática,0,0,0,250.2475,1,0
4310652,Itati,288.39,2017,Matemática,0,0,0,277.8825,0,0
4310702,Itatiba do Sul,288.08,2017,Matemática,0,0,0,281.985,0,0
4310751,Ivorá,250.45,2017,Matemática,0,0,0,257.36,1,0
4310801,Ivoti,292.47,2017,Matemática,1,0,0,290.4175,0,0
4310850,Jaboticaba,270.67,2017,Matemática,0,0,0,270.905,0,0
4310876,Jacuizinho,212.62,2017,Matemática,0,0,0,230.04,1,0
4310900,Jacutinga,296.9,2017,Matemática,0,0,0,288.6225,0,0
4311007,Jaguarão,266.35,2017,Matemática,0,0,0,266.1075,0,0
4311106,Jaguari,272.78,2017,Matemática,0,0,0,275.045,0,0
4311122,Jaquirana,249.56,2017,Matemática,0,0,0,242.95,1,0
4311130,Jari,264.98,2017,Matemática,0,0,0,263.505,0,0
4311155,Jóia,275.39,2017,Matemática,0,0,0,269.4425,0,0
4311205,Júlio de Castilhos,,2017,Matemática,0,0,0,262.755,0,0
4311239,Lagoa Bonita do Sul,252.52,2017,Matemática,0,0,0,245.8575,1,0
4311254,Lagoão,264.67,2017,Matemática,0,0,0,265.555,0,0
4311270,Lagoa dos Três Cantos,290.93,2017,Matemática,0,0,0,278.515,0,0
4311304,Lagoa Vermelha,,2017,Matemática,0,0,0,258.63,1,0
4311403,Lajeado,279.65,2017,Matemática,1,0,0,276.10249999999996,0,0
4311429,Lajeado do Bugre,,2017,Matemática,0,0,0,,0,0
4311502,Lavras do Sul,242.28,2017,Matemática,0,0,0,254.60250000000002,1,0
4311601,Liberato Salzano,265.46,2017,Matemática,0,0,0,265.94,0,0
4311627,Lindolfo Collor,286.43,2017,Matemática,0,0,0,281.4275,0,0
4311643,Linha Nova,296.48,2017,Matemática,1,0,0,286.825,0,0
4311700,Machadinho,263.77,2017,Matemática,0,0,0,260.32,1,0
4311718,Maçambará,228.22,2017,Matemática,0,0,0,232.3275,1,0
4311734,Mampituba,279.68,2017,Matemática,0,0,0,271.475,0,0
4311759,Manoel Viana,261.93,2017,Matemática,0,0,0,253.1625,1,0
4311775,Maquiné,252.63,2017,Matemática,0,0,0,261.61,1,0
4311791,Maratá,282.08,2017,Matemática,0,0,0,279.76,0,0
4311809,Marau,263.44,2017,Matemática,0,0,0,265.78,0,0
4311908,Marcelino Ramos,243.57,2017,Matemática,0,0,0,244.51999999999998,1,0
4311981,Mariana Pimentel,262.91,2017,Matemática,0,0,0,261.555,1,0
4312005,Mariano Moro,238.34,2017,Matemática,0,0,0,237.0475,1,0
4312054,Marques de Souza,272.74,2017,Matemática,0,0,0,283.3525,0,0
4312104,Mata,252.49,2017,Matemática,0,0,0,262.84250000000003,0,0
4312138,Mato Castelhano,248.95,2017,Matemática,0,0,0,232.94,1,0
4312153,Mato Leitão,274.2,2017,Matemática,0,0,0,283.765,0,0
4312179,Mato Queimado,280.76,2017,Matemática,0,0,0,284.9875,0,0
4312203,Maximiliano de Almeida,284.0,2017,Matemática,0,0,0,264.61,0,0
4312252,Minas do Leão,270.23,2017,Matemática,1,0,0,256.20500000000004,1,0
4312302,Miraguaí,250.66,2017,Matemática,0,0,0,251.9525,1,0
4312351,Montauri,323.29,2017,Matemática,0,0,0,300.265,0,0
4312377,Monte Alegre dos Campos,254.38,2017,Matemática,0,0,0,244.48250000000002,1,0
4312385,Monte Belo do Sul,283.88,2017,Matemática,0,0,0,282.6375,0,0
4312401,Montenegro,265.83,2017,Matemática,1,0,0,261.1775,1,0
4312427,Mormaço,262.55,2017,Matemática,0,0,0,259.805,1,0
4312443,Morrinhos do Sul,279.61,2017,Matemática,0,0,0,286.285,0,0
4312450,Morro Redondo,275.29,2017,Matemática,0,0,0,270.59000000000003,0,0
4312476,Morro Reuter,295.47,2017,Matemática,1,0,0,287.4925,0,0
4312500,Mostardas,248.2,2017,Matemática,0,0,0,251.8225,1,0
4312609,Muçum,261.85,2017,Matemática,0,0,0,268.775,0,0
4312617,Muitos Capões,263.48,2017,Matemática,0,0,0,260.4375,1,0
4312625,Muliterno,267.29,2017,Matemática,0,0,0,261.045,1,0
4312658,Não-Me-Toque,252.65,2017,Matemática,0,0,0,260.67,1,0
4312674,Nicolau Vergueiro,240.6,2017,Matemática,0,0,0,246.98,1,0
4312708,Nonoai,269.19,2017,Matemática,0,0,0,269.1175,0,0
4312757,Nova Alvorada,286.81,2017,Matemática,0,0,0,281.76,0,0
4312807,Nova Araçá,260.77,2017,Matemática,0,0,0,274.5925,0,0
4312906,Nova Bassano,263.58,2017,Matemática,0,0,0,266.2675,0,0
4312955,Nova Boa Vista,269.34,2017,Matemática,0,0,0,276.22249999999997,0,0
4313003,Nova Bréscia,272.29,2017,Matemática,0,0,0,269.0575,0,0
4313011,Nova Candelária,283.41,2017,Matemática,0,0,0,284.65999999999997,0,0
4313037,Nova Esperança do Sul,255.51,2017,Matemática,0,0,0,253.46,1,0
4313060,Nova Hartz,268.87,2017,Matemática,1,0,0,269.175,0,0
4313086,Nova Pádua,270.6,2017,Matemática,0,0,0,262.9375,0,0
4313102,Nova Palma,271.83,2017,Matemática,0,0,0,264.4275,0,0
4313201,Nova Petrópolis,300.52,2017,Matemática,0,0,0,295.1225,0,0
4313300,Nova Prata,276.16,2017,Matemática,0,0,0,272.12,0,0
4313334,Nova Ramada,,2017,Matemática,0,0,0,,0,0
4313359,Nova Roma do Sul,294.86,2017,Matemática,0,0,0,282.83500000000004,0,0
4313375,Nova Santa Rita,264.37,2017,Matemática,0,0,0,263.56,0,0
4313391,Novo Cabrais,,2017,Matemática,0,0,0,,0,0
4313409,Novo Hamburgo,263.53,2017,Matemática,1,0,0,262.5975,0,0
4313425,Novo Machado,261.23,2017,Matemática,0,0,0,273.24,0,0
4313441,Novo Tiradentes,,2017,Matemática,0,0,0,,0,0
4313466,Novo Xingu,263.04,2017,Matemática,0,0,0,264.58000000000004,0,0
4313490,Novo Barreiro,244.73,2017,Matemática,0,0,0,245.58499999999998,1,0
4313508,Osório,272.75,2017,Matemática,0,0,0,270.8225,0,0
4313607,Paim Filho,257.99,2017,Matemática,0,0,0,254.39,1,0
4313656,Palmares do Sul,232.85,2017,Matemática,0,0,0,248.7225,1,0
4313706,Palmeira das Missões,249.91,2017,Matemática,0,0,0,256.305,1,0
4313805,Palmitinho,267.05,2017,Matemática,0,0,0,269.9325,0,0
4313904,Panambi,274.3,2017,Matemática,0,0,0,276.56,0,0
4313953,Pantano Grande,251.34,2017,Matemática,0,0,0,246.0575,1,0
4314001,Paraí,284.69,2017,Matemática,0,0,0,279.74,0,0
4314027,Paraíso do Sul,275.79,2017,Matemática,1,0,0,270.52250000000004,0,0
4314035,Pareci Novo,289.61,2017,Matemática,1,0,0,283.0425,0,0
4314050,Parobé,266.74,2017,Matemática,1,0,0,267.53999999999996,0,0
4314068,Passa Sete,274.82,2017,Matemática,0,0,0,273.87,0,0
4314076,Passo do Sobrado,257.89,2017,Matemática,0,0,0,267.4075,0,0
4314100,Passo Fundo,256.39,2017,Matemática,0,0,0,257.48,1,0
4314134,Paulo Bento,278.54,2017,Matemática,0,0,0,274.035,0,0
4314159,Paverama,262.67,2017,Matemática,0,0,0,258.2,1,0
4314175,Pedras Altas,,2017,Matemática,0,0,0,,0,0
4314209,Pedro Osório,247.41,2017,Matemática,0,0,0,243.815,1,0
4314308,Pejuçara,281.35,2017,Matemática,0,0,0,274.65250000000003,0,0
4314407,Pelotas,,2017,Matemática,1,0,0,264.845,0,0
4314423,Picada Café,280.62,2017,Matemática,0,0,0,294.65999999999997,0,0
4314456,Pinhal,264.65,2017,Matemática,0,0,0,269.0825,0,0
4314464,Pinhal da Serra,268.86,2017,Matemática,0,0,0,271.9825,0,0
4314472,Pinhal Grande,282.21,2017,Matemática,0,0,0,276.085,0,0
4314498,Pinheirinho do Vale,275.72,2017,Matemática,0,0,0,278.35,0,0
4314506,Pinheiro Machado,260.71,2017,Matemática,0,0,0,261.7125,1,0
4314548,Pinto Bandeira,282.27,2017,Matemática,0,0,0,275.36,0,0
4314555,Pirapó,274.13,2017,Matemática,0,0,0,263.7625,0,0
4314605,Piratini,,2017,Matemática,0,0,0,256.49,1,0
4314704,Planalto,265.41,2017,Matemática,0,0,0,264.48,0,0
4314753,Poço das Antas,280.77,2017,Matemática,1,0,0,276.18,0,0
4314779,Pontão,260.63,2017,Matemática,0,0,0,272.495,0,0
4314787,Ponte Preta,276.41,2017,Matemática,0,0,0,269.605,0,0
4314803,Portão,284.27,2017,Matemática,1,0,0,280.7,0,0
4314902,Porto Alegre,253.83,2017,Matemática,1,0,0,253.5,1,0
4315008,Porto Lucena,270.03,2017,Matemática,0,0,0,265.32,0,0
4315057,Porto Mauá,257.39,2017,Matemática,0,0,0,254.38,1,0
4315073,Porto Vera Cruz,260.58,2017,Matemática,0,0,0,263.54,0,0
4315107,Porto Xavier,272.35,2017,Matemática,0,0,0,272.135,0,0
4315131,Pouso Novo,244.77,2017,Matemática,0,0,0,264.1375,0,0
4315149,Presidente Lucena,293.22,2017,Matemática,1,0,0,286.67,0,0
4315156,Progresso,240.1,2017,Matemática,0,0,0,247.5275,1,0
4315172,Protásio Alves,252.77,2017,Matemática,0,0,0,264.3575,0,0
4315206,Putinga,241.74,2017,Matemática,0,0,0,246.4325,1,0
4315305,Quaraí,263.18,2017,Matemática,0,0,0,267.21500000000003,0,0
4315313,Quatro Irmãos,253.54,2017,Matemática,0,0,0,261.11,1,0
4315321,Quevedos,250.92,2017,Matemática,0,0,0,253.7125,1,0
4315354,Quinze de Novembro,280.98,2017,Matemática,0,0,0,275.4375,0,0
4315404,Redentora,253.43,2017,Matemática,0,0,0,250.36,1,0
4315453,Relvado,282.93,2017,Matemática,0,0,0,281.5,0,0
4315503,Restinga Sêca,261.64,2017,Matemática,1,0,0,266.78249999999997,0,0
4315552,Rio dos Índios,269.22,2017,Matemática,0,0,0,265.09000000000003,0,0
4315602,Rio Grande,261.96,2017,Matemática,1,0,0,262.90749999999997,0,0
4315701,Rio Pardo,263.88,2017,Matemática,0,0,0,261.53999999999996,1,0
4315750,Riozinho,266.95,2017,Matemática,0,0,0,270.635,0,0
4315800,Roca Sales,263.23,2017,Matemática,0,0,0,264.0675,0,0
4315909,Rodeio Bonito,286.84,2017,Matemática,0,0,0,274.935,0,0
4315958,Rolador,282.18,2017,Matemática,0,0,0,280.1225,0,0
4316006,Rolante,272.32,2017,Matemática,0,0,0,268.5775,0,0
4316105,Ronda Alta,267.67,2017,Matemática,0,0,0,264.77,0,0
4316204,Rondinha,261.59,2017,Matemática,0,0,0,265.72249999999997,0,0
4316303,Roque Gonzales,291.86,2017,Matemática,0,0,0,277.695,0,0
4316402,Rosário do Sul,,2017,Matemática,0,0,0,243.51999999999998,1,0
4316428,Sagrada Família,263.43,2017,Matemática,0,0,0,267.9,0,0
4316436,Saldanha Marinho,315.36,2017,Matemática,0,0,0,292.145,0,0
4316451,Salto do Jacuí,261.68,2017,Matemática,0,0,0,263.0675,0,0
4316477,Salvador das Missões,273.93,2017,Matemática,0,0,0,274.1075,0,0
4316501,Salvador do Sul,285.13,2017,Matemática,1,0,0,295.6075,0,0
4316600,Sananduva,280.48,2017,Matemática,0,0,0,278.63750000000005,0,0
4316709,Santa Bárbara do Sul,258.47,2017,Matemática,0,0,0,249.405,1,0
4316733,Santa Cecília do Sul,246.1,2017,Matemática,0,0,0,245.10500000000002,1,0
4316758,Santa Clara do Sul,288.02,2017,Matemática,0,0,0,284.4125,0,0
4316808,Santa Cruz do Sul,275.75,2017,Matemática,0,0,0,277.06,0,0
4316907,Santa Maria,270.52,2017,Matemática,0,0,0,270.0075,0,0
4316956,Santa Maria do Herval,299.62,2017,Matemática,1,0,0,290.365,0,0
4316972,Santa Margarida do Sul,259.89,2017,Matemática,0,0,0,252.86,1,0
4317004,Santana da Boa Vista,241.91,2017,Matemática,0,0,0,240.97,1,0
4317103,Sant'Ana do Livramento,243.29,2017,Matemática,0,0,0,250.275,1,0
4317202,Santa Rosa,267.44,2017,Matemática,0,0,0,270.305,0,0
4317251,Santa Tereza,309.56,2017,Matemática,0,0,0,298.14,0,0
4317301,Santa Vitória do Palmar,237.99,2017,Matemática,1,0,0,239.61,1,0
4317400,Santiago,260.86,2017,Matemática,0,0,0,263.0475,0,0
4317509,Santo Ângelo,256.32,2017,Matemática,0,0,0,260.2575,1,0
4317558,Santo Antônio do Palma,264.63,2017,Matemática,0,0,0,267.3575,0,0
4317608,Santo Antônio da Patrulha,267.16,2017,Matemática,0,0,0,267.955,0,0
4317707,Santo Antônio das Missões,260.45,2017,Matemática,0,0,0,259.145,1,0
4317756,Santo Antônio do Planalto,276.92,2017,Matemática,0,0,0,269.45000000000005,0,0
4317806,Santo Augusto,266.51,2017,Matemática,0,0,0,262.945,0,0
4317905,Santo Cristo,282.35,2017,Matemática,0,0,0,280.7475,0,0
4317954,Santo Expedito do Sul,,2017,Matemática,0,0,0,273.025,0,0
4318002,São Borja,251.15,2017,Matemática,0,0,0,247.0775,1,0
4318051,São Domingos do Sul,292.65,2017,Matemática,0,0,0,281.8975,0,0
4318101,São Francisco de Assis,236.54,2017,Matemática,0,0,0,235.9175,1,0
4318200,São Francisco de Paula,249.15,2017,Matemática,0,0,0,250.665,1,0
4318309,São Gabriel,241.75,2017,Matemática,0,0,0,246.1925,1,0
4318408,São Jerônimo,253.51,2017,Matemática,0,0,0,256.955,1,0
4318424,São João da Urtiga,269.98,2017,Matemática,0,0,0,270.5125,0,0
4318432,São João do Polêsine,283.24,2017,Matemática,0,0,0,286.72,0,0
4318440,São Jorge,266.28,2017,Matemática,0,0,0,261.30499999999995,1,0
4318457,São José das Missões,269.29,2017,Matemática,0,0,0,269.15500000000003,0,0
4318465,São José do Herval,272.37,2017,Matemática,0,0,0,275.05,0,0
4318481,São José do Hortêncio,285.86,2017,Matemática,1,0,0,288.51750000000004,0,0
4318499,São José do Inhacorá,,2017,Matemática,0,0,0,,0,0
4318507,São José do Norte,251.41,2017,Matemática,1,0,0,259.2975,1,0
4318606,São José do Ouro,274.65,2017,Matemática,0,0,0,274.76,0,0
4318614,São José do Sul,282.73,2017,Matemática,1,0,0,272.265,0,0
4318622,São José dos Ausentes,252.74,2017,Matemática,0,0,0,251.92000000000002,1,0
4318705,São Leopoldo,262.99,2017,Matemática,1,0,0,262.5125,0,0
4318804,São Lourenço do Sul,,2017,Matemática,1,0,0,278.795,0,0
4318903,São Luiz Gonzaga,258.84,2017,Matemática,0,0,0,261.3875,1,0
4319000,São Marcos,304.97,2017,Matemática,0,0,0,293.1125,0,0
4319109,São Martinho,283.95,2017,Matemática,0,0,0,277.43,0,0
4319125,São Martinho da Serra,,2017,Matemática,0,0,0,,0,0
4319158,São Miguel das Missões,271.19,2017,Matemática,0,0,0,269.61,0,0
4319208,São Nicolau,,2017,Matemática,0,0,0,254.625,1,0
4319307,São Paulo das Missões,290.96,2017,Matemática,0,0,0,284.695,0,0
4319356,São Pedro da Serra,272.34,2017,Matemática,1,0,0,273.54999999999995,0,0
4319364,São Pedro das Missões,,2017,Matemática,0,0,0,,0,0
4319372,São Pedro do Butiá,305.68,2017,Matemática,0,0,0,291.7675,0,0
4319406,São Pedro do Sul,270.41,2017,Matemática,0,0,0,264.2025,0,0
4319505,São Sebastião do Caí,270.34,2017,Matemática,0,0,0,263.9225,0,0
4319604,São Sepé,255.08,2017,Matemática,0,0,0,255.82750000000001,1,0
4319703,São Valentim,274.72,2017,Matemática,0,0,0,269.0475,0,0
4319711,São Valentim do Sul,286.2,2017,Matemática,0,0,0,290.6475,0,0
4319737,São Valério do Sul,,2017,Matemática,0,0,0,245.83499999999998,1,0
4319752,São Vendelino,307.73,2017,Matemática,1,0,0,290.555,0,0
4319802,São Vicente do Sul,251.08,2017,Matemática,0,0,0,262.9875,0,0
4319901,Sapiranga,279.6,2017,Matemática,1,0,0,277.77250000000004,0,0
4320008,Sapucaia do Sul,265.51,2017,Matemática,0,0,0,268.925,0,0
4320107,Sarandi,260.46,2017,Matemática,0,0,0,265.0,0,0
4320206,Seberi,276.17,2017,Matemática,0,0,0,278.505,0,0
4320230,Sede Nova,273.15,2017,Matemática,0,0,0,276.6425,0,0
4320263,Segredo,270.72,2017,Matemática,1,0,0,270.01,0,0
4320305,Selbach,282.12,2017,Matemática,0,0,0,287.625,0,0
4320321,Senador Salgado Filho,271.75,2017,Matemática,0,0,0,268.28499999999997,0,0
4320354,Sentinela do Sul,229.53,2017,Matemática,1,0,0,229.37,1,0
4320404,Serafina Corrêa,275.57,2017,Matemática,0,0,0,279.6825,0,0
4320453,Sério,256.19,2017,Matemática,0,0,0,260.0575,1,0
4320503,Sertão,260.19,2017,Matemática,0,0,0,260.6175,1,0
4320552,Sertão Santana,271.53,2017,Matemática,1,0,0,267.15999999999997,0,0
4320578,Sete de Setembro,302.35,2017,Matemática,0,0,0,278.165,0,0
4320602,Severiano de Almeida,286.91,2017,Matemática,0,0,0,292.7975,0,0
4320651,Silveira Martins,,2017,Matemática,0,0,0,283.24,0,0
4320677,Sinimbu,293.59,2017,Matemática,0,0,0,275.19,0,0
4320701,Sobradinho,266.53,2017,Matemática,0,0,0,265.2925,0,0
4320800,Soledade,251.79,2017,Matemática,0,0,0,256.075,1,0
4320859,Tabaí,297.08,2017,Matemática,0,0,0,274.5875,0,0
4320909,Tapejara,266.0,2017,Matemática,0,0,0,267.5675,0,0
4321006,Tapera,258.24,2017,Matemática,0,0,0,264.74,0,0
4321105,Tapes,263.51,2017,Matemática,0,0,0,259.66499999999996,1,0
4321204,Taquara,252.69,2017,Matemática,1,0,0,254.595,1,0
4321303,Taquari,258.94,2017,Matemática,1,0,0,258.84,1,0
4321329,Taquaruçu do Sul,,2017,Matemática,0,0,0,285.52,0,0
4321352,Tavares,241.58,2017,Matemática,0,0,0,250.535,1,0
4321402,Tenente Portela,258.42,2017,Matemática,0,0,0,253.49,1,0
4321436,Terra de Areia,284.1,2017,Matemática,0,0,0,282.2875,0,0
4321451,Teutônia,279.46,2017,Matemática,0,0,0,284.005,0,0
4321469,Tio Hugo,263.43,2017,Matemática,0,0,0,272.2075,0,0
4321477,Tiradentes do Sul,273.87,2017,Matemática,0,0,0,283.9075,0,0
4321493,Toropi,255.64,2017,Matemática,0,0,0,242.08749999999998,1,0
4321501,Torres,261.87,2017,Matemática,0,0,0,265.0675,0,0
4321600,Tramandaí,265.46,2017,Matemática,0,0,0,271.6275,0,0
4321626,Travesseiro,263.84,2017,Matemática,0,0,0,275.8225,0,0
4321634,Três Arroios,304.3,2017,Matemática,0,0,0,293.435,0,0
4321667,Três Cachoeiras,282.62,2017,Matemática,0,0,0,274.79,0,0
4321709,Três Coroas,278.75,2017,Matemática,0,0,0,281.4075,0,0
4321808,Três de Maio,265.76,2017,Matemática,0,0,0,264.6975,0,0
4321832,Três Forquilhas,273.02,2017,Matemática,0,0,0,263.8075,0,0
4321857,Três Palmeiras,255.8,2017,Matemática,0,0,0,265.375,0,0
4321907,Três Passos,277.17,2017,Matemática,0,0,0,276.645,0,0
4321956,Trindade do Sul,269.66,2017,Matemática,0,0,0,267.1225,0,0
4322004,Triunfo,241.53,2017,Matemática,0,0,0,248.135,1,0
4322103,Tucunduva,284.27,2017,Matemática,0,0,0,279.47749999999996,0,0
4322152,Tunas,239.01,2017,Matemática,0,0,0,260.325,1,0
4322186,Tupanci do Sul,298.75,2017,Matemática,0,0,0,294.8675,0,0
4322202,Tupanciretã,256.68,2017,Matemática,0,0,0,261.90250000000003,0,0
4322251,Tupandi,304.26,2017,Matemática,1,0,0,297.295,0,0
4322301,Tuparendi,262.58,2017,Matemática,0,0,0,265.695,0,0
4322327,Turuçu,290.24,2017,Matemática,1,0,0,283.5375,0,0
4322343,Ubiretama,277.53,2017,Matemática,0,0,0,256.1475,1,0
4322350,União da Serra,271.47,2017,Matemática,0,0,0,267.9825,0,0
4322376,Unistalda,276.47,2017,Matemática,0,0,0,285.225,0,0
4322400,Uruguaiana,242.57,2017,Matemática,0,0,0,246.65,1,0
4322509,Vacaria,264.28,2017,Matemática,0,0,0,264.72249999999997,0,0
4322525,Vale Verde,,2017,Matemática,0,0,0,270.515,0,0
4322533,Vale do Sol,273.27,2017,Matemática,0,0,0,270.97749999999996,0,0
4322541,Vale Real,293.51,2017,Matemática,0,0,0,290.5575,0,0
4322558,Vanini,304.23,2017,Matemática,0,0,0,293.3175,0,0
4322608,Venâncio Aires,265.63,2017,Matemática,0,0,0,269.6225,0,0
4322707,Vera Cruz,266.73,2017,Matemática,0,0,0,267.53,0,0
4322806,Veranópolis,280.9,2017,Matemática,0,0,0,275.505,0,0
4322855,Vespasiano Corrêa,276.51,2017,Matemática,1,0,0,279.6375,0,0
4322905,Viadutos,290.02,2017,Matemática,0,0,0,283.3825,0,0
4323002,Viamão,241.33,2017,Matemática,0,0,0,248.1,1,0
4323101,Vicente Dutra,247.52,2017,Matemática,0,0,0,240.8075,1,0
4323200,Victor Graeff,283.36,2017,Matemática,0,0,0,273.8225,0,0
4323309,Vila Flores,276.41,2017,Matemática,0,0,0,284.625,0,0
4323358,Vila Lângaro,286.0,2017,Matemática,0,0,0,279.46,0,0
4323408,Vila Maria,263.21,2017,Matemática,0,0,0,263.60749999999996,0,0
4323457,Vila Nova do Sul,247.26,2017,Matemática,0,0,0,244.41,1,0
4323507,Vista Alegre,286.76,2017,Matemática,0,0,0,278.615,0,0
4323606,Vista Alegre do Prata,272.79,2017,Matemática,0,0,0,271.9225,0,0
4323705,Vista Gaúcha,269.1,2017,Matemática,0,0,0,264.475,0,0
4323754,Vitória das Missões,273.44,2017,Matemática,0,0,0,271.16,0,0
4323770,Westfália,292.76,2017,Matemática,0,0,0,283.4925,0,0
4323804,Xangri-lá,265.27,2017,Matemática,0,0,0,265.4425,0,0
4300034,Aceguá,239.25,2017,Língua Portuguesa,0,0,0,258.8025,1,0
4300059,Água Santa,267.93,2017,Língua Portuguesa,0,0,0,273.90999999999997,0,0
4300109,Agudo,281.74,2017,Língua Portuguesa,1,0,0,283.125,0,0
4300208,Ajuricaba,288.29,2017,Língua Portuguesa,0,0,0,282.4875,0,0
4300307,Alecrim,273.54,2017,Língua Portuguesa,0,0,0,270.22,0,0
4300406,Alegrete,254.54,2017,Língua Portuguesa,0,0,0,255.27499999999998,1,0
4300455,Alegria,256.29,2017,Língua Portuguesa,0,0,0,248.785,1,0
4300471,Almirante Tamandaré do Sul,270.57,2017,Língua Portuguesa,0,0,0,263.03499999999997,0,0
4300505,Alpestre,236.68,2017,Língua Portuguesa,0,0,0,253.365,1,0
4300554,Alto Alegre,266.4,2017,Língua Portuguesa,0,0,0,268.0275,0,0
4300570,Alto Feliz,261.95,2017,Língua Portuguesa,1,0,0,272.85,0,0
4300604,Alvorada,248.12,2017,Língua Portuguesa,0,0,0,249.875,1,0
4300638,Amaral Ferrador,244.0,2017,Língua Portuguesa,0,0,0,243.3175,1,0
4300646,Ametista do Sul,259.24,2017,Língua Portuguesa,0,0,0,260.3375,1,0
4300661,André da Rocha,,2017,Língua Portuguesa,0,0,0,,0,0
4300703,Anta Gorda,277.62,2017,Língua Portuguesa,0,0,0,275.6625,0,0
4300802,Antônio Prado,273.75,2017,Língua Portuguesa,0,0,0,278.4175,0,0
4300851,Arambaré,260.05,2017,Língua Portuguesa,0,0,0,261.385,1,0
4300877,Araricá,265.86,2017,Língua Portuguesa,1,0,0,267.5125,0,0
4300901,Aratiba,274.51,2017,Língua Portuguesa,0,0,0,272.885,0,0
4301008,Arroio do Meio,275.71,2017,Língua Portuguesa,0,0,0,278.38,0,0
4301057,Arroio do Sal,256.37,2017,Língua Portuguesa,0,0,0,259.7175,1,0
4301073,Arroio do Padre,268.69,2017,Língua Portuguesa,0,0,0,276.6875,0,0
4301107,Arroio dos Ratos,264.18,2017,Língua Portuguesa,0,0,0,258.9475,1,0
4301206,Arroio do Tigre,280.22,2017,Língua Portuguesa,1,0,0,273.1425,0,0
4301305,Arroio Grande,248.47,2017,Língua Portuguesa,1,0,0,252.03,1,0
4301404,Arvorezinha,256.18,2017,Língua Portuguesa,0,0,0,254.0325,1,0
4301503,Augusto Pestana,277.88,2017,Língua Portuguesa,0,0,0,287.62,0,0
4301552,Áurea,293.02,2017,Língua Portuguesa,0,0,0,287.3,0,0
4301602,Bagé,257.96,2017,Língua Portuguesa,0,0,0,259.52750000000003,1,0
4301636,Balneário Pinhal,256.85,2017,Língua Portuguesa,0,0,0,248.6575,1,0
4301651,Barão,285.63,2017,Língua Portuguesa,1,0,0,286.47749999999996,0,0
4301701,Barão de Cotegipe,250.12,2017,Língua Portuguesa,0,0,0,261.39,1,0
4301750,Barão do Triunfo,245.18,2017,Língua Portuguesa,0,0,0,247.54500000000002,1,0
4301800,Barracão,265.3,2017,Língua Portuguesa,0,0,0,260.42,1,0
4301859,Barra do Guarita,250.82,2017,Língua Portuguesa,0,0,0,245.8625,1,0
4301875,Barra do Quaraí,228.84,2017,Língua Portuguesa,0,0,0,246.0125,1,0
4301909,Barra do Ribeiro,255.23,2017,Língua Portuguesa,0,0,0,248.1525,1,0
4301925,Barra do Rio Azul,272.8,2017,Língua Portuguesa,0,0,0,291.45500000000004,0,0
4301958,Barra Funda,282.31,2017,Língua Portuguesa,0,0,0,280.58500000000004,0,0
4302006,Barros Cassal,243.01,2017,Língua Portuguesa,0,0,0,242.02249999999998,1,0
4302055,Benjamin Constant do Sul,247.08,2017,Língua Portuguesa,0,0,0,250.905,1,0
4302105,Bento Gonçalves,275.99,2017,Língua Portuguesa,0,0,0,278.49,0,0
4302154,Boa Vista das Missões,,2017,Língua Portuguesa,0,0,0,272.745,0,0
4302204,Boa Vista do Buricá,279.33,2017,Língua Portuguesa,0,0,0,283.9475,0,0
4302220,Boa Vista do Cadeado,232.98,2017,Língua Portuguesa,0,0,0,232.07,1,0
4302238,Boa Vista do Incra,261.92,2017,Língua Portuguesa,0,0,0,263.09000000000003,0,0
4302253,Boa Vista do Sul,,2017,Língua Portuguesa,0,0,0,276.225,0,0
4302303,Bom Jesus,263.33,2017,Língua Portuguesa,0,0,0,262.40999999999997,0,0
4302352,Bom Princípio,292.96,2017,Língua Portuguesa,1,0,0,294.6,0,0
4302378,Bom Progresso,,2017,Língua Portuguesa,0,0,0,272.47,0,0
4302402,Bom Retiro do Sul,270.84,2017,Língua Portuguesa,1,0,0,279.4075,0,0
4302451,Boqueirão do Leão,251.72,2017,Língua Portuguesa,0,0,0,260.3675,1,0
4302501,Bossoroca,250.84,2017,Língua Portuguesa,0,0,0,250.0275,1,0
4302584,Bozano,,2017,Língua Portuguesa,0,0,0,283.14,0,0
4302600,Braga,283.56,2017,Língua Portuguesa,0,0,0,266.14,0,0
4302659,Brochier,309.63,2017,Língua Portuguesa,1,0,0,317.675,0,0
4302709,Butiá,,2017,Língua Portuguesa,1,0,0,227.42000000000002,1,0
4302808,Caçapava do Sul,245.85,2017,Língua Portuguesa,0,0,0,254.54250000000002,1,0
4302907,Cacequi,244.5,2017,Língua Portuguesa,0,0,0,243.95499999999998,1,0
4303004,Cachoeira do Sul,,2017,Língua Portuguesa,1,0,0,259.44,1,0
4303103,Cachoeirinha,256.74,2017,Língua Portuguesa,0,0,0,254.6925,1,0
4303202,Cacique Doble,272.96,2017,Língua Portuguesa,0,0,0,268.835,0,0
4303301,Caibaté,235.55,2017,Língua Portuguesa,0,0,0,253.8675,1,0
4303400,Caiçara,247.57,2017,Língua Portuguesa,0,0,0,263.9725,0,0
4303509,Camaquã,255.54,2017,Língua Portuguesa,1,0,0,257.87,1,0
4303558,Camargo,269.66,2017,Língua Portuguesa,0,0,0,277.94500000000005,0,0
4303608,Cambará do Sul,251.97,2017,Língua Portuguesa,0,0,0,253.89499999999998,1,0
4303673,Campestre da Serra,272.56,2017,Língua Portuguesa,0,0,0,280.15999999999997,0,0
4303707,Campina das Missões,273.0,2017,Língua Portuguesa,0,0,0,276.8675,0,0
4303806,Campinas do Sul,280.36,2017,Língua Portuguesa,0,0,0,287.3275,0,0
4303905,Campo Bom,274.58,2017,Língua Portuguesa,1,0,0,277.98,0,0
4304002,Campo Novo,250.24,2017,Língua Portuguesa,0,0,0,250.65,1,0
4304101,Campos Borges,264.75,2017,Língua Portuguesa,0,0,0,248.02749999999997,1,0
4304200,Candelária,246.49,2017,Língua Portuguesa,0,0,0,257.2225,1,0
4304309,Cândido Godói,268.76,2017,Língua Portuguesa,0,0,0,277.0475,0,0
4304358,Candiota,250.35,2017,Língua Portuguesa,0,0,0,256.425,1,0
4304408,Canela,266.49,2017,Língua Portuguesa,0,0,0,265.1925,0,0
4304507,Canguçu,283.48,2017,Língua Portuguesa,0,0,0,286.52250000000004,0,0
4304606,Canoas,261.98,2017,Língua Portuguesa,1,0,0,262.84000000000003,0,0
4304614,Canudos do Vale,233.11,2017,Língua Portuguesa,0,0,0,261.0825,1,0
4304622,Capão Bonito do Sul,268.79,2017,Língua Portuguesa,0,0,0,252.98250000000002,1,0
4304630,Capão da Canoa,263.67,2017,Língua Portuguesa,0,0,0,264.2625,0,0
4304655,Capão do Cipó,271.34,2017,Língua Portuguesa,0,0,0,260.1325,1,0
4304663,Capão do Leão,267.65,2017,Língua Portuguesa,1,0,0,257.65,1,0
4304671,Capivari do Sul,262.88,2017,Língua Portuguesa,0,0,0,265.8975,0,0
4304689,Capela de Santana,256.79,2017,Língua Portuguesa,1,0,0,260.0325,1,0
4304697,Capitão,271.72,2017,Língua Portuguesa,0,0,0,275.08000000000004,0,0
4304705,Carazinho,263.47,2017,Língua Portuguesa,0,0,0,258.59749999999997,1,0
4304713,Caraá,218.86,2017,Língua Portuguesa,0,0,0,223.9,1,0
4304804,Carlos Barbosa,286.46,2017,Língua Portuguesa,0,0,0,285.27,0,0
4304903,Casca,274.59,2017,Língua Portuguesa,0,0,0,270.7,0,0
4304952,Caseiros,,2017,Língua Portuguesa,0,0,0,258.97,1,0
4305009,Catuípe,265.2,2017,Língua Portuguesa,0,0,0,271.6225,0,0
4305108,Caxias do Sul,269.77,2017,Língua Portuguesa,1,0,0,268.43,0,0
4305116,Centenário,288.54,2017,Língua Portuguesa,0,0,0,286.9775,0,0
4305124,Cerrito,267.81,2017,Língua Portuguesa,0,0,0,267.835,0,0
4305132,Cerro Branco,255.26,2017,Língua Portuguesa,0,0,0,271.105,0,0
4305157,Cerro Grande,283.33,2017,Língua Portuguesa,0,0,0,279.815,0,0
4305173,Cerro Grande do Sul,261.2,2017,Língua Portuguesa,1,0,0,264.0375,0,0
4305207,Cerro Largo,282.09,2017,Língua Portuguesa,0,0,0,286.55,0,0
4305306,Chapada,261.39,2017,Língua Portuguesa,0,0,0,270.98249999999996,0,0
4305355,Charqueadas,254.63,2017,Língua Portuguesa,0,0,0,261.0675,1,0
4305371,Charrua,,2017,Língua Portuguesa,0,0,0,275.225,0,0
4305405,Chiapetta,265.8,2017,Língua Portuguesa,0,0,0,261.68,1,0
4305439,Chuí,,2017,Língua Portuguesa,1,0,0,,0,0
4305447,Chuvisca,261.35,2017,Língua Portuguesa,1,0,0,260.015,1,0
4305454,Cidreira,,2017,Língua Portuguesa,0,0,0,258.90999999999997,1,0
4305504,Ciríaco,272.99,2017,Língua Portuguesa,0,0,0,256.21250000000003,1,0
4305587,Colinas,267.59,2017,Língua Portuguesa,0,0,0,288.32,0,0
4305603,Colorado,271.86,2017,Língua Portuguesa,0,0,0,291.46000000000004,0,0
4305702,Condor,261.3,2017,Língua Portuguesa,0,0,0,268.6075,0,0
4305801,Constantina,262.94,2017,Língua Portuguesa,0,0,0,268.3375,0,0
4305835,Coqueiro Baixo,290.21,2017,Língua Portuguesa,0,0,0,296.775,0,0
4305850,Coqueiros do Sul,229.81,2017,Língua Portuguesa,0,0,0,235.36,1,0
4305871,Coronel Barros,287.26,2017,Língua Portuguesa,0,0,0,287.375,0,0
4305900,Coronel Bicaco,247.61,2017,Língua Portuguesa,0,0,0,251.2725,1,0
4305934,Coronel Pilar,,2017,Língua Portuguesa,0,0,0,274.95500000000004,0,0
4305959,Cotiporã,279.89,2017,Língua Portuguesa,0,0,0,279.155,0,0
4305975,Coxilha,257.04,2017,Língua Portuguesa,0,0,0,262.2375,0,0
4306007,Crissiumal,273.43,2017,Língua Portuguesa,0,0,0,277.26,0,0
4306056,Cristal,259.2,2017,Língua Portuguesa,0,0,0,262.325,0,0
4306072,Cristal do Sul,235.72,2017,Língua Portuguesa,0,0,0,239.67000000000002,1,0
4306106,Cruz Alta,257.81,2017,Língua Portuguesa,0,0,0,255.2525,1,0
4306130,Cruzaltense,278.65,2017,Língua Portuguesa,0,0,0,287.585,0,0
4306205,Cruzeiro do Sul,269.51,2017,Língua Portuguesa,1,0,0,264.855,0,0
4306304,David Canabarro,259.21,2017,Língua Portuguesa,0,0,0,268.75,0,0
4306320,Derrubadas,285.19,2017,Língua Portuguesa,0,0,0,286.65999999999997,0,0
4306353,Dezesseis de Novembro,259.23,2017,Língua Portuguesa,0,0,0,257.25250000000005,1,0
4306379,Dilermando de Aguiar,,2017,Língua Portuguesa,0,0,0,,0,0
4306403,Dois Irmãos,280.48,2017,Língua Portuguesa,1,0,0,281.48,0,0
4306429,Dois Irmãos das Missões,,2017,Língua Portuguesa,0,0,0,,0,0
4306452,Dois Lajeados,298.46,2017,Língua Portuguesa,0,0,0,296.695,0,0
4306502,Dom Feliciano,262.63,2017,Língua Portuguesa,1,0,0,267.5075,0,0
4306551,Dom Pedro de Alcântara,270.65,2017,Língua Portuguesa,0,0,0,269.84,0,0
4306601,Dom Pedrito,248.79,2017,Língua Portuguesa,0,0,0,249.8275,1,0
4306700,Dona Francisca,259.47,2017,Língua Portuguesa,1,0,0,274.475,0,0
4306734,Doutor Maurício Cardoso,263.52,2017,Língua Portuguesa,0,0,0,261.805,0,0
4306759,Doutor Ricardo,,2017,Língua Portuguesa,0,0,0,,0,0
4306767,Eldorado do Sul,257.82,2017,Língua Portuguesa,0,0,0,259.9975,1,0
4306809,Encantado,277.62,2017,Língua Portuguesa,0,0,0,280.855,0,0
4306908,Encruzilhada do Sul,258.89,2017,Língua Portuguesa,0,0,0,256.9325,1,0
4306924,Engenho Velho,235.86,2017,Língua Portuguesa,0,0,0,227.77,1,0
4306932,Entre-Ijuís,261.08,2017,Língua Portuguesa,0,0,0,262.28499999999997,0,0
4306957,Entre Rios do Sul,283.88,2017,Língua Portuguesa,0,0,0,291.59000000000003,0,0
4306973,Erebango,267.29,2017,Língua Portuguesa,0,0,0,266.5475,0,0
4307005,Erechim,279.01,2017,Língua Portuguesa,0,0,0,276.5175,0,0
4307054,Ernestina,255.31,2017,Língua Portuguesa,0,0,0,262.69,0,0
4307104,Herval,260.18,2017,Língua Portuguesa,0,0,0,258.245,1,0
4307203,Erval Grande,267.55,2017,Língua Portuguesa,0,0,0,262.9125,0,0
4307302,Erval Seco,262.33,2017,Língua Portuguesa,0,0,0,271.1925,0,0
4307401,Esmeralda,262.07,2017,Língua Portuguesa,0,0,0,255.6775,1,0
4307450,Esperança do Sul,225.99,2017,Língua Portuguesa,0,0,0,249.405,1,0
4307500,Espumoso,278.92,2017,Língua Portuguesa,0,0,0,274.885,0,0
4307559,Estação,271.56,2017,Língua Portuguesa,0,0,0,269.89,0,0
4307609,Estância Velha,272.23,2017,Língua Portuguesa,1,0,0,271.89,0,0
4307708,Esteio,253.56,2017,Língua Portuguesa,0,0,0,255.48250000000002,1,0
4307807,Estrela,267.95,2017,Língua Portuguesa,1,0,0,272.0675,0,0
4307815,Estrela Velha,263.6,2017,Língua Portuguesa,1,0,0,259.7125,1,0
4307831,Eugênio de Castro,268.23,2017,Língua Portuguesa,0,0,0,275.15250000000003,0,0
4307864,Fagundes Varela,235.49,2017,Língua Portuguesa,0,0,0,262.72249999999997,0,0
4307906,Farroupilha,283.42,2017,Língua Portuguesa,0,0,0,289.96500000000003,0,0
4308003,Faxinal do Soturno,274.52,2017,Língua Portuguesa,0,0,0,270.95,0,0
4308052,Faxinalzinho,241.87,2017,Língua Portuguesa,0,0,0,238.07999999999998,1,0
4308078,Fazenda Vilanova,274.59,2017,Língua Portuguesa,0,0,0,266.7075,0,0
4308102,Feliz,291.03,2017,Língua Portuguesa,1,0,0,292.92,0,0
4308201,Flores da Cunha,283.82,2017,Língua Portuguesa,0,0,0,287.8225,0,0
4308250,Floriano Peixoto,290.46,2017,Língua Portuguesa,0,0,0,289.125,0,0
4308300,Fontoura Xavier,251.27,2017,Língua Portuguesa,0,0,0,256.0175,1,0
4308409,Formigueiro,248.51,2017,Língua Portuguesa,0,0,0,247.4175,1,0
4308433,Forquetinha,239.44,2017,Língua Portuguesa,1,0,0,258.475,1,0
4308458,Fortaleza dos Valos,266.62,2017,Língua Portuguesa,0,0,0,260.8175,1,0
4308508,Frederico Westphalen,276.8,2017,Língua Portuguesa,0,0,0,281.63,0,0
4308607,Garibaldi,276.84,2017,Língua Portuguesa,0,0,0,277.8825,0,0
4308656,Garruchos,260.98,2017,Língua Portuguesa,0,0,0,263.995,0,0
4308706,Gaurama,268.63,2017,Língua Portuguesa,0,0,0,277.07,0,0
4308805,General Câmara,241.14,2017,Língua Portuguesa,0,0,0,238.71249999999998,1,0
4308854,Gentil,,2017,Língua Portuguesa,0,0,0,276.245,0,0
4308904,Getúlio Vargas,270.62,2017,Língua Portuguesa,0,0,0,269.7425,0,0
4309001,Giruá,249.0,2017,Língua Portuguesa,0,0,0,252.3975,1,0
4309050,Glorinha,261.42,2017,Língua Portuguesa,0,0,0,260.4,1,0
4309100,Gramado,269.0,2017,Língua Portuguesa,1,0,0,273.725,0,0
4309126,Gramado dos Loureiros,,2017,Língua Portuguesa,0,0,0,287.33500000000004,0,0
4309159,Gramado Xavier,266.52,2017,Língua Portuguesa,0,0,0,262.23,0,0
4309209,Gravataí,258.13,2017,Língua Portuguesa,0,0,0,258.17,1,0
4309258,Guabiju,301.74,2017,Língua Portuguesa,0,0,0,295.995,0,0
4309308,Guaíba,261.35,2017,Língua Portuguesa,0,0,0,259.62,1,0
4309407,Guaporé,268.71,2017,Língua Portuguesa,0,0,0,270.3025,0,0
4309506,Guarani das Missões,252.76,2017,Língua Portuguesa,0,0,0,260.4675,1,0
4309555,Harmonia,282.76,2017,Língua Portuguesa,1,0,0,289.6925,0,0
4309571,Herveiras,,2017,Língua Portuguesa,0,0,0,,0,0
4309605,Horizontina,269.42,2017,Língua Portuguesa,0,0,0,275.78999999999996,0,0
4309654,Hulha Negra,231.44,2017,Língua Portuguesa,0,0,0,243.965,1,0
4309704,Humaitá,256.11,2017,Língua Portuguesa,0,0,0,269.4625,0,0
4309753,Ibarama,271.08,2017,Língua Portuguesa,1,0,0,266.0775,0,0
4309803,Ibiaçá,267.61,2017,Língua Portuguesa,0,0,0,268.3,0,0
4309902,Ibiraiaras,284.22,2017,Língua Portuguesa,0,0,0,277.61,0,0
4309951,Ibirapuitã,260.13,2017,Língua Portuguesa,0,0,0,259.635,1,0
4310009,Ibirubá,280.52,2017,Língua Portuguesa,0,0,0,284.3225,0,0
4310108,Igrejinha,280.72,2017,Língua Portuguesa,1,0,0,280.45500000000004,0,0
4310207,Ijuí,276.46,2017,Língua Portuguesa,0,0,0,276.125,0,0
4310306,Ilópolis,272.47,2017,Língua Portuguesa,0,0,0,274.415,0,0
4310330,Imbé,267.79,2017,Língua Portuguesa,0,0,0,265.9125,0,0
4310363,Imigrante,303.17,2017,Língua Portuguesa,0,0,0,314.095,0,0
4310405,Independência,275.33,2017,Língua Portuguesa,0,0,0,270.01,0,0
4310413,Inhacorá,244.38,2017,Língua Portuguesa,0,0,0,241.72,1,0
4310439,Ipê,275.66,2017,Língua Portuguesa,0,0,0,278.12,0,0
4310462,Ipiranga do Sul,265.12,2017,Língua Portuguesa,0,0,0,273.4625,0,0
4310504,Iraí,277.72,2017,Língua Portuguesa,0,0,0,278.305,0,0
4310538,Itaara,272.75,2017,Língua Portuguesa,0,0,0,270.71500000000003,0,0
4310553,Itacurubi,243.39,2017,Língua Portuguesa,0,0,0,248.8,1,0
4310579,Itapuca,262.27,2017,Língua Portuguesa,0,0,0,261.815,0,0
4310603,Itaqui,257.4,2017,Língua Portuguesa,0,0,0,250.2475,1,0
4310652,Itati,272.9,2017,Língua Portuguesa,0,0,0,277.8825,0,0
4310702,Itatiba do Sul,271.24,2017,Língua Portuguesa,0,0,0,281.985,0,0
4310751,Ivorá,264.27,2017,Língua Portuguesa,0,0,0,257.36,1,0
4310801,Ivoti,283.55,2017,Língua Portuguesa,1,0,0,290.4175,0,0
4310850,Jaboticaba,265.31,2017,Língua Portuguesa,0,0,0,270.905,0,0
4310876,Jacuizinho,223.79,2017,Língua Portuguesa,0,0,0,230.04,1,0
4310900,Jacutinga,288.25,2017,Língua Portuguesa,0,0,0,288.6225,0,0
4311007,Jaguarão,267.8,2017,Língua Portuguesa,0,0,0,266.1075,0,0
4311106,Jaguari,272.29,2017,Língua Portuguesa,0,0,0,275.045,0,0
4311122,Jaquirana,248.36,2017,Língua Portuguesa,0,0,0,242.95,1,0
4311130,Jari,262.03,2017,Língua Portuguesa,0,0,0,263.505,0,0
4311155,Jóia,264.59,2017,Língua Portuguesa,0,0,0,269.4425,0,0
4311205,Júlio de Castilhos,,2017,Língua Portuguesa,0,0,0,262.755,0,0
4311239,Lagoa Bonita do Sul,229.67,2017,Língua Portuguesa,0,0,0,245.8575,1,0
4311254,Lagoão,266.44,2017,Língua Portuguesa,0,0,0,265.555,0,0
4311270,Lagoa dos Três Cantos,273.19,2017,Língua Portuguesa,0,0,0,278.515,0,0
4311304,Lagoa Vermelha,,2017,Língua Portuguesa,0,0,0,258.63,1,0
4311403,Lajeado,275.3,2017,Língua Portuguesa,1,0,0,276.10249999999996,0,0
4311429,Lajeado do Bugre,,2017,Língua Portuguesa,0,0,0,,0,0
4311502,Lavras do Sul,253.78,2017,Língua Portuguesa,0,0,0,254.60250000000002,1,0
4311601,Liberato Salzano,284.63,2017,Língua Portuguesa,0,0,0,265.94,0,0
4311627,Lindolfo Collor,270.72,2017,Língua Portuguesa,0,0,0,281.4275,0,0
4311643,Linha Nova,282.08,2017,Língua Portuguesa,1,0,0,286.825,0,0
4311700,Machadinho,256.87,2017,Língua Portuguesa,0,0,0,260.32,1,0
4311718,Maçambará,223.71,2017,Língua Portuguesa,0,0,0,232.3275,1,0
4311734,Mampituba,271.51,2017,Língua Portuguesa,0,0,0,271.475,0,0
4311759,Manoel Viana,261.3,2017,Língua Portuguesa,0,0,0,253.1625,1,0
4311775,Maquiné,254.08,2017,Língua Portuguesa,0,0,0,261.61,1,0
4311791,Maratá,277.44,2017,Língua Portuguesa,0,0,0,279.76,0,0
4311809,Marau,264.04,2017,Língua Portuguesa,0,0,0,265.78,0,0
4311908,Marcelino Ramos,245.47,2017,Língua Portuguesa,0,0,0,244.51999999999998,1,0
4311981,Mariana Pimentel,259.55,2017,Língua Portuguesa,0,0,0,261.555,1,0
4312005,Mariano Moro,233.47,2017,Língua Portuguesa,0,0,0,237.0475,1,0
4312054,Marques de Souza,267.66,2017,Língua Portuguesa,0,0,0,283.3525,0,0
4312104,Mata,259.81,2017,Língua Portuguesa,0,0,0,262.84250000000003,0,0
4312138,Mato Castelhano,246.3,2017,Língua Portuguesa,0,0,0,232.94,1,0
4312153,Mato Leitão,269.38,2017,Língua Portuguesa,0,0,0,283.765,0,0
4312179,Mato Queimado,280.69,2017,Língua Portuguesa,0,0,0,284.9875,0,0
4312203,Maximiliano de Almeida,288.11,2017,Língua Portuguesa,0,0,0,264.61,0,0
4312252,Minas do Leão,257.11,2017,Língua Portuguesa,1,0,0,256.20500000000004,1,0
4312302,Miraguaí,238.71,2017,Língua Portuguesa,0,0,0,251.9525,1,0
4312351,Montauri,291.68,2017,Língua Portuguesa,0,0,0,300.265,0,0
4312377,Monte Alegre dos Campos,234.18,2017,Língua Portuguesa,0,0,0,244.48250000000002,1,0
4312385,Monte Belo do Sul,269.59,2017,Língua Portuguesa,0,0,0,282.6375,0,0
4312401,Montenegro,266.64,2017,Língua Portuguesa,1,0,0,261.1775,1,0
4312427,Mormaço,257.06,2017,Língua Portuguesa,0,0,0,259.805,1,0
4312443,Morrinhos do Sul,272.18,2017,Língua Portuguesa,0,0,0,286.285,0,0
4312450,Morro Redondo,284.31,2017,Língua Portuguesa,0,0,0,270.59000000000003,0,0
4312476,Morro Reuter,284.36,2017,Língua Portuguesa,1,0,0,287.4925,0,0
4312500,Mostardas,244.59,2017,Língua Portuguesa,0,0,0,251.8225,1,0
4312609,Muçum,275.7,2017,Língua Portuguesa,0,0,0,268.775,0,0
4312617,Muitos Capões,258.04,2017,Língua Portuguesa,0,0,0,260.4375,1,0
4312625,Muliterno,266.15,2017,Língua Portuguesa,0,0,0,261.045,1,0
4312658,Não-Me-Toque,248.61,2017,Língua Portuguesa,0,0,0,260.67,1,0
4312674,Nicolau Vergueiro,211.64,2017,Língua Portuguesa,0,0,0,246.98,1,0
4312708,Nonoai,268.22,2017,Língua Portuguesa,0,0,0,269.1175,0,0
4312757,Nova Alvorada,283.82,2017,Língua Portuguesa,0,0,0,281.76,0,0
4312807,Nova Araçá,273.56,2017,Língua Portuguesa,0,0,0,274.5925,0,0
4312906,Nova Bassano,258.14,2017,Língua Portuguesa,0,0,0,266.2675,0,0
4312955,Nova Boa Vista,267.08,2017,Língua Portuguesa,0,0,0,276.22249999999997,0,0
4313003,Nova Bréscia,259.49,2017,Língua Portuguesa,0,0,0,269.0575,0,0
4313011,Nova Candelária,276.08,2017,Língua Portuguesa,0,0,0,284.65999999999997,0,0
4313037,Nova Esperança do Sul,251.94,2017,Língua Portuguesa,0,0,0,253.46,1,0
4313060,Nova Hartz,267.63,2017,Língua Portuguesa,1,0,0,269.175,0,0
4313086,Nova Pádua,251.47,2017,Língua Portuguesa,0,0,0,262.9375,0,0
4313102,Nova Palma,264.35,2017,Língua Portuguesa,0,0,0,264.4275,0,0
4313201,Nova Petrópolis,292.7,2017,Língua Portuguesa,0,0,0,295.1225,0,0
4313300,Nova Prata,274.6,2017,Língua Portuguesa,0,0,0,272.12,0,0
4313334,Nova Ramada,,2017,Língua Portuguesa,0,0,0,,0,0
4313359,Nova Roma do Sul,270.36,2017,Língua Portuguesa,0,0,0,282.83500000000004,0,0
4313375,Nova Santa Rita,263.92,2017,Língua Portuguesa,0,0,0,263.56,0,0
4313391,Novo Cabrais,,2017,Língua Portuguesa,0,0,0,,0,0
4313409,Novo Hamburgo,263.22,2017,Língua Portuguesa,1,0,0,262.5975,0,0
4313425,Novo Machado,257.46,2017,Língua Portuguesa,0,0,0,273.24,0,0
4313441,Novo Tiradentes,,2017,Língua Portuguesa,0,0,0,,0,0
4313466,Novo Xingu,267.72,2017,Língua Portuguesa,0,0,0,264.58000000000004,0,0
4313490,Novo Barreiro,246.44,2017,Língua Portuguesa,0,0,0,245.58499999999998,1,0
4313508,Osório,269.3,2017,Língua Portuguesa,0,0,0,270.8225,0,0
4313607,Paim Filho,250.79,2017,Língua Portuguesa,0,0,0,254.39,1,0
4313656,Palmares do Sul,240.16,2017,Língua Portuguesa,0,0,0,248.7225,1,0
4313706,Palmeira das Missões,257.12,2017,Língua Portuguesa,0,0,0,256.305,1,0
4313805,Palmitinho,262.9,2017,Língua Portuguesa,0,0,0,269.9325,0,0
4313904,Panambi,273.72,2017,Língua Portuguesa,0,0,0,276.56,0,0
4313953,Pantano Grande,256.9,2017,Língua Portuguesa,0,0,0,246.0575,1,0
4314001,Paraí,279.0,2017,Língua Portuguesa,0,0,0,279.74,0,0
4314027,Paraíso do Sul,252.76,2017,Língua Portuguesa,1,0,0,270.52250000000004,0,0
4314035,Pareci Novo,280.91,2017,Língua Portuguesa,1,0,0,283.0425,0,0
4314050,Parobé,263.09,2017,Língua Portuguesa,1,0,0,267.53999999999996,0,0
4314068,Passa Sete,286.87,2017,Língua Portuguesa,0,0,0,273.87,0,0
4314076,Passo do Sobrado,269.29,2017,Língua Portuguesa,0,0,0,267.4075,0,0
4314100,Passo Fundo,260.21,2017,Língua Portuguesa,0,0,0,257.48,1,0
4314134,Paulo Bento,271.23,2017,Língua Portuguesa,0,0,0,274.035,0,0
4314159,Paverama,255.66,2017,Língua Portuguesa,0,0,0,258.2,1,0
4314175,Pedras Altas,,2017,Língua Portuguesa,0,0,0,,0,0
4314209,Pedro Osório,253.64,2017,Língua Portuguesa,0,0,0,243.815,1,0
4314308,Pejuçara,288.06,2017,Língua Portuguesa,0,0,0,274.65250000000003,0,0
4314407,Pelotas,,2017,Língua Portuguesa,1,0,0,264.845,0,0
4314423,Picada Café,287.83,2017,Língua Portuguesa,0,0,0,294.65999999999997,0,0
4314456,Pinhal,251.9,2017,Língua Portuguesa,0,0,0,269.0825,0,0
4314464,Pinhal da Serra,286.03,2017,Língua Portuguesa,0,0,0,271.9825,0,0
4314472,Pinhal Grande,269.59,2017,Língua Portuguesa,0,0,0,276.085,0,0
4314498,Pinheirinho do Vale,268.92,2017,Língua Portuguesa,0,0,0,278.35,0,0
4314506,Pinheiro Machado,264.24,2017,Língua Portuguesa,0,0,0,261.7125,1,0
4314548,Pinto Bandeira,284.52,2017,Língua Portuguesa,0,0,0,275.36,0,0
4314555,Pirapó,260.71,2017,Língua Portuguesa,0,0,0,263.7625,0,0
4314605,Piratini,,2017,Língua Portuguesa,0,0,0,256.49,1,0
4314704,Planalto,262.51,2017,Língua Portuguesa,0,0,0,264.48,0,0
4314753,Poço das Antas,282.01,2017,Língua Portuguesa,1,0,0,276.18,0,0
4314779,Pontão,264.11,2017,Língua Portuguesa,0,0,0,272.495,0,0
4314787,Ponte Preta,262.8,2017,Língua Portuguesa,0,0,0,269.605,0,0
4314803,Portão,282.65,2017,Língua Portuguesa,1,0,0,280.7,0,0
4314902,Porto Alegre,256.7,2017,Língua Portuguesa,1,0,0,253.5,1,0
4315008,Porto Lucena,260.61,2017,Língua Portuguesa,0,0,0,265.32,0,0
4315057,Porto Mauá,251.37,2017,Língua Portuguesa,0,0,0,254.38,1,0
4315073,Porto Vera Cruz,246.66,2017,Língua Portuguesa,0,0,0,263.54,0,0
4315107,Porto Xavier,263.59,2017,Língua Portuguesa,0,0,0,272.135,0,0
4315131,Pouso Novo,248.31,2017,Língua Portuguesa,0,0,0,264.1375,0,0
4315149,Presidente Lucena,280.59,2017,Língua Portuguesa,1,0,0,286.67,0,0
4315156,Progresso,233.63,2017,Língua Portuguesa,0,0,0,247.5275,1,0
4315172,Protásio Alves,252.48,2017,Língua Portuguesa,0,0,0,264.3575,0,0
4315206,Putinga,246.38,2017,Língua Portuguesa,0,0,0,246.4325,1,0
4315305,Quaraí,269.99,2017,Língua Portuguesa,0,0,0,267.21500000000003,0,0
4315313,Quatro Irmãos,268.68,2017,Língua Portuguesa,0,0,0,261.11,1,0
4315321,Quevedos,236.69,2017,Língua Portuguesa,0,0,0,253.7125,1,0
4315354,Quinze de Novembro,276.59,2017,Língua Portuguesa,0,0,0,275.4375,0,0
4315404,Redentora,243.61,2017,Língua Portuguesa,0,0,0,250.36,1,0
4315453,Relvado,280.07,2017,Língua Portuguesa,0,0,0,281.5,0,0
4315503,Restinga Sêca,261.96,2017,Língua Portuguesa,1,0,0,266.78249999999997,0,0
4315552,Rio dos Índios,258.42,2017,Língua Portuguesa,0,0,0,265.09000000000003,0,0
4315602,Rio Grande,267.84,2017,Língua Portuguesa,1,0,0,262.90749999999997,0,0
4315701,Rio Pardo,267.32,2017,Língua Portuguesa,0,0,0,261.53999999999996,1,0
4315750,Riozinho,276.81,2017,Língua Portuguesa,0,0,0,270.635,0,0
4315800,Roca Sales,258.55,2017,Língua Portuguesa,0,0,0,264.0675,0,0
4315909,Rodeio Bonito,286.46,2017,Língua Portuguesa,0,0,0,274.935,0,0
4315958,Rolador,264.02,2017,Língua Portuguesa,0,0,0,280.1225,0,0
4316006,Rolante,273.99,2017,Língua Portuguesa,0,0,0,268.5775,0,0
4316105,Ronda Alta,266.2,2017,Língua Portuguesa,0,0,0,264.77,0,0
4316204,Rondinha,256.06,2017,Língua Portuguesa,0,0,0,265.72249999999997,0,0
4316303,Roque Gonzales,263.53,2017,Língua Portuguesa,0,0,0,277.695,0,0
4316402,Rosário do Sul,,2017,Língua Portuguesa,0,0,0,243.51999999999998,1,0
4316428,Sagrada Família,272.37,2017,Língua Portuguesa,0,0,0,267.9,0,0
4316436,Saldanha Marinho,303.83,2017,Língua Portuguesa,0,0,0,292.145,0,0
4316451,Salto do Jacuí,268.36,2017,Língua Portuguesa,0,0,0,263.0675,0,0
4316477,Salvador das Missões,258.42,2017,Língua Portuguesa,0,0,0,274.1075,0,0
4316501,Salvador do Sul,285.72,2017,Língua Portuguesa,1,0,0,295.6075,0,0
4316600,Sananduva,275.44,2017,Língua Portuguesa,0,0,0,278.63750000000005,0,0
4316709,Santa Bárbara do Sul,262.78,2017,Língua Portuguesa,0,0,0,249.405,1,0
4316733,Santa Cecília do Sul,244.11,2017,Língua Portuguesa,0,0,0,245.10500000000002,1,0
4316758,Santa Clara do Sul,285.73,2017,Língua Portuguesa,0,0,0,284.4125,0,0
4316808,Santa Cruz do Sul,275.2,2017,Língua Portuguesa,0,0,0,277.06,0,0
4316907,Santa Maria,273.28,2017,Língua Portuguesa,0,0,0,270.0075,0,0
4316956,Santa Maria do Herval,278.69,2017,Língua Portuguesa,1,0,0,290.365,0,0
4316972,Santa Margarida do Sul,275.55,2017,Língua Portuguesa,0,0,0,252.86,1,0
4317004,Santana da Boa Vista,234.4,2017,Língua Portuguesa,0,0,0,240.97,1,0
4317103,Sant'Ana do Livramento,249.23,2017,Língua Portuguesa,0,0,0,250.275,1,0
4317202,Santa Rosa,265.28,2017,Língua Portuguesa,0,0,0,270.305,0,0
4317251,Santa Tereza,286.3,2017,Língua Portuguesa,0,0,0,298.14,0,0
4317301,Santa Vitória do Palmar,235.44,2017,Língua Portuguesa,1,0,0,239.61,1,0
4317400,Santiago,266.37,2017,Língua Portuguesa,0,0,0,263.0475,0,0
4317509,Santo Ângelo,257.07,2017,Língua Portuguesa,0,0,0,260.2575,1,0
4317558,Santo Antônio do Palma,261.48,2017,Língua Portuguesa,0,0,0,267.3575,0,0
4317608,Santo Antônio da Patrulha,264.21,2017,Língua Portuguesa,0,0,0,267.955,0,0
4317707,Santo Antônio das Missões,262.4,2017,Língua Portuguesa,0,0,0,259.145,1,0
4317756,Santo Antônio do Planalto,287.73,2017,Língua Portuguesa,0,0,0,269.45000000000005,0,0
4317806,Santo Augusto,266.72,2017,Língua Portuguesa,0,0,0,262.945,0,0
4317905,Santo Cristo,274.19,2017,Língua Portuguesa,0,0,0,280.7475,0,0
4317954,Santo Expedito do Sul,,2017,Língua Portuguesa,0,0,0,273.025,0,0
4318002,São Borja,257.2,2017,Língua Portuguesa,0,0,0,247.0775,1,0
4318051,São Domingos do Sul,285.94,2017,Língua Portuguesa,0,0,0,281.8975,0,0
4318101,São Francisco de Assis,240.85,2017,Língua Portuguesa,0,0,0,235.9175,1,0
4318200,São Francisco de Paula,250.69,2017,Língua Portuguesa,0,0,0,250.665,1,0
4318309,São Gabriel,246.08,2017,Língua Portuguesa,0,0,0,246.1925,1,0
4318408,São Jerônimo,257.15,2017,Língua Portuguesa,0,0,0,256.955,1,0
4318424,São João da Urtiga,260.38,2017,Língua Portuguesa,0,0,0,270.5125,0,0
4318432,São João do Polêsine,290.2,2017,Língua Portuguesa,0,0,0,286.72,0,0
4318440,São Jorge,256.33,2017,Língua Portuguesa,0,0,0,261.30499999999995,1,0
4318457,São José das Missões,268.12,2017,Língua Portuguesa,0,0,0,269.15500000000003,0,0
4318465,São José do Herval,277.73,2017,Língua Portuguesa,0,0,0,275.05,0,0
4318481,São José do Hortêncio,272.13,2017,Língua Portuguesa,1,0,0,288.51750000000004,0,0
4318499,São José do Inhacorá,,2017,Língua Portuguesa,0,0,0,,0,0
4318507,São José do Norte,256.67,2017,Língua Portuguesa,1,0,0,259.2975,1,0
4318606,São José do Ouro,274.87,2017,Língua Portuguesa,0,0,0,274.76,0,0
4318614,São José do Sul,265.59,2017,Língua Portuguesa,1,0,0,272.265,0,0
4318622,São José dos Ausentes,251.1,2017,Língua Portuguesa,0,0,0,251.92000000000002,1,0
4318705,São Leopoldo,262.8,2017,Língua Portuguesa,1,0,0,262.5125,0,0
4318804,São Lourenço do Sul,,2017,Língua Portuguesa,1,0,0,278.795,0,0
4318903,São Luiz Gonzaga,263.62,2017,Língua Portuguesa,0,0,0,261.3875,1,0
4319000,São Marcos,297.44,2017,Língua Portuguesa,0,0,0,293.1125,0,0
4319109,São Martinho,270.39,2017,Língua Portuguesa,0,0,0,277.43,0,0
4319125,São Martinho da Serra,,2017,Língua Portuguesa,0,0,0,,0,0
4319158,São Miguel das Missões,278.18,2017,Língua Portuguesa,0,0,0,269.61,0,0
4319208,São Nicolau,,2017,Língua Portuguesa,0,0,0,254.625,1,0
4319307,São Paulo das Missões,284.15,2017,Língua Portuguesa,0,0,0,284.695,0,0
4319356,São Pedro da Serra,276.78,2017,Língua Portuguesa,1,0,0,273.54999999999995,0,0
4319364,São Pedro das Missões,,2017,Língua Portuguesa,0,0,0,,0,0
4319372,São Pedro do Butiá,290.04,2017,Língua Portuguesa,0,0,0,291.7675,0,0
4319406,São Pedro do Sul,264.9,2017,Língua Portuguesa,0,0,0,264.2025,0,0
4319505,São Sebastião do Caí,254.36,2017,Língua Portuguesa,0,0,0,263.9225,0,0
4319604,São Sepé,262.49,2017,Língua Portuguesa,0,0,0,255.82750000000001,1,0
4319703,São Valentim,267.65,2017,Língua Portuguesa,0,0,0,269.0475,0,0
4319711,São Valentim do Sul,265.17,2017,Língua Portuguesa,0,0,0,290.6475,0,0
4319737,São Valério do Sul,,2017,Língua Portuguesa,0,0,0,245.83499999999998,1,0
4319752,São Vendelino,289.11,2017,Língua Portuguesa,1,0,0,290.555,0,0
4319802,São Vicente do Sul,261.28,2017,Língua Portuguesa,0,0,0,262.9875,0,0
4319901,Sapiranga,278.35,2017,Língua Portuguesa,1,0,0,277.77250000000004,0,0
4320008,Sapucaia do Sul,266.78,2017,Língua Portuguesa,0,0,0,268.925,0,0
4320107,Sarandi,266.25,2017,Língua Portuguesa,0,0,0,265.0,0,0
4320206,Seberi,273.02,2017,Língua Portuguesa,0,0,0,278.505,0,0
4320230,Sede Nova,273.62,2017,Língua Portuguesa,0,0,0,276.6425,0,0
4320263,Segredo,286.73,2017,Língua Portuguesa,1,0,0,270.01,0,0
4320305,Selbach,279.95,2017,Língua Portuguesa,0,0,0,287.625,0,0
4320321,Senador Salgado Filho,264.82,2017,Língua Portuguesa,0,0,0,268.28499999999997,0,0
4320354,Sentinela do Sul,229.21,2017,Língua Portuguesa,1,0,0,229.37,1,0
4320404,Serafina Corrêa,280.75,2017,Língua Portuguesa,0,0,0,279.6825,0,0
4320453,Sério,262.29,2017,Língua Portuguesa,0,0,0,260.0575,1,0
4320503,Sertão,257.22,2017,Língua Portuguesa,0,0,0,260.6175,1,0
4320552,Sertão Santana,268.19,2017,Língua Portuguesa,1,0,0,267.15999999999997,0,0
4320578,Sete de Setembro,287.47,2017,Língua Portuguesa,0,0,0,278.165,0,0
4320602,Severiano de Almeida,276.12,2017,Língua Portuguesa,0,0,0,292.7975,0,0
4320651,Silveira Martins,,2017,Língua Portuguesa,0,0,0,283.24,0,0
4320677,Sinimbu,278.69,2017,Língua Portuguesa,0,0,0,275.19,0,0
4320701,Sobradinho,270.28,2017,Língua Portuguesa,0,0,0,265.2925,0,0
4320800,Soledade,251.06,2017,Língua Portuguesa,0,0,0,256.075,1,0
4320859,Tabaí,290.81,2017,Língua Portuguesa,0,0,0,274.5875,0,0
4320909,Tapejara,267.21,2017,Língua Portuguesa,0,0,0,267.5675,0,0
4321006,Tapera,258.27,2017,Língua Portuguesa,0,0,0,264.74,0,0
4321105,Tapes,261.39,2017,Língua Portuguesa,0,0,0,259.66499999999996,1,0
4321204,Taquara,255.65,2017,Língua Portuguesa,1,0,0,254.595,1,0
4321303,Taquari,259.69,2017,Língua Portuguesa,1,0,0,258.84,1,0
4321329,Taquaruçu do Sul,,2017,Língua Portuguesa,0,0,0,285.52,0,0
4321352,Tavares,252.14,2017,Língua Portuguesa,0,0,0,250.535,1,0
4321402,Tenente Portela,251.58,2017,Língua Portuguesa,0,0,0,253.49,1,0
4321436,Terra de Areia,279.25,2017,Língua Portuguesa,0,0,0,282.2875,0,0
4321451,Teutônia,276.67,2017,Língua Portuguesa,0,0,0,284.005,0,0
4321469,Tio Hugo,270.28,2017,Língua Portuguesa,0,0,0,272.2075,0,0
4321477,Tiradentes do Sul,284.53,2017,Língua Portuguesa,0,0,0,283.9075,0,0
4321493,Toropi,237.56,2017,Língua Portuguesa,0,0,0,242.08749999999998,1,0
4321501,Torres,268.86,2017,Língua Portuguesa,0,0,0,265.0675,0,0
4321600,Tramandaí,271.28,2017,Língua Portuguesa,0,0,0,271.6275,0,0
4321626,Travesseiro,248.94,2017,Língua Portuguesa,0,0,0,275.8225,0,0
4321634,Três Arroios,293.6,2017,Língua Portuguesa,0,0,0,293.435,0,0
4321667,Três Cachoeiras,272.86,2017,Língua Portuguesa,0,0,0,274.79,0,0
4321709,Três Coroas,279.2,2017,Língua Portuguesa,0,0,0,281.4075,0,0
4321808,Três de Maio,263.44,2017,Língua Portuguesa,0,0,0,264.6975,0,0
4321832,Três Forquilhas,262.14,2017,Língua Portuguesa,0,0,0,263.8075,0,0
4321857,Três Palmeiras,262.18,2017,Língua Portuguesa,0,0,0,265.375,0,0
4321907,Três Passos,272.44,2017,Língua Portuguesa,0,0,0,276.645,0,0
4321956,Trindade do Sul,275.76,2017,Língua Portuguesa,0,0,0,267.1225,0,0
4322004,Triunfo,239.42,2017,Língua Portuguesa,0,0,0,248.135,1,0
4322103,Tucunduva,288.19,2017,Língua Portuguesa,0,0,0,279.47749999999996,0,0
4322152,Tunas,261.33,2017,Língua Portuguesa,0,0,0,260.325,1,0
4322186,Tupanci do Sul,295.32,2017,Língua Portuguesa,0,0,0,294.8675,0,0
4322202,Tupanciretã,261.42,2017,Língua Portuguesa,0,0,0,261.90250000000003,0,0
4322251,Tupandi,277.44,2017,Língua Portuguesa,1,0,0,297.295,0,0
4322301,Tuparendi,259.56,2017,Língua Portuguesa,0,0,0,265.695,0,0
4322327,Turuçu,282.81,2017,Língua Portuguesa,1,0,0,283.5375,0,0
4322343,Ubiretama,254.22,2017,Língua Portuguesa,0,0,0,256.1475,1,0
4322350,União da Serra,257.04,2017,Língua Portuguesa,0,0,0,267.9825,0,0
4322376,Unistalda,293.98,2017,Língua Portuguesa,0,0,0,285.225,0,0
4322400,Uruguaiana,247.71,2017,Língua Portuguesa,0,0,0,246.65,1,0
4322509,Vacaria,265.48,2017,Língua Portuguesa,0,0,0,264.72249999999997,0,0
4322525,Vale Verde,,2017,Língua Portuguesa,0,0,0,270.515,0,0
4322533,Vale do Sol,261.82,2017,Língua Portuguesa,0,0,0,270.97749999999996,0,0
4322541,Vale Real,282.85,2017,Língua Portuguesa,0,0,0,290.5575,0,0
4322558,Vanini,292.93,2017,Língua Portuguesa,0,0,0,293.3175,0,0
4322608,Venâncio Aires,262.57,2017,Língua Portuguesa,0,0,0,269.6225,0,0
4322707,Vera Cruz,266.31,2017,Língua Portuguesa,0,0,0,267.53,0,0
4322806,Veranópolis,277.82,2017,Língua Portuguesa,0,0,0,275.505,0,0
4322855,Vespasiano Corrêa,268.48,2017,Língua Portuguesa,1,0,0,279.6375,0,0
4322905,Viadutos,280.53,2017,Língua Portuguesa,0,0,0,283.3825,0,0
4323002,Viamão,243.07,2017,Língua Portuguesa,0,0,0,248.1,1,0
4323101,Vicente Dutra,253.54,2017,Língua Portuguesa,0,0,0,240.8075,1,0
4323200,Victor Graeff,272.62,2017,Língua Portuguesa,0,0,0,273.8225,0,0
4323309,Vila Flores,282.44,2017,Língua Portuguesa,0,0,0,284.625,0,0
4323358,Vila Lângaro,277.07,2017,Língua Portuguesa,0,0,0,279.46,0,0
4323408,Vila Maria,275.51,2017,Língua Portuguesa,0,0,0,263.60749999999996,0,0
4323457,Vila Nova do Sul,241.56,2017,Língua Portuguesa,0,0,0,244.41,1,0
4323507,Vista Alegre,283.16,2017,Língua Portuguesa,0,0,0,278.615,0,0
4323606,Vista Alegre do Prata,257.44,2017,Língua Portuguesa,0,0,0,271.9225,0,0
4323705,Vista Gaúcha,259.13,2017,Língua Portuguesa,0,0,0,264.475,0,0
4323754,Vitória das Missões,282.54,2017,Língua Portuguesa,0,0,0,271.16,0,0
4323770,Westfália,274.05,2017,Língua Portuguesa,0,0,0,283.4925,0,0
4323804,Xangri-lá,262.07,2017,Língua Portuguesa,0,0,0,265.4425,0,0
4300034,Aceguá,260.98,2019,Matemática,0,0,0,258.8025,1,0
4300059,Água Santa,275.13,2019,Matemática,0,0,0,273.90999999999997,0,0
4300109,Agudo,283.86,2019,Matemática,1,0,0,283.125,0,0
4300208,Ajuricaba,273.68,2019,Matemática,0,0,0,282.4875,0,0
4300307,Alecrim,271.28,2019,Matemática,0,0,0,270.22,0,0
4300406,Alegrete,256.32,2019,Matemática,0,0,0,255.27499999999998,1,0
4300455,Alegria,248.92,2019,Matemática,0,0,0,248.785,1,0
4300471,Almirante Tamandaré do Sul,257.74,2019,Matemática,0,0,0,263.03499999999997,0,0
4300505,Alpestre,265.6,2019,Matemática,0,0,0,253.365,1,0
4300554,Alto Alegre,274.08,2019,Matemática,0,0,0,268.0275,0,0
4300570,Alto Feliz,282.42,2019,Matemática,1,0,0,272.85,0,0
4300604,Alvorada,249.33,2019,Matemática,0,0,0,249.875,1,0
4300638,Amaral Ferrador,247.16,2019,Matemática,0,0,0,243.3175,1,0
4300646,Ametista do Sul,260.15,2019,Matemática,0,0,0,260.3375,1,0
4300661,André da Rocha,,2019,Matemática,0,0,0,,0,0
4300703,Anta Gorda,281.88,2019,Matemática,0,0,0,275.6625,0,0
4300802,Antônio Prado,282.65,2019,Matemática,0,0,0,278.4175,0,0
4300851,Arambaré,264.89,2019,Matemática,0,0,0,261.385,1,0
4300877,Araricá,273.15,2019,Matemática,1,0,0,267.5125,0,0
4300901,Aratiba,275.03,2019,Matemática,0,0,0,272.885,0,0
4301008,Arroio do Meio,281.55,2019,Matemática,0,0,0,278.38,0,0
4301057,Arroio do Sal,267.32,2019,Matemática,0,0,0,259.7175,1,0
4301073,Arroio do Padre,277.98,2019,Matemática,0,0,0,276.6875,0,0
4301107,Arroio dos Ratos,259.06,2019,Matemática,0,0,0,258.9475,1,0
4301206,Arroio do Tigre,264.33,2019,Matemática,1,0,0,273.1425,0,0
4301305,Arroio Grande,255.3,2019,Matemática,1,0,0,252.03,1,0
4301404,Arvorezinha,253.84,2019,Matemática,0,0,0,254.0325,1,0
4301503,Augusto Pestana,,2019,Matemática,0,0,0,287.62,0,0
4301552,Áurea,276.53,2019,Matemática,0,0,0,287.3,0,0
4301602,Bagé,263.17,2019,Matemática,0,0,0,259.52750000000003,1,0
4301636,Balneário Pinhal,237.35,2019,Matemática,0,0,0,248.6575,1,0
4301651,Barão,287.91,2019,Matemática,1,0,0,286.47749999999996,0,0
4301701,Barão de Cotegipe,272.14,2019,Matemática,0,0,0,261.39,1,0
4301750,Barão do Triunfo,,2019,Matemática,0,0,0,247.54500000000002,1,0
4301800,Barracão,253.61,2019,Matemática,0,0,0,260.42,1,0
4301859,Barra do Guarita,250.31,2019,Matemática,0,0,0,245.8625,1,0
4301875,Barra do Quaraí,254.69,2019,Matemática,0,0,0,246.0125,1,0
4301909,Barra do Ribeiro,250.63,2019,Matemática,0,0,0,248.1525,1,0
4301925,Barra do Rio Azul,,2019,Matemática,0,0,0,291.45500000000004,0,0
4301958,Barra Funda,286.19,2019,Matemática,0,0,0,280.58500000000004,0,0
4302006,Barros Cassal,244.01,2019,Matemática,0,0,0,242.02249999999998,1,0
4302055,Benjamin Constant do Sul,,2019,Matemática,0,0,0,250.905,1,0
4302105,Bento Gonçalves,281.73,2019,Matemática,0,0,0,278.49,0,0
4302154,Boa Vista das Missões,272.22,2019,Matemática,0,0,0,272.745,0,0
4302204,Boa Vista do Buricá,284.38,2019,Matemática,0,0,0,283.9475,0,0
4302220,Boa Vista do Cadeado,,2019,Matemática,0,0,0,232.07,1,0
4302238,Boa Vista do Incra,251.11,2019,Matemática,0,0,0,263.09000000000003,0,0
4302253,Boa Vista do Sul,277.49,2019,Matemática,0,0,0,276.225,0,0
4302303,Bom Jesus,266.15,2019,Matemática,0,0,0,262.40999999999997,0,0
4302352,Bom Princípio,296.5,2019,Matemática,1,0,0,294.6,0,0
4302378,Bom Progresso,274.36,2019,Matemática,0,0,0,272.47,0,0
4302402,Bom Retiro do Sul,285.61,2019,Matemática,1,0,0,279.4075,0,0
4302451,Boqueirão do Leão,266.76,2019,Matemática,0,0,0,260.3675,1,0
4302501,Bossoroca,255.6,2019,Matemática,0,0,0,250.0275,1,0
4302584,Bozano,282.85,2019,Matemática,0,0,0,283.14,0,0
4302600,Braga,241.81,2019,Matemática,0,0,0,266.14,0,0
4302659,Brochier,327.17,2019,Matemática,1,0,0,317.675,0,0
4302709,Butiá,226.37,2019,Matemática,1,0,0,227.42000000000002,1,0
4302808,Caçapava do Sul,263.32,2019,Matemática,0,0,0,254.54250000000002,1,0
4302907,Cacequi,242.47,2019,Matemática,0,0,0,243.95499999999998,1,0
4303004,Cachoeira do Sul,259.46,2019,Matemática,1,0,0,259.44,1,0
4303103,Cachoeirinha,253.57,2019,Matemática,0,0,0,254.6925,1,0
4303202,Cacique Doble,267.5,2019,Matemática,0,0,0,268.835,0,0
4303301,Caibaté,281.18,2019,Matemática,0,0,0,253.8675,1,0
4303400,Caiçara,278.97,2019,Matemática,0,0,0,263.9725,0,0
4303509,Camaquã,262.64,2019,Matemática,1,0,0,257.87,1,0
4303558,Camargo,,2019,Matemática,0,0,0,277.94500000000005,0,0
4303608,Cambará do Sul,250.51,2019,Matemática,0,0,0,253.89499999999998,1,0
4303673,Campestre da Serra,,2019,Matemática,0,0,0,280.15999999999997,0,0
4303707,Campina das Missões,279.93,2019,Matemática,0,0,0,276.8675,0,0
4303806,Campinas do Sul,293.55,2019,Matemática,0,0,0,287.3275,0,0
4303905,Campo Bom,282.66,2019,Matemática,1,0,0,277.98,0,0
4304002,Campo Novo,256.98,2019,Matemática,0,0,0,250.65,1,0
4304101,Campos Borges,239.46,2019,Matemática,0,0,0,248.02749999999997,1,0
4304200,Candelária,265.41,2019,Matemática,0,0,0,257.2225,1,0
4304309,Cândido Godói,292.78,2019,Matemática,0,0,0,277.0475,0,0
4304358,Candiota,259.23,2019,Matemática,0,0,0,256.425,1,0
4304408,Canela,266.01,2019,Matemática,0,0,0,265.1925,0,0
4304507,Canguçu,289.72,2019,Matemática,0,0,0,286.52250000000004,0,0
4304606,Canoas,263.51,2019,Matemática,1,0,0,262.84000000000003,0,0
4304614,Canudos do Vale,283.66,2019,Matemática,0,0,0,261.0825,1,0
4304622,Capão Bonito do Sul,248.01,2019,Matemática,0,0,0,252.98250000000002,1,0
4304630,Capão da Canoa,268.2,2019,Matemática,0,0,0,264.2625,0,0
4304655,Capão do Cipó,257.02,2019,Matemática,0,0,0,260.1325,1,0
4304663,Capão do Leão,252.34,2019,Matemática,1,0,0,257.65,1,0
4304671,Capivari do Sul,267.54,2019,Matemática,0,0,0,265.8975,0,0
4304689,Capela de Santana,266.06,2019,Matemática,1,0,0,260.0325,1,0
4304697,Capitão,278.23,2019,Matemática,0,0,0,275.08000000000004,0,0
4304705,Carazinho,255.6,2019,Matemática,0,0,0,258.59749999999997,1,0
4304713,Caraá,,2019,Matemática,0,0,0,223.9,1,0
4304804,Carlos Barbosa,288.05,2019,Matemática,0,0,0,285.27,0,0
4304903,Casca,267.26,2019,Matemática,0,0,0,270.7,0,0
4304952,Caseiros,265.43,2019,Matemática,0,0,0,258.97,1,0
4305009,Catuípe,279.32,2019,Matemática,0,0,0,271.6225,0,0
4305108,Caxias do Sul,268.93,2019,Matemática,1,0,0,268.43,0,0
4305116,Centenário,291.16,2019,Matemática,0,0,0,286.9775,0,0
4305124,Cerrito,265.77,2019,Matemática,0,0,0,267.835,0,0
4305132,Cerro Branco,286.89,2019,Matemática,0,0,0,271.105,0,0
4305157,Cerro Grande,282.74,2019,Matemática,0,0,0,279.815,0,0
4305173,Cerro Grande do Sul,275.02,2019,Matemática,1,0,0,264.0375,0,0
4305207,Cerro Largo,290.73,2019,Matemática,0,0,0,286.55,0,0
4305306,Chapada,281.27,2019,Matemática,0,0,0,270.98249999999996,0,0
4305355,Charqueadas,268.23,2019,Matemática,0,0,0,261.0675,1,0
4305371,Charrua,282.93,2019,Matemática,0,0,0,275.225,0,0
4305405,Chiapetta,254.53,2019,Matemática,0,0,0,261.68,1,0
4305439,Chuí,,2019,Matemática,1,0,0,,0,0
4305447,Chuvisca,255.32,2019,Matemática,1,0,0,260.015,1,0
4305454,Cidreira,257.09,2019,Matemática,0,0,0,258.90999999999997,1,0
4305504,Ciríaco,244.86,2019,Matemática,0,0,0,256.21250000000003,1,0
4305587,Colinas,293.26,2019,Matemática,0,0,0,288.32,0,0
4305603,Colorado,300.71,2019,Matemática,0,0,0,291.46000000000004,0,0
4305702,Condor,272.63,2019,Matemática,0,0,0,268.6075,0,0
4305801,Constantina,271.56,2019,Matemática,0,0,0,268.3375,0,0
4305835,Coqueiro Baixo,,2019,Matemática,0,0,0,296.775,0,0
4305850,Coqueiros do Sul,,2019,Matemática,0,0,0,235.36,1,0
4305871,Coronel Barros,289.18,2019,Matemática,0,0,0,287.375,0,0
4305900,Coronel Bicaco,258.19,2019,Matemática,0,0,0,251.2725,1,0
4305934,Coronel Pilar,285.18,2019,Matemática,0,0,0,274.95500000000004,0,0
4305959,Cotiporã,278.71,2019,Matemática,0,0,0,279.155,0,0
4305975,Coxilha,268.03,2019,Matemática,0,0,0,262.2375,0,0
4306007,Crissiumal,282.41,2019,Matemática,0,0,0,277.26,0,0
4306056,Cristal,262.46,2019,Matemática,0,0,0,262.325,0,0
4306072,Cristal do Sul,,2019,Matemática,0,0,0,239.67000000000002,1,0
4306106,Cruz Alta,254.25,2019,Matemática,0,0,0,255.2525,1,0
4306130,Cruzaltense,299.55,2019,Matemática,0,0,0,287.585,0,0
4306205,Cruzeiro do Sul,261.91,2019,Matemática,1,0,0,264.855,0,0
4306304,David Canabarro,267.46,2019,Matemática,0,0,0,268.75,0,0
4306320,Derrubadas,,2019,Matemática,0,0,0,286.65999999999997,0,0
4306353,Dezesseis de Novembro,253.65,2019,Matemática,0,0,0,257.25250000000005,1,0
4306379,Dilermando de Aguiar,,2019,Matemática,0,0,0,,0,0
4306403,Dois Irmãos,283.46,2019,Matemática,1,0,0,281.48,0,0
4306429,Dois Irmãos das Missões,,2019,Matemática,0,0,0,,0,0
4306452,Dois Lajeados,305.37,2019,Matemática,0,0,0,296.695,0,0
4306502,Dom Feliciano,268.43,2019,Matemática,1,0,0,267.5075,0,0
4306551,Dom Pedro de Alcântara,,2019,Matemática,0,0,0,269.84,0,0
4306601,Dom Pedrito,253.16,2019,Matemática,0,0,0,249.8275,1,0
4306700,Dona Francisca,285.9,2019,Matemática,1,0,0,274.475,0,0
4306734,Doutor Maurício Cardoso,261.87,2019,Matemática,0,0,0,261.805,0,0
4306759,Doutor Ricardo,,2019,Matemática,0,0,0,,0,0
4306767,Eldorado do Sul,262.14,2019,Matemática,0,0,0,259.9975,1,0
4306809,Encantado,283.85,2019,Matemática,0,0,0,280.855,0,0
4306908,Encruzilhada do Sul,257.65,2019,Matemática,0,0,0,256.9325,1,0
4306924,Engenho Velho,,2019,Matemática,0,0,0,227.77,1,0
4306932,Entre-Ijuís,,2019,Matemática,0,0,0,262.28499999999997,0,0
4306957,Entre Rios do Sul,,2019,Matemática,0,0,0,291.59000000000003,0,0
4306973,Erebango,265.54,2019,Matemática,0,0,0,266.5475,0,0
4307005,Erechim,276.79,2019,Matemática,0,0,0,276.5175,0,0
4307054,Ernestina,265.2,2019,Matemática,0,0,0,262.69,0,0
4307104,Herval,259.62,2019,Matemática,0,0,0,258.245,1,0
4307203,Erval Grande,265.12,2019,Matemática,0,0,0,262.9125,0,0
4307302,Erval Seco,281.82,2019,Matemática,0,0,0,271.1925,0,0
4307401,Esmeralda,249.46,2019,Matemática,0,0,0,255.6775,1,0
4307450,Esperança do Sul,259.75,2019,Matemática,0,0,0,249.405,1,0
4307500,Espumoso,270.36,2019,Matemática,0,0,0,274.885,0,0
4307559,Estação,273.61,2019,Matemática,0,0,0,269.89,0,0
4307609,Estância Velha,275.56,2019,Matemática,1,0,0,271.89,0,0
4307708,Esteio,257.22,2019,Matemática,0,0,0,255.48250000000002,1,0
4307807,Estrela,277.88,2019,Matemática,1,0,0,272.0675,0,0
4307815,Estrela Velha,255.09,2019,Matemática,1,0,0,259.7125,1,0
4307831,Eugênio de Castro,290.0,2019,Matemática,0,0,0,275.15250000000003,0,0
4307864,Fagundes Varela,293.31,2019,Matemática,0,0,0,262.72249999999997,0,0
4307906,Farroupilha,294.15,2019,Matemática,0,0,0,289.96500000000003,0,0
4308003,Faxinal do Soturno,,2019,Matemática,0,0,0,270.95,0,0
4308052,Faxinalzinho,,2019,Matemática,0,0,0,238.07999999999998,1,0
4308078,Fazenda Vilanova,263.21,2019,Matemática,0,0,0,266.7075,0,0
4308102,Feliz,290.99,2019,Matemática,1,0,0,292.92,0,0
4308201,Flores da Cunha,291.21,2019,Matemática,0,0,0,287.8225,0,0
4308250,Floriano Peixoto,,2019,Matemática,0,0,0,289.125,0,0
4308300,Fontoura Xavier,258.69,2019,Matemática,0,0,0,256.0175,1,0
4308409,Formigueiro,246.21,2019,Matemática,0,0,0,247.4175,1,0
4308433,Forquetinha,282.2,2019,Matemática,1,0,0,258.475,1,0
4308458,Fortaleza dos Valos,258.99,2019,Matemática,0,0,0,260.8175,1,0
4308508,Frederico Westphalen,285.11,2019,Matemática,0,0,0,281.63,0,0
4308607,Garibaldi,280.14,2019,Matemática,0,0,0,277.8825,0,0
4308656,Garruchos,,2019,Matemática,0,0,0,263.995,0,0
4308706,Gaurama,288.5,2019,Matemática,0,0,0,277.07,0,0
4308805,General Câmara,242.32,2019,Matemática,0,0,0,238.71249999999998,1,0
4308854,Gentil,284.6,2019,Matemática,0,0,0,276.245,0,0
4308904,Getúlio Vargas,274.28,2019,Matemática,0,0,0,269.7425,0,0
4309001,Giruá,257.48,2019,Matemática,0,0,0,252.3975,1,0
4309050,Glorinha,261.08,2019,Matemática,0,0,0,260.4,1,0
4309100,Gramado,275.53,2019,Matemática,1,0,0,273.725,0,0
4309126,Gramado dos Loureiros,297.42,2019,Matemática,0,0,0,287.33500000000004,0,0
4309159,Gramado Xavier,,2019,Matemática,0,0,0,262.23,0,0
4309209,Gravataí,257.93,2019,Matemática,0,0,0,258.17,1,0
4309258,Guabiju,,2019,Matemática,0,0,0,295.995,0,0
4309308,Guaíba,258.62,2019,Matemática,0,0,0,259.62,1,0
4309407,Guaporé,274.25,2019,Matemática,0,0,0,270.3025,0,0
4309506,Guarani das Missões,266.07,2019,Matemática,0,0,0,260.4675,1,0
4309555,Harmonia,294.46,2019,Matemática,1,0,0,289.6925,0,0
4309571,Herveiras,,2019,Matemática,0,0,0,,0,0
4309605,Horizontina,284.28,2019,Matemática,0,0,0,275.78999999999996,0,0
4309654,Hulha Negra,258.36,2019,Matemática,0,0,0,243.965,1,0
4309704,Humaitá,285.44,2019,Matemática,0,0,0,269.4625,0,0
4309753,Ibarama,275.38,2019,Matemática,1,0,0,266.0775,0,0
4309803,Ibiaçá,266.73,2019,Matemática,0,0,0,268.3,0,0
4309902,Ibiraiaras,276.71,2019,Matemática,0,0,0,277.61,0,0
4309951,Ibirapuitã,262.98,2019,Matemática,0,0,0,259.635,1,0
4310009,Ibirubá,290.58,2019,Matemática,0,0,0,284.3225,0,0
4310108,Igrejinha,279.29,2019,Matemática,1,0,0,280.45500000000004,0,0
4310207,Ijuí,278.39,2019,Matemática,0,0,0,276.125,0,0
4310306,Ilópolis,275.52,2019,Matemática,0,0,0,274.415,0,0
4310330,Imbé,265.83,2019,Matemática,0,0,0,265.9125,0,0
4310363,Imigrante,,2019,Matemática,0,0,0,314.095,0,0
4310405,Independência,266.21,2019,Matemática,0,0,0,270.01,0,0
4310413,Inhacorá,,2019,Matemática,0,0,0,241.72,1,0
4310439,Ipê,280.38,2019,Matemática,0,0,0,278.12,0,0
4310462,Ipiranga do Sul,279.72,2019,Matemática,0,0,0,273.4625,0,0
4310504,Iraí,280.89,2019,Matemática,0,0,0,278.305,0,0
4310538,Itaara,,2019,Matemática,0,0,0,270.71500000000003,0,0
4310553,Itacurubi,,2019,Matemática,0,0,0,248.8,1,0
4310579,Itapuca,,2019,Matemática,0,0,0,261.815,0,0
4310603,Itaqui,246.61,2019,Matemática,0,0,0,250.2475,1,0
4310652,Itati,273.64,2019,Matemática,0,0,0,277.8825,0,0
4310702,Itatiba do Sul,301.01,2019,Matemática,0,0,0,281.985,0,0
4310751,Ivorá,,2019,Matemática,0,0,0,257.36,1,0
4310801,Ivoti,295.98,2019,Matemática,1,0,0,290.4175,0,0
4310850,Jaboticaba,279.56,2019,Matemática,0,0,0,270.905,0,0
4310876,Jacuizinho,240.51,2019,Matemática,0,0,0,230.04,1,0
4310900,Jacutinga,282.73,2019,Matemática,0,0,0,288.6225,0,0
4311007,Jaguarão,263.32,2019,Matemática,0,0,0,266.1075,0,0
4311106,Jaguari,282.63,2019,Matemática,0,0,0,275.045,0,0
4311122,Jaquirana,240.32,2019,Matemática,0,0,0,242.95,1,0
4311130,Jari,,2019,Matemática,0,0,0,263.505,0,0
4311155,Jóia,268.36,2019,Matemática,0,0,0,269.4425,0,0
4311205,Júlio de Castilhos,263.8,2019,Matemática,0,0,0,262.755,0,0
4311239,Lagoa Bonita do Sul,254.45,2019,Matemática,0,0,0,245.8575,1,0
4311254,Lagoão,,2019,Matemática,0,0,0,265.555,0,0
4311270,Lagoa dos Três Cantos,282.67,2019,Matemática,0,0,0,278.515,0,0
4311304,Lagoa Vermelha,257.03,2019,Matemática,0,0,0,258.63,1,0
4311403,Lajeado,276.95,2019,Matemática,1,0,0,276.10249999999996,0,0
4311429,Lajeado do Bugre,,2019,Matemática,0,0,0,,0,0
4311502,Lavras do Sul,263.68,2019,Matemática,0,0,0,254.60250000000002,1,0
4311601,Liberato Salzano,262.18,2019,Matemática,0,0,0,265.94,0,0
4311627,Lindolfo Collor,287.76,2019,Matemática,0,0,0,281.4275,0,0
4311643,Linha Nova,287.56,2019,Matemática,1,0,0,286.825,0,0
4311700,Machadinho,,2019,Matemática,0,0,0,260.32,1,0
4311718,Maçambará,233.23,2019,Matemática,0,0,0,232.3275,1,0
4311734,Mampituba,269.35,2019,Matemática,0,0,0,271.475,0,0
4311759,Manoel Viana,248.48,2019,Matemática,0,0,0,253.1625,1,0
4311775,Maquiné,276.97,2019,Matemática,0,0,0,261.61,1,0
4311791,Maratá,,2019,Matemática,0,0,0,279.76,0,0
4311809,Marau,266.82,2019,Matemática,0,0,0,265.78,0,0
4311908,Marcelino Ramos,,2019,Matemática,0,0,0,244.51999999999998,1,0
4311981,Mariana Pimentel,266.62,2019,Matemática,0,0,0,261.555,1,0
4312005,Mariano Moro,246.73,2019,Matemática,0,0,0,237.0475,1,0
4312054,Marques de Souza,302.26,2019,Matemática,0,0,0,283.3525,0,0
4312104,Mata,262.35,2019,Matemática,0,0,0,262.84250000000003,0,0
4312138,Mato Castelhano,228.99,2019,Matemática,0,0,0,232.94,1,0
4312153,Mato Leitão,302.37,2019,Matemática,0,0,0,283.765,0,0
4312179,Mato Queimado,300.47,2019,Matemática,0,0,0,284.9875,0,0
4312203,Maximiliano de Almeida,244.16,2019,Matemática,0,0,0,264.61,0,0
4312252,Minas do Leão,249.87,2019,Matemática,1,0,0,256.20500000000004,1,0
4312302,Miraguaí,262.2,2019,Matemática,0,0,0,251.9525,1,0
4312351,Montauri,315.24,2019,Matemática,0,0,0,300.265,0,0
4312377,Monte Alegre dos Campos,255.04,2019,Matemática,0,0,0,244.48250000000002,1,0
4312385,Monte Belo do Sul,289.02,2019,Matemática,0,0,0,282.6375,0,0
4312401,Montenegro,256.03,2019,Matemática,1,0,0,261.1775,1,0
4312427,Mormaço,,2019,Matemática,0,0,0,259.805,1,0
4312443,Morrinhos do Sul,297.67,2019,Matemática,0,0,0,286.285,0,0
4312450,Morro Redondo,266.23,2019,Matemática,0,0,0,270.59000000000003,0,0
4312476,Morro Reuter,291.28,2019,Matemática,1,0,0,287.4925,0,0
4312500,Mostardas,259.1,2019,Matemática,0,0,0,251.8225,1,0
4312609,Muçum,,2019,Matemática,0,0,0,268.775,0,0
4312617,Muitos Capões,258.53,2019,Matemática,0,0,0,260.4375,1,0
4312625,Muliterno,258.76,2019,Matemática,0,0,0,261.045,1,0
4312658,Não-Me-Toque,274.06,2019,Matemática,0,0,0,260.67,1,0
4312674,Nicolau Vergueiro,268.3,2019,Matemática,0,0,0,246.98,1,0
4312708,Nonoai,271.13,2019,Matemática,0,0,0,269.1175,0,0
4312757,Nova Alvorada,283.21,2019,Matemática,0,0,0,281.76,0,0
4312807,Nova Araçá,284.29,2019,Matemática,0,0,0,274.5925,0,0
4312906,Nova Bassano,273.54,2019,Matemática,0,0,0,266.2675,0,0
4312955,Nova Boa Vista,285.11,2019,Matemática,0,0,0,276.22249999999997,0,0
4313003,Nova Bréscia,274.47,2019,Matemática,0,0,0,269.0575,0,0
4313011,Nova Candelária,302.0,2019,Matemática,0,0,0,284.65999999999997,0,0
4313037,Nova Esperança do Sul,257.67,2019,Matemática,0,0,0,253.46,1,0
4313060,Nova Hartz,270.75,2019,Matemática,1,0,0,269.175,0,0
4313086,Nova Pádua,273.55,2019,Matemática,0,0,0,262.9375,0,0
4313102,Nova Palma,265.15,2019,Matemática,0,0,0,264.4275,0,0
4313201,Nova Petrópolis,296.47,2019,Matemática,0,0,0,295.1225,0,0
4313300,Nova Prata,273.69,2019,Matemática,0,0,0,272.12,0,0
4313334,Nova Ramada,,2019,Matemática,0,0,0,,0,0
4313359,Nova Roma do Sul,286.99,2019,Matemática,0,0,0,282.83500000000004,0,0
4313375,Nova Santa Rita,261.4,2019,Matemática,0,0,0,263.56,0,0
4313391,Novo Cabrais,,2019,Matemática,0,0,0,,0,0
4313409,Novo Hamburgo,261.67,2019,Matemática,1,0,0,262.5975,0,0
4313425,Novo Machado,292.16,2019,Matemática,0,0,0,273.24,0,0
4313441,Novo Tiradentes,,2019,Matemática,0,0,0,,0,0
4313466,Novo Xingu,269.66,2019,Matemática,0,0,0,264.58000000000004,0,0
4313490,Novo Barreiro,,2019,Matemática,0,0,0,245.58499999999998,1,0
4313508,Osório,270.48,2019,Matemática,0,0,0,270.8225,0,0
4313607,Paim Filho,,2019,Matemática,0,0,0,254.39,1,0
4313656,Palmares do Sul,259.33,2019,Matemática,0,0,0,248.7225,1,0
4313706,Palmeira das Missões,257.65,2019,Matemática,0,0,0,256.305,1,0
4313805,Palmitinho,273.78,2019,Matemática,0,0,0,269.9325,0,0
4313904,Panambi,280.79,2019,Matemática,0,0,0,276.56,0,0
4313953,Pantano Grande,241.8,2019,Matemática,0,0,0,246.0575,1,0
4314001,Paraí,275.61,2019,Matemática,0,0,0,279.74,0,0
4314027,Paraíso do Sul,271.79,2019,Matemática,1,0,0,270.52250000000004,0,0
4314035,Pareci Novo,282.19,2019,Matemática,1,0,0,283.0425,0,0
4314050,Parobé,273.59,2019,Matemática,1,0,0,267.53999999999996,0,0
4314068,Passa Sete,270.17,2019,Matemática,0,0,0,273.87,0,0
4314076,Passo do Sobrado,265.87,2019,Matemática,0,0,0,267.4075,0,0
4314100,Passo Fundo,256.28,2019,Matemática,0,0,0,257.48,1,0
4314134,Paulo Bento,281.47,2019,Matemática,0,0,0,274.035,0,0
4314159,Paverama,261.69,2019,Matemática,0,0,0,258.2,1,0
4314175,Pedras Altas,,2019,Matemática,0,0,0,,0,0
4314209,Pedro Osório,237.54,2019,Matemática,0,0,0,243.815,1,0
4314308,Pejuçara,270.24,2019,Matemática,0,0,0,274.65250000000003,0,0
4314407,Pelotas,263.29,2019,Matemática,1,0,0,264.845,0,0
4314423,Picada Café,306.88,2019,Matemática,0,0,0,294.65999999999997,0,0
4314456,Pinhal,276.67,2019,Matemática,0,0,0,269.0825,0,0
4314464,Pinhal da Serra,265.8,2019,Matemática,0,0,0,271.9825,0,0
4314472,Pinhal Grande,271.77,2019,Matemática,0,0,0,276.085,0,0
4314498,Pinheirinho do Vale,285.19,2019,Matemática,0,0,0,278.35,0,0
4314506,Pinheiro Machado,262.73,2019,Matemática,0,0,0,261.7125,1,0
4314548,Pinto Bandeira,267.56,2019,Matemática,0,0,0,275.36,0,0
4314555,Pirapó,257.13,2019,Matemática,0,0,0,263.7625,0,0
4314605,Piratini,257.46,2019,Matemática,0,0,0,256.49,1,0
4314704,Planalto,269.76,2019,Matemática,0,0,0,264.48,0,0
4314753,Poço das Antas,281.44,2019,Matemática,1,0,0,276.18,0,0
4314779,Pontão,284.08,2019,Matemática,0,0,0,272.495,0,0
4314787,Ponte Preta,,2019,Matemática,0,0,0,269.605,0,0
4314803,Portão,281.63,2019,Matemática,1,0,0,280.7,0,0
4314902,Porto Alegre,250.66,2019,Matemática,1,0,0,253.5,1,0
4315008,Porto Lucena,,2019,Matemática,0,0,0,265.32,0,0
4315057,Porto Mauá,,2019,Matemática,0,0,0,254.38,1,0
4315073,Porto Vera Cruz,278.88,2019,Matemática,0,0,0,263.54,0,0
4315107,Porto Xavier,281.21,2019,Matemática,0,0,0,272.135,0,0
4315131,Pouso Novo,283.69,2019,Matemática,0,0,0,264.1375,0,0
4315149,Presidente Lucena,287.32,2019,Matemática,1,0,0,286.67,0,0
4315156,Progresso,258.37,2019,Matemática,0,0,0,247.5275,1,0
4315172,Protásio Alves,285.13,2019,Matemática,0,0,0,264.3575,0,0
4315206,Putinga,255.64,2019,Matemática,0,0,0,246.4325,1,0
4315305,Quaraí,267.6,2019,Matemática,0,0,0,267.21500000000003,0,0
4315313,Quatro Irmãos,,2019,Matemática,0,0,0,261.11,1,0
4315321,Quevedos,274.13,2019,Matemática,0,0,0,253.7125,1,0
4315354,Quinze de Novembro,278.07,2019,Matemática,0,0,0,275.4375,0,0
4315404,Redentora,251.17,2019,Matemática,0,0,0,250.36,1,0
4315453,Relvado,,2019,Matemática,0,0,0,281.5,0,0
4315503,Restinga Sêca,273.4,2019,Matemática,1,0,0,266.78249999999997,0,0
4315552,Rio dos Índios,269.59,2019,Matemática,0,0,0,265.09000000000003,0,0
4315602,Rio Grande,260.5,2019,Matemática,1,0,0,262.90749999999997,0,0
4315701,Rio Pardo,254.64,2019,Matemática,0,0,0,261.53999999999996,1,0
4315750,Riozinho,274.01,2019,Matemática,0,0,0,270.635,0,0
4315800,Roca Sales,270.71,2019,Matemática,0,0,0,264.0675,0,0
4315909,Rodeio Bonito,260.73,2019,Matemática,0,0,0,274.935,0,0
4315958,Rolador,289.95,2019,Matemática,0,0,0,280.1225,0,0
4316006,Rolante,265.65,2019,Matemática,0,0,0,268.5775,0,0
4316105,Ronda Alta,268.97,2019,Matemática,0,0,0,264.77,0,0
4316204,Rondinha,280.74,2019,Matemática,0,0,0,265.72249999999997,0,0
4316303,Roque Gonzales,,2019,Matemática,0,0,0,277.695,0,0
4316402,Rosário do Sul,243.1,2019,Matemática,0,0,0,243.51999999999998,1,0
4316428,Sagrada Família,,2019,Matemática,0,0,0,267.9,0,0
4316436,Saldanha Marinho,278.39,2019,Matemática,0,0,0,292.145,0,0
4316451,Salto do Jacuí,257.75,2019,Matemática,0,0,0,263.0675,0,0
4316477,Salvador das Missões,283.77,2019,Matemática,0,0,0,274.1075,0,0
4316501,Salvador do Sul,307.14,2019,Matemática,1,0,0,295.6075,0,0
4316600,Sananduva,278.66,2019,Matemática,0,0,0,278.63750000000005,0,0
4316709,Santa Bárbara do Sul,233.78,2019,Matemática,0,0,0,249.405,1,0
4316733,Santa Cecília do Sul,,2019,Matemática,0,0,0,245.10500000000002,1,0
4316758,Santa Clara do Sul,288.29,2019,Matemática,0,0,0,284.4125,0,0
4316808,Santa Cruz do Sul,280.84,2019,Matemática,0,0,0,277.06,0,0
4316907,Santa Maria,266.76,2019,Matemática,0,0,0,270.0075,0,0
4316956,Santa Maria do Herval,293.43,2019,Matemática,1,0,0,290.365,0,0
4316972,Santa Margarida do Sul,246.11,2019,Matemática,0,0,0,252.86,1,0
4317004,Santana da Boa Vista,251.18,2019,Matemática,0,0,0,240.97,1,0
4317103,Sant'Ana do Livramento,250.53,2019,Matemática,0,0,0,250.275,1,0
4317202,Santa Rosa,276.39,2019,Matemática,0,0,0,270.305,0,0
4317251,Santa Tereza,311.15,2019,Matemática,0,0,0,298.14,0,0
4317301,Santa Vitória do Palmar,245.02,2019,Matemática,1,0,0,239.61,1,0
4317400,Santiago,261.09,2019,Matemática,0,0,0,263.0475,0,0
4317509,Santo Ângelo,264.54,2019,Matemática,0,0,0,260.2575,1,0
4317558,Santo Antônio do Palma,270.76,2019,Matemática,0,0,0,267.3575,0,0
4317608,Santo Antônio da Patrulha,272.25,2019,Matemática,0,0,0,267.955,0,0
4317707,Santo Antônio das Missões,255.23,2019,Matemática,0,0,0,259.145,1,0
4317756,Santo Antônio do Planalto,258.04,2019,Matemática,0,0,0,269.45000000000005,0,0
4317806,Santo Augusto,261.32,2019,Matemática,0,0,0,262.945,0,0
4317905,Santo Cristo,289.96,2019,Matemática,0,0,0,280.7475,0,0
4317954,Santo Expedito do Sul,284.14,2019,Matemática,0,0,0,273.025,0,0
4318002,São Borja,237.6,2019,Matemática,0,0,0,247.0775,1,0
4318051,São Domingos do Sul,274.33,2019,Matemática,0,0,0,281.8975,0,0
4318101,São Francisco de Assis,230.12,2019,Matemática,0,0,0,235.9175,1,0
4318200,São Francisco de Paula,251.81,2019,Matemática,0,0,0,250.665,1,0
4318309,São Gabriel,248.4,2019,Matemática,0,0,0,246.1925,1,0
4318408,São Jerônimo,257.5,2019,Matemática,0,0,0,256.955,1,0
4318424,São João da Urtiga,273.31,2019,Matemática,0,0,0,270.5125,0,0
4318432,São João do Polêsine,,2019,Matemática,0,0,0,286.72,0,0
4318440,São Jorge,,2019,Matemática,0,0,0,261.30499999999995,1,0
4318457,São José das Missões,266.61,2019,Matemática,0,0,0,269.15500000000003,0,0
4318465,São José do Herval,,2019,Matemática,0,0,0,275.05,0,0
4318481,São José do Hortêncio,305.04,2019,Matemática,1,0,0,288.51750000000004,0,0
4318499,São José do Inhacorá,,2019,Matemática,0,0,0,,0,0
4318507,São José do Norte,265.9,2019,Matemática,1,0,0,259.2975,1,0
4318606,São José do Ouro,,2019,Matemática,0,0,0,274.76,0,0
4318614,São José do Sul,277.18,2019,Matemática,1,0,0,272.265,0,0
4318622,São José dos Ausentes,,2019,Matemática,0,0,0,251.92000000000002,1,0
4318705,São Leopoldo,262.19,2019,Matemática,1,0,0,262.5125,0,0
4318804,São Lourenço do Sul,277.48,2019,Matemática,1,0,0,278.795,0,0
4318903,São Luiz Gonzaga,260.23,2019,Matemática,0,0,0,261.3875,1,0
4319000,São Marcos,289.73,2019,Matemática,0,0,0,293.1125,0,0
4319109,São Martinho,281.89,2019,Matemática,0,0,0,277.43,0,0
4319125,São Martinho da Serra,,2019,Matemática,0,0,0,,0,0
4319158,São Miguel das Missões,265.21,2019,Matemática,0,0,0,269.61,0,0
4319208,São Nicolau,252.97,2019,Matemática,0,0,0,254.625,1,0
4319307,São Paulo das Missões,286.21,2019,Matemática,0,0,0,284.695,0,0
4319356,São Pedro da Serra,271.27,2019,Matemática,1,0,0,273.54999999999995,0,0
4319364,São Pedro das Missões,,2019,Matemática,0,0,0,,0,0
4319372,São Pedro do Butiá,303.4,2019,Matemática,0,0,0,291.7675,0,0
4319406,São Pedro do Sul,265.41,2019,Matemática,0,0,0,264.2025,0,0
4319505,São Sebastião do Caí,268.63,2019,Matemática,0,0,0,263.9225,0,0
4319604,São Sepé,252.64,2019,Matemática,0,0,0,255.82750000000001,1,0
4319703,São Valentim,275.31,2019,Matemática,0,0,0,269.0475,0,0
4319711,São Valentim do Sul,318.45,2019,Matemática,0,0,0,290.6475,0,0
4319737,São Valério do Sul,258.76,2019,Matemática,0,0,0,245.83499999999998,1,0
4319752,São Vendelino,288.39,2019,Matemática,1,0,0,290.555,0,0
4319802,São Vicente do Sul,265.19,2019,Matemática,0,0,0,262.9875,0,0
4319901,Sapiranga,277.95,2019,Matemática,1,0,0,277.77250000000004,0,0
4320008,Sapucaia do Sul,270.97,2019,Matemática,0,0,0,268.925,0,0
4320107,Sarandi,263.65,2019,Matemática,0,0,0,265.0,0,0
4320206,Seberi,284.72,2019,Matemática,0,0,0,278.505,0,0
4320230,Sede Nova,288.58,2019,Matemática,0,0,0,276.6425,0,0
4320263,Segredo,261.87,2019,Matemática,1,0,0,270.01,0,0
4320305,Selbach,306.17,2019,Matemática,0,0,0,287.625,0,0
4320321,Senador Salgado Filho,,2019,Matemática,0,0,0,268.28499999999997,0,0
4320354,Sentinela do Sul,,2019,Matemática,1,0,0,229.37,1,0
4320404,Serafina Corrêa,280.77,2019,Matemática,0,0,0,279.6825,0,0
4320453,Sério,264.25,2019,Matemática,0,0,0,260.0575,1,0
4320503,Sertão,267.95,2019,Matemática,0,0,0,260.6175,1,0
4320552,Sertão Santana,271.33,2019,Matemática,1,0,0,267.15999999999997,0,0
4320578,Sete de Setembro,264.24,2019,Matemática,0,0,0,278.165,0,0
4320602,Severiano de Almeida,315.3,2019,Matemática,0,0,0,292.7975,0,0
4320651,Silveira Martins,287.61,2019,Matemática,0,0,0,283.24,0,0
4320677,Sinimbu,270.37,2019,Matemática,0,0,0,275.19,0,0
4320701,Sobradinho,264.57,2019,Matemática,0,0,0,265.2925,0,0
4320800,Soledade,260.84,2019,Matemática,0,0,0,256.075,1,0
4320859,Tabaí,255.8,2019,Matemática,0,0,0,274.5875,0,0
4320909,Tapejara,270.27,2019,Matemática,0,0,0,267.5675,0,0
4321006,Tapera,272.16,2019,Matemática,0,0,0,264.74,0,0
4321105,Tapes,256.4,2019,Matemática,0,0,0,259.66499999999996,1,0
4321204,Taquara,256.78,2019,Matemática,1,0,0,254.595,1,0
4321303,Taquari,258.08,2019,Matemática,1,0,0,258.84,1,0
4321329,Taquaruçu do Sul,284.47,2019,Matemática,0,0,0,285.52,0,0
4321352,Tavares,258.19,2019,Matemática,0,0,0,250.535,1,0
4321402,Tenente Portela,256.55,2019,Matemática,0,0,0,253.49,1,0
4321436,Terra de Areia,279.56,2019,Matemática,0,0,0,282.2875,0,0
4321451,Teutônia,296.81,2019,Matemática,0,0,0,284.005,0,0
4321469,Tio Hugo,285.91,2019,Matemática,0,0,0,272.2075,0,0
4321477,Tiradentes do Sul,286.35,2019,Matemática,0,0,0,283.9075,0,0
4321493,Toropi,254.23,2019,Matemática,0,0,0,242.08749999999998,1,0
4321501,Torres,265.79,2019,Matemática,0,0,0,265.0675,0,0
4321600,Tramandaí,274.76,2019,Matemática,0,0,0,271.6275,0,0
4321626,Travesseiro,300.8,2019,Matemática,0,0,0,275.8225,0,0
4321634,Três Arroios,298.56,2019,Matemática,0,0,0,293.435,0,0
4321667,Três Cachoeiras,272.44,2019,Matemática,0,0,0,274.79,0,0
4321709,Três Coroas,284.57,2019,Matemática,0,0,0,281.4075,0,0
4321808,Três de Maio,264.37,2019,Matemática,0,0,0,264.6975,0,0
4321832,Três Forquilhas,268.69,2019,Matemática,0,0,0,263.8075,0,0
4321857,Três Palmeiras,277.58,2019,Matemática,0,0,0,265.375,0,0
4321907,Três Passos,280.79,2019,Matemática,0,0,0,276.645,0,0
4321956,Trindade do Sul,267.15,2019,Matemática,0,0,0,267.1225,0,0
4322004,Triunfo,259.54,2019,Matemática,0,0,0,248.135,1,0
4322103,Tucunduva,279.69,2019,Matemática,0,0,0,279.47749999999996,0,0
4322152,Tunas,276.07,2019,Matemática,0,0,0,260.325,1,0
4322186,Tupanci do Sul,296.34,2019,Matemática,0,0,0,294.8675,0,0
4322202,Tupanciretã,265.81,2019,Matemática,0,0,0,261.90250000000003,0,0
4322251,Tupandi,311.55,2019,Matemática,1,0,0,297.295,0,0
4322301,Tuparendi,280.73,2019,Matemática,0,0,0,265.695,0,0
4322327,Turuçu,291.27,2019,Matemática,1,0,0,283.5375,0,0
4322343,Ubiretama,252.72,2019,Matemática,0,0,0,256.1475,1,0
4322350,União da Serra,274.51,2019,Matemática,0,0,0,267.9825,0,0
4322376,Unistalda,,2019,Matemática,0,0,0,285.225,0,0
4322400,Uruguaiana,245.98,2019,Matemática,0,0,0,246.65,1,0
4322509,Vacaria,266.39,2019,Matemática,0,0,0,264.72249999999997,0,0
4322525,Vale Verde,275.72,2019,Matemática,0,0,0,270.515,0,0
4322533,Vale do Sol,276.55,2019,Matemática,0,0,0,270.97749999999996,0,0
4322541,Vale Real,298.67,2019,Matemática,0,0,0,290.5575,0,0
4322558,Vanini,293.73,2019,Matemática,0,0,0,293.3175,0,0
4322608,Venâncio Aires,276.72,2019,Matemática,0,0,0,269.6225,0,0
4322707,Vera Cruz,269.99,2019,Matemática,0,0,0,267.53,0,0
4322806,Veranópolis,273.03,2019,Matemática,0,0,0,275.505,0,0
4322855,Vespasiano Corrêa,289.54,2019,Matemática,1,0,0,279.6375,0,0
4322905,Viadutos,285.39,2019,Matemática,0,0,0,283.3825,0,0
4323002,Viamão,252.28,2019,Matemática,0,0,0,248.1,1,0
4323101,Vicente Dutra,234.17,2019,Matemática,0,0,0,240.8075,1,0
4323200,Victor Graeff,274.99,2019,Matemática,0,0,0,273.8225,0,0
4323309,Vila Flores,289.77,2019,Matemática,0,0,0,284.625,0,0
4323358,Vila Lângaro,286.83,2019,Matemática,0,0,0,279.46,0,0
4323408,Vila Maria,258.58,2019,Matemática,0,0,0,263.60749999999996,0,0
4323457,Vila Nova do Sul,,2019,Matemática,0,0,0,244.41,1,0
4323507,Vista Alegre,281.02,2019,Matemática,0,0,0,278.615,0,0
4323606,Vista Alegre do Prata,287.28,2019,Matemática,0,0,0,271.9225,0,0
4323705,Vista Gaúcha,262.47,2019,Matemática,0,0,0,264.475,0,0
4323754,Vitória das Missões,257.16,2019,Matemática,0,0,0,271.16,0,0
4323770,Westfália,295.37,2019,Matemática,0,0,0,283.4925,0,0
4323804,Xangri-lá,267.43,2019,Matemática,0,0,0,265.4425,0,0
4300034,Aceguá,288.45,2019,Língua Portuguesa,0,0,0,258.8025,1,0
4300059,Água Santa,279.76,2019,Língua Portuguesa,0,0,0,273.90999999999997,0,0
4300109,Agudo,281.45,2019,Língua Portuguesa,1,0,0,283.125,0,0
4300208,Ajuricaba,276.81,2019,Língua Portuguesa,0,0,0,282.4875,0,0
4300307,Alecrim,263.62,2019,Língua Portuguesa,0,0,0,270.22,0,0
4300406,Alegrete,260.67,2019,Língua Portuguesa,0,0,0,255.27499999999998,1,0
4300455,Alegria,238.17,2019,Língua Portuguesa,0,0,0,248.785,1,0
4300471,Almirante Tamandaré do Sul,249.56,2019,Língua Portuguesa,0,0,0,263.03499999999997,0,0
4300505,Alpestre,265.22,2019,Língua Portuguesa,0,0,0,253.365,1,0
4300554,Alto Alegre,264.62,2019,Língua Portuguesa,0,0,0,268.0275,0,0
4300570,Alto Feliz,269.73,2019,Língua Portuguesa,1,0,0,272.85,0,0
4300604,Alvorada,254.91,2019,Língua Portuguesa,0,0,0,249.875,1,0
4300638,Amaral Ferrador,243.62,2019,Língua Portuguesa,0,0,0,243.3175,1,0
4300646,Ametista do Sul,263.53,2019,Língua Portuguesa,0,0,0,260.3375,1,0
4300661,André da Rocha,,2019,Língua Portuguesa,0,0,0,,0,0
4300703,Anta Gorda,266.76,2019,Língua Portuguesa,0,0,0,275.6625,0,0
4300802,Antônio Prado,280.09,2019,Língua Portuguesa,0,0,0,278.4175,0,0
4300851,Arambaré,261.83,2019,Língua Portuguesa,0,0,0,261.385,1,0
4300877,Araricá,272.94,2019,Língua Portuguesa,1,0,0,267.5125,0,0
4300901,Aratiba,263.31,2019,Língua Portuguesa,0,0,0,272.885,0,0
4301008,Arroio do Meio,274.73,2019,Língua Portuguesa,0,0,0,278.38,0,0
4301057,Arroio do Sal,263.05,2019,Língua Portuguesa,0,0,0,259.7175,1,0
4301073,Arroio do Padre,261.28,2019,Língua Portuguesa,0,0,0,276.6875,0,0
4301107,Arroio dos Ratos,254.19,2019,Língua Portuguesa,0,0,0,258.9475,1,0
4301206,Arroio do Tigre,273.31,2019,Língua Portuguesa,1,0,0,273.1425,0,0
4301305,Arroio Grande,257.51,2019,Língua Portuguesa,1,0,0,252.03,1,0
4301404,Arvorezinha,242.45,2019,Língua Portuguesa,0,0,0,254.0325,1,0
4301503,Augusto Pestana,,2019,Língua Portuguesa,0,0,0,287.62,0,0
4301552,Áurea,286.11,2019,Língua Portuguesa,0,0,0,287.3,0,0
4301602,Bagé,262.62,2019,Língua Portuguesa,0,0,0,259.52750000000003,1,0
4301636,Balneário Pinhal,242.92,2019,Língua Portuguesa,0,0,0,248.6575,1,0
4301651,Barão,282.84,2019,Língua Portuguesa,1,0,0,286.47749999999996,0,0
4301701,Barão de Cotegipe,267.1,2019,Língua Portuguesa,0,0,0,261.39,1,0
4301750,Barão do Triunfo,,2019,Língua Portuguesa,0,0,0,247.54500000000002,1,0
4301800,Barracão,262.13,2019,Língua Portuguesa,0,0,0,260.42,1,0
4301859,Barra do Guarita,252.16,2019,Língua Portuguesa,0,0,0,245.8625,1,0
4301875,Barra do Quaraí,273.49,2019,Língua Portuguesa,0,0,0,246.0125,1,0
4301909,Barra do Ribeiro,238.52,2019,Língua Portuguesa,0,0,0,248.1525,1,0
4301925,Barra do Rio Azul,,2019,Língua Portuguesa,0,0,0,291.45500000000004,0,0
4301958,Barra Funda,279.04,2019,Língua Portuguesa,0,0,0,280.58500000000004,0,0
4302006,Barros Cassal,245.03,2019,Língua Portuguesa,0,0,0,242.02249999999998,1,0
4302055,Benjamin Constant do Sul,,2019,Língua Portuguesa,0,0,0,250.905,1,0
4302105,Bento Gonçalves,278.87,2019,Língua Portuguesa,0,0,0,278.49,0,0
4302154,Boa Vista das Missões,273.27,2019,Língua Portuguesa,0,0,0,272.745,0,0
4302204,Boa Vista do Buricá,275.8,2019,Língua Portuguesa,0,0,0,283.9475,0,0
4302220,Boa Vista do Cadeado,,2019,Língua Portuguesa,0,0,0,232.07,1,0
4302238,Boa Vista do Incra,266.27,2019,Língua Portuguesa,0,0,0,263.09000000000003,0,0
4302253,Boa Vista do Sul,274.96,2019,Língua Portuguesa,0,0,0,276.225,0,0
4302303,Bom Jesus,265.49,2019,Língua Portuguesa,0,0,0,262.40999999999997,0,0
4302352,Bom Princípio,280.04,2019,Língua Portuguesa,1,0,0,294.6,0,0
4302378,Bom Progresso,270.58,2019,Língua Portuguesa,0,0,0,272.47,0,0
4302402,Bom Retiro do Sul,281.94,2019,Língua Portuguesa,1,0,0,279.4075,0,0
4302451,Boqueirão do Leão,263.01,2019,Língua Portuguesa,0,0,0,260.3675,1,0
4302501,Bossoroca,241.48,2019,Língua Portuguesa,0,0,0,250.0275,1,0
4302584,Bozano,283.43,2019,Língua Portuguesa,0,0,0,283.14,0,0
4302600,Braga,245.06,2019,Língua Portuguesa,0,0,0,266.14,0,0
4302659,Brochier,309.36,2019,Língua Portuguesa,1,0,0,317.675,0,0
4302709,Butiá,228.47,2019,Língua Portuguesa,1,0,0,227.42000000000002,1,0
4302808,Caçapava do Sul,265.35,2019,Língua Portuguesa,0,0,0,254.54250000000002,1,0
4302907,Cacequi,248.48,2019,Língua Portuguesa,0,0,0,243.95499999999998,1,0
4303004,Cachoeira do Sul,259.42,2019,Língua Portuguesa,1,0,0,259.44,1,0
4303103,Cachoeirinha,257.81,2019,Língua Portuguesa,0,0,0,254.6925,1,0
4303202,Cacique Doble,272.28,2019,Língua Portuguesa,0,0,0,268.835,0,0
4303301,Caibaté,269.15,2019,Língua Portuguesa,0,0,0,253.8675,1,0
4303400,Caiçara,271.87,2019,Língua Portuguesa,0,0,0,263.9725,0,0
4303509,Camaquã,261.2,2019,Língua Portuguesa,1,0,0,257.87,1,0
4303558,Camargo,,2019,Língua Portuguesa,0,0,0,277.94500000000005,0,0
4303608,Cambará do Sul,253.14,2019,Língua Portuguesa,0,0,0,253.89499999999998,1,0
4303673,Campestre da Serra,,2019,Língua Portuguesa,0,0,0,280.15999999999997,0,0
4303707,Campina das Missões,276.66,2019,Língua Portuguesa,0,0,0,276.8675,0,0
4303806,Campinas do Sul,284.2,2019,Língua Portuguesa,0,0,0,287.3275,0,0
4303905,Campo Bom,280.18,2019,Língua Portuguesa,1,0,0,277.98,0,0
4304002,Campo Novo,249.97,2019,Língua Portuguesa,0,0,0,250.65,1,0
4304101,Campos Borges,241.98,2019,Língua Portuguesa,0,0,0,248.02749999999997,1,0
4304200,Candelária,254.58,2019,Língua Portuguesa,0,0,0,257.2225,1,0
4304309,Cândido Godói,264.88,2019,Língua Portuguesa,0,0,0,277.0475,0,0
4304358,Candiota,268.32,2019,Língua Portuguesa,0,0,0,256.425,1,0
4304408,Canela,264.72,2019,Língua Portuguesa,0,0,0,265.1925,0,0
4304507,Canguçu,286.96,2019,Língua Portuguesa,0,0,0,286.52250000000004,0,0
4304606,Canoas,265.02,2019,Língua Portuguesa,1,0,0,262.84000000000003,0,0
4304614,Canudos do Vale,264.01,2019,Língua Portuguesa,0,0,0,261.0825,1,0
4304622,Capão Bonito do Sul,241.89,2019,Língua Portuguesa,0,0,0,252.98250000000002,1,0
4304630,Capão da Canoa,263.54,2019,Língua Portuguesa,0,0,0,264.2625,0,0
4304655,Capão do Cipó,251.16,2019,Língua Portuguesa,0,0,0,260.1325,1,0
4304663,Capão do Leão,255.0,2019,Língua Portuguesa,1,0,0,257.65,1,0
4304671,Capivari do Sul,278.9,2019,Língua Portuguesa,0,0,0,265.8975,0,0
4304689,Capela de Santana,263.77,2019,Língua Portuguesa,1,0,0,260.0325,1,0
4304697,Capitão,272.67,2019,Língua Portuguesa,0,0,0,275.08000000000004,0,0
4304705,Carazinho,256.74,2019,Língua Portuguesa,0,0,0,258.59749999999997,1,0
4304713,Caraá,,2019,Língua Portuguesa,0,0,0,223.9,1,0
4304804,Carlos Barbosa,276.22,2019,Língua Portuguesa,0,0,0,285.27,0,0
4304903,Casca,259.92,2019,Língua Portuguesa,0,0,0,270.7,0,0
4304952,Caseiros,252.51,2019,Língua Portuguesa,0,0,0,258.97,1,0
4305009,Catuípe,275.87,2019,Língua Portuguesa,0,0,0,271.6225,0,0
4305108,Caxias do Sul,265.69,2019,Língua Portuguesa,1,0,0,268.43,0,0
4305116,Centenário,283.8,2019,Língua Portuguesa,0,0,0,286.9775,0,0
4305124,Cerrito,266.64,2019,Língua Portuguesa,0,0,0,267.835,0,0
4305132,Cerro Branco,278.91,2019,Língua Portuguesa,0,0,0,271.105,0,0
4305157,Cerro Grande,284.02,2019,Língua Portuguesa,0,0,0,279.815,0,0
4305173,Cerro Grande do Sul,265.37,2019,Língua Portuguesa,1,0,0,264.0375,0,0
4305207,Cerro Largo,281.84,2019,Língua Portuguesa,0,0,0,286.55,0,0
4305306,Chapada,276.83,2019,Língua Portuguesa,0,0,0,270.98249999999996,0,0
4305355,Charqueadas,269.1,2019,Língua Portuguesa,0,0,0,261.0675,1,0
4305371,Charrua,267.52,2019,Língua Portuguesa,0,0,0,275.225,0,0
4305405,Chiapetta,263.83,2019,Língua Portuguesa,0,0,0,261.68,1,0
4305439,Chuí,,2019,Língua Portuguesa,1,0,0,,0,0
4305447,Chuvisca,250.25,2019,Língua Portuguesa,1,0,0,260.015,1,0
4305454,Cidreira,260.73,2019,Língua Portuguesa,0,0,0,258.90999999999997,1,0
4305504,Ciríaco,244.65,2019,Língua Portuguesa,0,0,0,256.21250000000003,1,0
4305587,Colinas,289.99,2019,Língua Portuguesa,0,0,0,288.32,0,0
4305603,Colorado,299.41,2019,Língua Portuguesa,0,0,0,291.46000000000004,0,0
4305702,Condor,269.01,2019,Língua Portuguesa,0,0,0,268.6075,0,0
4305801,Constantina,273.37,2019,Língua Portuguesa,0,0,0,268.3375,0,0
4305835,Coqueiro Baixo,,2019,Língua Portuguesa,0,0,0,296.775,0,0
4305850,Coqueiros do Sul,,2019,Língua Portuguesa,0,0,0,235.36,1,0
4305871,Coronel Barros,284.13,2019,Língua Portuguesa,0,0,0,287.375,0,0
4305900,Coronel Bicaco,252.03,2019,Língua Portuguesa,0,0,0,251.2725,1,0
4305934,Coronel Pilar,264.73,2019,Língua Portuguesa,0,0,0,274.95500000000004,0,0
4305959,Cotiporã,266.54,2019,Língua Portuguesa,0,0,0,279.155,0,0
4305975,Coxilha,277.32,2019,Língua Portuguesa,0,0,0,262.2375,0,0
4306007,Crissiumal,278.04,2019,Língua Portuguesa,0,0,0,277.26,0,0
4306056,Cristal,266.81,2019,Língua Portuguesa,0,0,0,262.325,0,0
4306072,Cristal do Sul,,2019,Língua Portuguesa,0,0,0,239.67000000000002,1,0
4306106,Cruz Alta,257.96,2019,Língua Portuguesa,0,0,0,255.2525,1,0
4306130,Cruzaltense,288.0,2019,Língua Portuguesa,0,0,0,287.585,0,0
4306205,Cruzeiro do Sul,260.6,2019,Língua Portuguesa,1,0,0,264.855,0,0
4306304,David Canabarro,271.92,2019,Língua Portuguesa,0,0,0,268.75,0,0
4306320,Derrubadas,,2019,Língua Portuguesa,0,0,0,286.65999999999997,0,0
4306353,Dezesseis de Novembro,265.91,2019,Língua Portuguesa,0,0,0,257.25250000000005,1,0
4306379,Dilermando de Aguiar,,2019,Língua Portuguesa,0,0,0,,0,0
4306403,Dois Irmãos,278.15,2019,Língua Portuguesa,1,0,0,281.48,0,0
4306429,Dois Irmãos das Missões,,2019,Língua Portuguesa,0,0,0,,0,0
4306452,Dois Lajeados,282.17,2019,Língua Portuguesa,0,0,0,296.695,0,0
4306502,Dom Feliciano,267.59,2019,Língua Portuguesa,1,0,0,267.5075,0,0
4306551,Dom Pedro de Alcântara,,2019,Língua Portuguesa,0,0,0,269.84,0,0
4306601,Dom Pedrito,251.69,2019,Língua Portuguesa,0,0,0,249.8275,1,0
4306700,Dona Francisca,291.2,2019,Língua Portuguesa,1,0,0,274.475,0,0
4306734,Doutor Maurício Cardoso,249.36,2019,Língua Portuguesa,0,0,0,261.805,0,0
4306759,Doutor Ricardo,,2019,Língua Portuguesa,0,0,0,,0,0
4306767,Eldorado do Sul,259.36,2019,Língua Portuguesa,0,0,0,259.9975,1,0
4306809,Encantado,279.09,2019,Língua Portuguesa,0,0,0,280.855,0,0
4306908,Encruzilhada do Sul,252.68,2019,Língua Portuguesa,0,0,0,256.9325,1,0
4306924,Engenho Velho,,2019,Língua Portuguesa,0,0,0,227.77,1,0
4306932,Entre-Ijuís,,2019,Língua Portuguesa,0,0,0,262.28499999999997,0,0
4306957,Entre Rios do Sul,,2019,Língua Portuguesa,0,0,0,291.59000000000003,0,0
4306973,Erebango,265.17,2019,Língua Portuguesa,0,0,0,266.5475,0,0
4307005,Erechim,274.03,2019,Língua Portuguesa,0,0,0,276.5175,0,0
4307054,Ernestina,281.18,2019,Língua Portuguesa,0,0,0,262.69,0,0
4307104,Herval,273.55,2019,Língua Portuguesa,0,0,0,258.245,1,0
4307203,Erval Grande,257.4,2019,Língua Portuguesa,0,0,0,262.9125,0,0
4307302,Erval Seco,273.7,2019,Língua Portuguesa,0,0,0,271.1925,0,0
4307401,Esmeralda,243.69,2019,Língua Portuguesa,0,0,0,255.6775,1,0
4307450,Esperança do Sul,246.47,2019,Língua Portuguesa,0,0,0,249.405,1,0
4307500,Espumoso,268.11,2019,Língua Portuguesa,0,0,0,274.885,0,0
4307559,Estação,269.39,2019,Língua Portuguesa,0,0,0,269.89,0,0
4307609,Estância Velha,269.1,2019,Língua Portuguesa,1,0,0,271.89,0,0
4307708,Esteio,258.82,2019,Língua Portuguesa,0,0,0,255.48250000000002,1,0
4307807,Estrela,268.13,2019,Língua Portuguesa,1,0,0,272.0675,0,0
4307815,Estrela Velha,262.37,2019,Língua Portuguesa,1,0,0,259.7125,1,0
4307831,Eugênio de Castro,283.19,2019,Língua Portuguesa,0,0,0,275.15250000000003,0,0
4307864,Fagundes Varela,279.99,2019,Língua Portuguesa,0,0,0,262.72249999999997,0,0
4307906,Farroupilha,288.88,2019,Língua Portuguesa,0,0,0,289.96500000000003,0,0
4308003,Faxinal do Soturno,,2019,Língua Portuguesa,0,0,0,270.95,0,0
4308052,Faxinalzinho,,2019,Língua Portuguesa,0,0,0,238.07999999999998,1,0
4308078,Fazenda Vilanova,257.17,2019,Língua Portuguesa,0,0,0,266.7075,0,0
4308102,Feliz,284.86,2019,Língua Portuguesa,1,0,0,292.92,0,0
4308201,Flores da Cunha,284.2,2019,Língua Portuguesa,0,0,0,287.8225,0,0
4308250,Floriano Peixoto,,2019,Língua Portuguesa,0,0,0,289.125,0,0
4308300,Fontoura Xavier,265.3,2019,Língua Portuguesa,0,0,0,256.0175,1,0
4308409,Formigueiro,246.66,2019,Língua Portuguesa,0,0,0,247.4175,1,0
4308433,Forquetinha,273.46,2019,Língua Portuguesa,1,0,0,258.475,1,0
4308458,Fortaleza dos Valos,257.09,2019,Língua Portuguesa,0,0,0,260.8175,1,0
4308508,Frederico Westphalen,284.57,2019,Língua Portuguesa,0,0,0,281.63,0,0
4308607,Garibaldi,274.25,2019,Língua Portuguesa,0,0,0,277.8825,0,0
4308656,Garruchos,,2019,Língua Portuguesa,0,0,0,263.995,0,0
4308706,Gaurama,282.31,2019,Língua Portuguesa,0,0,0,277.07,0,0
4308805,General Câmara,228.51,2019,Língua Portuguesa,0,0,0,238.71249999999998,1,0
4308854,Gentil,267.89,2019,Língua Portuguesa,0,0,0,276.245,0,0
4308904,Getúlio Vargas,272.59,2019,Língua Portuguesa,0,0,0,269.7425,0,0
4309001,Giruá,250.06,2019,Língua Portuguesa,0,0,0,252.3975,1,0
4309050,Glorinha,263.23,2019,Língua Portuguesa,0,0,0,260.4,1,0
4309100,Gramado,278.64,2019,Língua Portuguesa,1,0,0,273.725,0,0
4309126,Gramado dos Loureiros,277.25,2019,Língua Portuguesa,0,0,0,287.33500000000004,0,0
4309159,Gramado Xavier,,2019,Língua Portuguesa,0,0,0,262.23,0,0
4309209,Gravataí,262.61,2019,Língua Portuguesa,0,0,0,258.17,1,0
4309258,Guabiju,,2019,Língua Portuguesa,0,0,0,295.995,0,0
4309308,Guaíba,262.01,2019,Língua Portuguesa,0,0,0,259.62,1,0
4309407,Guaporé,268.72,2019,Língua Portuguesa,0,0,0,270.3025,0,0
4309506,Guarani das Missões,266.81,2019,Língua Portuguesa,0,0,0,260.4675,1,0
4309555,Harmonia,283.04,2019,Língua Portuguesa,1,0,0,289.6925,0,0
4309571,Herveiras,,2019,Língua Portuguesa,0,0,0,,0,0
4309605,Horizontina,272.96,2019,Língua Portuguesa,0,0,0,275.78999999999996,0,0
4309654,Hulha Negra,249.12,2019,Língua Portuguesa,0,0,0,243.965,1,0
4309704,Humaitá,272.5,2019,Língua Portuguesa,0,0,0,269.4625,0,0
4309753,Ibarama,249.78,2019,Língua Portuguesa,1,0,0,266.0775,0,0
4309803,Ibiaçá,257.93,2019,Língua Portuguesa,0,0,0,268.3,0,0
4309902,Ibiraiaras,268.34,2019,Língua Portuguesa,0,0,0,277.61,0,0
4309951,Ibirapuitã,254.75,2019,Língua Portuguesa,0,0,0,259.635,1,0
4310009,Ibirubá,280.26,2019,Língua Portuguesa,0,0,0,284.3225,0,0
4310108,Igrejinha,271.94,2019,Língua Portuguesa,1,0,0,280.45500000000004,0,0
4310207,Ijuí,274.78,2019,Língua Portuguesa,0,0,0,276.125,0,0
4310306,Ilópolis,278.66,2019,Língua Portuguesa,0,0,0,274.415,0,0
4310330,Imbé,259.85,2019,Língua Portuguesa,0,0,0,265.9125,0,0
4310363,Imigrante,,2019,Língua Portuguesa,0,0,0,314.095,0,0
4310405,Independência,260.19,2019,Língua Portuguesa,0,0,0,270.01,0,0
4310413,Inhacorá,,2019,Língua Portuguesa,0,0,0,241.72,1,0
4310439,Ipê,272.91,2019,Língua Portuguesa,0,0,0,278.12,0,0
4310462,Ipiranga do Sul,284.15,2019,Língua Portuguesa,0,0,0,273.4625,0,0
4310504,Iraí,278.54,2019,Língua Portuguesa,0,0,0,278.305,0,0
4310538,Itaara,,2019,Língua Portuguesa,0,0,0,270.71500000000003,0,0
4310553,Itacurubi,,2019,Língua Portuguesa,0,0,0,248.8,1,0
4310579,Itapuca,,2019,Língua Portuguesa,0,0,0,261.815,0,0
4310603,Itaqui,249.89,2019,Língua Portuguesa,0,0,0,250.2475,1,0
4310652,Itati,276.6,2019,Língua Portuguesa,0,0,0,277.8825,0,0
4310702,Itatiba do Sul,267.61,2019,Língua Portuguesa,0,0,0,281.985,0,0
4310751,Ivorá,,2019,Língua Portuguesa,0,0,0,257.36,1,0
4310801,Ivoti,289.67,2019,Língua Portuguesa,1,0,0,290.4175,0,0
4310850,Jaboticaba,268.08,2019,Língua Portuguesa,0,0,0,270.905,0,0
4310876,Jacuizinho,243.24,2019,Língua Portuguesa,0,0,0,230.04,1,0
4310900,Jacutinga,286.61,2019,Língua Portuguesa,0,0,0,288.6225,0,0
4311007,Jaguarão,266.96,2019,Língua Portuguesa,0,0,0,266.1075,0,0
4311106,Jaguari,272.48,2019,Língua Portuguesa,0,0,0,275.045,0,0
4311122,Jaquirana,233.56,2019,Língua Portuguesa,0,0,0,242.95,1,0
4311130,Jari,,2019,Língua Portuguesa,0,0,0,263.505,0,0
4311155,Jóia,269.43,2019,Língua Portuguesa,0,0,0,269.4425,0,0
4311205,Júlio de Castilhos,261.71,2019,Língua Portuguesa,0,0,0,262.755,0,0
4311239,Lagoa Bonita do Sul,246.79,2019,Língua Portuguesa,0,0,0,245.8575,1,0
4311254,Lagoão,,2019,Língua Portuguesa,0,0,0,265.555,0,0
4311270,Lagoa dos Três Cantos,267.27,2019,Língua Portuguesa,0,0,0,278.515,0,0
4311304,Lagoa Vermelha,260.23,2019,Língua Portuguesa,0,0,0,258.63,1,0
4311403,Lajeado,272.51,2019,Língua Portuguesa,1,0,0,276.10249999999996,0,0
4311429,Lajeado do Bugre,,2019,Língua Portuguesa,0,0,0,,0,0
4311502,Lavras do Sul,258.67,2019,Língua Portuguesa,0,0,0,254.60250000000002,1,0
4311601,Liberato Salzano,251.49,2019,Língua Portuguesa,0,0,0,265.94,0,0
4311627,Lindolfo Collor,280.8,2019,Língua Portuguesa,0,0,0,281.4275,0,0
4311643,Linha Nova,281.18,2019,Língua Portuguesa,1,0,0,286.825,0,0
4311700,Machadinho,,2019,Língua Portuguesa,0,0,0,260.32,1,0
4311718,Maçambará,244.15,2019,Língua Portuguesa,0,0,0,232.3275,1,0
4311734,Mampituba,265.36,2019,Língua Portuguesa,0,0,0,271.475,0,0
4311759,Manoel Viana,240.94,2019,Língua Portuguesa,0,0,0,253.1625,1,0
4311775,Maquiné,262.76,2019,Língua Portuguesa,0,0,0,261.61,1,0
4311791,Maratá,,2019,Língua Portuguesa,0,0,0,279.76,0,0
4311809,Marau,268.82,2019,Língua Portuguesa,0,0,0,265.78,0,0
4311908,Marcelino Ramos,,2019,Língua Portuguesa,0,0,0,244.51999999999998,1,0
4311981,Mariana Pimentel,257.14,2019,Língua Portuguesa,0,0,0,261.555,1,0
4312005,Mariano Moro,229.65,2019,Língua Portuguesa,0,0,0,237.0475,1,0
4312054,Marques de Souza,290.75,2019,Língua Portuguesa,0,0,0,283.3525,0,0
4312104,Mata,276.72,2019,Língua Portuguesa,0,0,0,262.84250000000003,0,0
4312138,Mato Castelhano,207.52,2019,Língua Portuguesa,0,0,0,232.94,1,0
4312153,Mato Leitão,289.11,2019,Língua Portuguesa,0,0,0,283.765,0,0
4312179,Mato Queimado,278.03,2019,Língua Portuguesa,0,0,0,284.9875,0,0
4312203,Maximiliano de Almeida,242.17,2019,Língua Portuguesa,0,0,0,264.61,0,0
4312252,Minas do Leão,247.61,2019,Língua Portuguesa,1,0,0,256.20500000000004,1,0
4312302,Miraguaí,256.24,2019,Língua Portuguesa,0,0,0,251.9525,1,0
4312351,Montauri,270.85,2019,Língua Portuguesa,0,0,0,300.265,0,0
4312377,Monte Alegre dos Campos,234.33,2019,Língua Portuguesa,0,0,0,244.48250000000002,1,0
4312385,Monte Belo do Sul,288.06,2019,Língua Portuguesa,0,0,0,282.6375,0,0
4312401,Montenegro,256.21,2019,Língua Portuguesa,1,0,0,261.1775,1,0
4312427,Mormaço,,2019,Língua Portuguesa,0,0,0,259.805,1,0
4312443,Morrinhos do Sul,295.68,2019,Língua Portuguesa,0,0,0,286.285,0,0
4312450,Morro Redondo,256.53,2019,Língua Portuguesa,0,0,0,270.59000000000003,0,0
4312476,Morro Reuter,278.86,2019,Língua Portuguesa,1,0,0,287.4925,0,0
4312500,Mostardas,255.4,2019,Língua Portuguesa,0,0,0,251.8225,1,0
4312609,Muçum,,2019,Língua Portuguesa,0,0,0,268.775,0,0
4312617,Muitos Capões,261.7,2019,Língua Portuguesa,0,0,0,260.4375,1,0
4312625,Muliterno,251.98,2019,Língua Portuguesa,0,0,0,261.045,1,0
4312658,Não-Me-Toque,267.36,2019,Língua Portuguesa,0,0,0,260.67,1,0
4312674,Nicolau Vergueiro,267.38,2019,Língua Portuguesa,0,0,0,246.98,1,0
4312708,Nonoai,267.93,2019,Língua Portuguesa,0,0,0,269.1175,0,0
4312757,Nova Alvorada,273.2,2019,Língua Portuguesa,0,0,0,281.76,0,0
4312807,Nova Araçá,279.75,2019,Língua Portuguesa,0,0,0,274.5925,0,0
4312906,Nova Bassano,269.81,2019,Língua Portuguesa,0,0,0,266.2675,0,0
4312955,Nova Boa Vista,283.36,2019,Língua Portuguesa,0,0,0,276.22249999999997,0,0
4313003,Nova Bréscia,269.98,2019,Língua Portuguesa,0,0,0,269.0575,0,0
4313011,Nova Candelária,277.15,2019,Língua Portuguesa,0,0,0,284.65999999999997,0,0
4313037,Nova Esperança do Sul,248.72,2019,Língua Portuguesa,0,0,0,253.46,1,0
4313060,Nova Hartz,269.45,2019,Língua Portuguesa,1,0,0,269.175,0,0
4313086,Nova Pádua,256.13,2019,Língua Portuguesa,0,0,0,262.9375,0,0
4313102,Nova Palma,256.38,2019,Língua Portuguesa,0,0,0,264.4275,0,0
4313201,Nova Petrópolis,290.8,2019,Língua Portuguesa,0,0,0,295.1225,0,0
4313300,Nova Prata,264.03,2019,Língua Portuguesa,0,0,0,272.12,0,0
4313334,Nova Ramada,,2019,Língua Portuguesa,0,0,0,,0,0
4313359,Nova Roma do Sul,279.13,2019,Língua Portuguesa,0,0,0,282.83500000000004,0,0
4313375,Nova Santa Rita,264.55,2019,Língua Portuguesa,0,0,0,263.56,0,0
4313391,Novo Cabrais,,2019,Língua Portuguesa,0,0,0,,0,0
4313409,Novo Hamburgo,261.97,2019,Língua Portuguesa,1,0,0,262.5975,0,0
4313425,Novo Machado,282.11,2019,Língua Portuguesa,0,0,0,273.24,0,0
4313441,Novo Tiradentes,,2019,Língua Portuguesa,0,0,0,,0,0
4313466,Novo Xingu,257.9,2019,Língua Portuguesa,0,0,0,264.58000000000004,0,0
4313490,Novo Barreiro,,2019,Língua Portuguesa,0,0,0,245.58499999999998,1,0
4313508,Osório,270.76,2019,Língua Portuguesa,0,0,0,270.8225,0,0
4313607,Paim Filho,,2019,Língua Portuguesa,0,0,0,254.39,1,0
4313656,Palmares do Sul,262.55,2019,Língua Portuguesa,0,0,0,248.7225,1,0
4313706,Palmeira das Missões,260.54,2019,Língua Portuguesa,0,0,0,256.305,1,0
4313805,Palmitinho,276.0,2019,Língua Portuguesa,0,0,0,269.9325,0,0
4313904,Panambi,277.43,2019,Língua Portuguesa,0,0,0,276.56,0,0
4313953,Pantano Grande,234.19,2019,Língua Portuguesa,0,0,0,246.0575,1,0
4314001,Paraí,279.66,2019,Língua Portuguesa,0,0,0,279.74,0,0
4314027,Paraíso do Sul,281.75,2019,Língua Portuguesa,1,0,0,270.52250000000004,0,0
4314035,Pareci Novo,279.46,2019,Língua Portuguesa,1,0,0,283.0425,0,0
4314050,Parobé,266.74,2019,Língua Portuguesa,1,0,0,267.53999999999996,0,0
4314068,Passa Sete,263.62,2019,Língua Portuguesa,0,0,0,273.87,0,0
4314076,Passo do Sobrado,276.58,2019,Língua Portuguesa,0,0,0,267.4075,0,0
4314100,Passo Fundo,257.04,2019,Língua Portuguesa,0,0,0,257.48,1,0
4314134,Paulo Bento,264.9,2019,Língua Portuguesa,0,0,0,274.035,0,0
4314159,Paverama,252.78,2019,Língua Portuguesa,0,0,0,258.2,1,0
4314175,Pedras Altas,,2019,Língua Portuguesa,0,0,0,,0,0
4314209,Pedro Osório,236.67,2019,Língua Portuguesa,0,0,0,243.815,1,0
4314308,Pejuçara,258.96,2019,Língua Portuguesa,0,0,0,274.65250000000003,0,0
4314407,Pelotas,266.4,2019,Língua Portuguesa,1,0,0,264.845,0,0
4314423,Picada Café,303.31,2019,Língua Portuguesa,0,0,0,294.65999999999997,0,0
4314456,Pinhal,283.11,2019,Língua Portuguesa,0,0,0,269.0825,0,0
4314464,Pinhal da Serra,267.24,2019,Língua Portuguesa,0,0,0,271.9825,0,0
4314472,Pinhal Grande,280.77,2019,Língua Portuguesa,0,0,0,276.085,0,0
4314498,Pinheirinho do Vale,283.57,2019,Língua Portuguesa,0,0,0,278.35,0,0
4314506,Pinheiro Machado,259.17,2019,Língua Portuguesa,0,0,0,261.7125,1,0
4314548,Pinto Bandeira,267.09,2019,Língua Portuguesa,0,0,0,275.36,0,0
4314555,Pirapó,263.08,2019,Língua Portuguesa,0,0,0,263.7625,0,0
4314605,Piratini,255.52,2019,Língua Portuguesa,0,0,0,256.49,1,0
4314704,Planalto,260.24,2019,Língua Portuguesa,0,0,0,264.48,0,0
4314753,Poço das Antas,260.5,2019,Língua Portuguesa,1,0,0,276.18,0,0
4314779,Pontão,281.16,2019,Língua Portuguesa,0,0,0,272.495,0,0
4314787,Ponte Preta,,2019,Língua Portuguesa,0,0,0,269.605,0,0
4314803,Portão,274.25,2019,Língua Portuguesa,1,0,0,280.7,0,0
4314902,Porto Alegre,252.81,2019,Língua Portuguesa,1,0,0,253.5,1,0
4315008,Porto Lucena,,2019,Língua Portuguesa,0,0,0,265.32,0,0
4315057,Porto Mauá,,2019,Língua Portuguesa,0,0,0,254.38,1,0
4315073,Porto Vera Cruz,268.04,2019,Língua Portuguesa,0,0,0,263.54,0,0
4315107,Porto Xavier,271.39,2019,Língua Portuguesa,0,0,0,272.135,0,0
4315131,Pouso Novo,279.78,2019,Língua Portuguesa,0,0,0,264.1375,0,0
4315149,Presidente Lucena,285.55,2019,Língua Portuguesa,1,0,0,286.67,0,0
4315156,Progresso,258.01,2019,Língua Portuguesa,0,0,0,247.5275,1,0
4315172,Protásio Alves,267.05,2019,Língua Portuguesa,0,0,0,264.3575,0,0
4315206,Putinga,241.97,2019,Língua Portuguesa,0,0,0,246.4325,1,0
4315305,Quaraí,268.09,2019,Língua Portuguesa,0,0,0,267.21500000000003,0,0
4315313,Quatro Irmãos,,2019,Língua Portuguesa,0,0,0,261.11,1,0
4315321,Quevedos,253.11,2019,Língua Portuguesa,0,0,0,253.7125,1,0
4315354,Quinze de Novembro,266.11,2019,Língua Portuguesa,0,0,0,275.4375,0,0
4315404,Redentora,253.23,2019,Língua Portuguesa,0,0,0,250.36,1,0
4315453,Relvado,,2019,Língua Portuguesa,0,0,0,281.5,0,0
4315503,Restinga Sêca,270.13,2019,Língua Portuguesa,1,0,0,266.78249999999997,0,0
4315552,Rio dos Índios,263.13,2019,Língua Portuguesa,0,0,0,265.09000000000003,0,0
4315602,Rio Grande,261.33,2019,Língua Portuguesa,1,0,0,262.90749999999997,0,0
4315701,Rio Pardo,260.32,2019,Língua Portuguesa,0,0,0,261.53999999999996,1,0
4315750,Riozinho,264.77,2019,Língua Portuguesa,0,0,0,270.635,0,0
4315800,Roca Sales,263.78,2019,Língua Portuguesa,0,0,0,264.0675,0,0
4315909,Rodeio Bonito,265.71,2019,Língua Portuguesa,0,0,0,274.935,0,0
4315958,Rolador,284.34,2019,Língua Portuguesa,0,0,0,280.1225,0,0
4316006,Rolante,262.35,2019,Língua Portuguesa,0,0,0,268.5775,0,0
4316105,Ronda Alta,256.24,2019,Língua Portuguesa,0,0,0,264.77,0,0
4316204,Rondinha,264.5,2019,Língua Portuguesa,0,0,0,265.72249999999997,0,0
4316303,Roque Gonzales,,2019,Língua Portuguesa,0,0,0,277.695,0,0
4316402,Rosário do Sul,243.94,2019,Língua Portuguesa,0,0,0,243.51999999999998,1,0
4316428,Sagrada Família,,2019,Língua Portuguesa,0,0,0,267.9,0,0
4316436,Saldanha Marinho,271.0,2019,Língua Portuguesa,0,0,0,292.145,0,0
4316451,Salto do Jacuí,264.48,2019,Língua Portuguesa,0,0,0,263.0675,0,0
4316477,Salvador das Missões,280.31,2019,Língua Portuguesa,0,0,0,274.1075,0,0
4316501,Salvador do Sul,304.44,2019,Língua Portuguesa,1,0,0,295.6075,0,0
4316600,Sananduva,279.97,2019,Língua Portuguesa,0,0,0,278.63750000000005,0,0
4316709,Santa Bárbara do Sul,242.59,2019,Língua Portuguesa,0,0,0,249.405,1,0
4316733,Santa Cecília do Sul,,2019,Língua Portuguesa,0,0,0,245.10500000000002,1,0
4316758,Santa Clara do Sul,275.61,2019,Língua Portuguesa,0,0,0,284.4125,0,0
4316808,Santa Cruz do Sul,276.45,2019,Língua Portuguesa,0,0,0,277.06,0,0
4316907,Santa Maria,269.47,2019,Língua Portuguesa,0,0,0,270.0075,0,0
4316956,Santa Maria do Herval,289.72,2019,Língua Portuguesa,1,0,0,290.365,0,0
4316972,Santa Margarida do Sul,229.89,2019,Língua Portuguesa,0,0,0,252.86,1,0
4317004,Santana da Boa Vista,236.39,2019,Língua Portuguesa,0,0,0,240.97,1,0
4317103,Sant'Ana do Livramento,258.05,2019,Língua Portuguesa,0,0,0,250.275,1,0
4317202,Santa Rosa,272.11,2019,Língua Portuguesa,0,0,0,270.305,0,0
4317251,Santa Tereza,285.55,2019,Língua Portuguesa,0,0,0,298.14,0,0
4317301,Santa Vitória do Palmar,239.99,2019,Língua Portuguesa,1,0,0,239.61,1,0
4317400,Santiago,263.87,2019,Língua Portuguesa,0,0,0,263.0475,0,0
4317509,Santo Ângelo,263.1,2019,Língua Portuguesa,0,0,0,260.2575,1,0
4317558,Santo Antônio do Palma,272.56,2019,Língua Portuguesa,0,0,0,267.3575,0,0
4317608,Santo Antônio da Patrulha,268.2,2019,Língua Portuguesa,0,0,0,267.955,0,0
4317707,Santo Antônio das Missões,258.5,2019,Língua Portuguesa,0,0,0,259.145,1,0
4317756,Santo Antônio do Planalto,255.11,2019,Língua Portuguesa,0,0,0,269.45000000000005,0,0
4317806,Santo Augusto,257.23,2019,Língua Portuguesa,0,0,0,262.945,0,0
4317905,Santo Cristo,276.49,2019,Língua Portuguesa,0,0,0,280.7475,0,0
4317954,Santo Expedito do Sul,261.91,2019,Língua Portuguesa,0,0,0,273.025,0,0
4318002,São Borja,242.36,2019,Língua Portuguesa,0,0,0,247.0775,1,0
4318051,São Domingos do Sul,274.67,2019,Língua Portuguesa,0,0,0,281.8975,0,0
4318101,São Francisco de Assis,236.16,2019,Língua Portuguesa,0,0,0,235.9175,1,0
4318200,São Francisco de Paula,251.01,2019,Língua Portuguesa,0,0,0,250.665,1,0
4318309,São Gabriel,248.54,2019,Língua Portuguesa,0,0,0,246.1925,1,0
4318408,São Jerônimo,259.66,2019,Língua Portuguesa,0,0,0,256.955,1,0
4318424,São João da Urtiga,278.38,2019,Língua Portuguesa,0,0,0,270.5125,0,0
4318432,São João do Polêsine,,2019,Língua Portuguesa,0,0,0,286.72,0,0
4318440,São Jorge,,2019,Língua Portuguesa,0,0,0,261.30499999999995,1,0
4318457,São José das Missões,272.6,2019,Língua Portuguesa,0,0,0,269.15500000000003,0,0
4318465,São José do Herval,,2019,Língua Portuguesa,0,0,0,275.05,0,0
4318481,São José do Hortêncio,291.04,2019,Língua Portuguesa,1,0,0,288.51750000000004,0,0
4318499,São José do Inhacorá,,2019,Língua Portuguesa,0,0,0,,0,0
4318507,São José do Norte,263.21,2019,Língua Portuguesa,1,0,0,259.2975,1,0
4318606,São José do Ouro,,2019,Língua Portuguesa,0,0,0,274.76,0,0
4318614,São José do Sul,263.56,2019,Língua Portuguesa,1,0,0,272.265,0,0
4318622,São José dos Ausentes,,2019,Língua Portuguesa,0,0,0,251.92000000000002,1,0
4318705,São Leopoldo,262.07,2019,Língua Portuguesa,1,0,0,262.5125,0,0
4318804,São Lourenço do Sul,280.11,2019,Língua Portuguesa,1,0,0,278.795,0,0
4318903,São Luiz Gonzaga,262.86,2019,Língua Portuguesa,0,0,0,261.3875,1,0
4319000,São Marcos,280.31,2019,Língua Portuguesa,0,0,0,293.1125,0,0
4319109,São Martinho,273.49,2019,Língua Portuguesa,0,0,0,277.43,0,0
4319125,São Martinho da Serra,,2019,Língua Portuguesa,0,0,0,,0,0
4319158,São Miguel das Missões,263.86,2019,Língua Portuguesa,0,0,0,269.61,0,0
4319208,São Nicolau,256.28,2019,Língua Portuguesa,0,0,0,254.625,1,0
4319307,São Paulo das Missões,277.46,2019,Língua Portuguesa,0,0,0,284.695,0,0
4319356,São Pedro da Serra,273.81,2019,Língua Portuguesa,1,0,0,273.54999999999995,0,0
4319364,São Pedro das Missões,,2019,Língua Portuguesa,0,0,0,,0,0
4319372,São Pedro do Butiá,267.95,2019,Língua Portuguesa,0,0,0,291.7675,0,0
4319406,São Pedro do Sul,256.09,2019,Língua Portuguesa,0,0,0,264.2025,0,0
4319505,São Sebastião do Caí,262.36,2019,Língua Portuguesa,0,0,0,263.9225,0,0
4319604,São Sepé,253.1,2019,Língua Portuguesa,0,0,0,255.82750000000001,1,0
4319703,São Valentim,258.51,2019,Língua Portuguesa,0,0,0,269.0475,0,0
4319711,São Valentim do Sul,292.77,2019,Língua Portuguesa,0,0,0,290.6475,0,0
4319737,São Valério do Sul,232.91,2019,Língua Portuguesa,0,0,0,245.83499999999998,1,0
4319752,São Vendelino,276.99,2019,Língua Portuguesa,1,0,0,290.555,0,0
4319802,São Vicente do Sul,274.4,2019,Língua Portuguesa,0,0,0,262.9875,0,0
4319901,Sapiranga,275.19,2019,Língua Portuguesa,1,0,0,277.77250000000004,0,0
4320008,Sapucaia do Sul,272.44,2019,Língua Portuguesa,0,0,0,268.925,0,0
4320107,Sarandi,269.64,2019,Língua Portuguesa,0,0,0,265.0,0,0
4320206,Seberi,280.11,2019,Língua Portuguesa,0,0,0,278.505,0,0
4320230,Sede Nova,271.22,2019,Língua Portuguesa,0,0,0,276.6425,0,0
4320263,Segredo,260.72,2019,Língua Portuguesa,1,0,0,270.01,0,0
4320305,Selbach,282.26,2019,Língua Portuguesa,0,0,0,287.625,0,0
4320321,Senador Salgado Filho,,2019,Língua Portuguesa,0,0,0,268.28499999999997,0,0
4320354,Sentinela do Sul,,2019,Língua Portuguesa,1,0,0,229.37,1,0
4320404,Serafina Corrêa,281.64,2019,Língua Portuguesa,0,0,0,279.6825,0,0
4320453,Sério,257.5,2019,Língua Portuguesa,0,0,0,260.0575,1,0
4320503,Sertão,257.11,2019,Língua Portuguesa,0,0,0,260.6175,1,0
4320552,Sertão Santana,257.59,2019,Língua Portuguesa,1,0,0,267.15999999999997,0,0
4320578,Sete de Setembro,258.6,2019,Língua Portuguesa,0,0,0,278.165,0,0
4320602,Severiano de Almeida,292.86,2019,Língua Portuguesa,0,0,0,292.7975,0,0
4320651,Silveira Martins,278.87,2019,Língua Portuguesa,0,0,0,283.24,0,0
4320677,Sinimbu,258.11,2019,Língua Portuguesa,0,0,0,275.19,0,0
4320701,Sobradinho,259.79,2019,Língua Portuguesa,0,0,0,265.2925,0,0
4320800,Soledade,260.61,2019,Língua Portuguesa,0,0,0,256.075,1,0
4320859,Tabaí,254.66,2019,Língua Portuguesa,0,0,0,274.5875,0,0
4320909,Tapejara,266.79,2019,Língua Portuguesa,0,0,0,267.5675,0,0
4321006,Tapera,270.29,2019,Língua Portuguesa,0,0,0,264.74,0,0
4321105,Tapes,257.36,2019,Língua Portuguesa,0,0,0,259.66499999999996,1,0
4321204,Taquara,253.26,2019,Língua Portuguesa,1,0,0,254.595,1,0
4321303,Taquari,258.65,2019,Língua Portuguesa,1,0,0,258.84,1,0
4321329,Taquaruçu do Sul,286.57,2019,Língua Portuguesa,0,0,0,285.52,0,0
4321352,Tavares,250.23,2019,Língua Portuguesa,0,0,0,250.535,1,0
4321402,Tenente Portela,247.41,2019,Língua Portuguesa,0,0,0,253.49,1,0
4321436,Terra de Areia,286.24,2019,Língua Portuguesa,0,0,0,282.2875,0,0
4321451,Teutônia,283.08,2019,Língua Portuguesa,0,0,0,284.005,0,0
4321469,Tio Hugo,269.21,2019,Língua Portuguesa,0,0,0,272.2075,0,0
4321477,Tiradentes do Sul,290.88,2019,Língua Portuguesa,0,0,0,283.9075,0,0
4321493,Toropi,220.92,2019,Língua Portuguesa,0,0,0,242.08749999999998,1,0
4321501,Torres,263.75,2019,Língua Portuguesa,0,0,0,265.0675,0,0
4321600,Tramandaí,275.01,2019,Língua Portuguesa,0,0,0,271.6275,0,0
4321626,Travesseiro,289.71,2019,Língua Portuguesa,0,0,0,275.8225,0,0
4321634,Três Arroios,277.28,2019,Língua Portuguesa,0,0,0,293.435,0,0
4321667,Três Cachoeiras,271.24,2019,Língua Portuguesa,0,0,0,274.79,0,0
4321709,Três Coroas,283.11,2019,Língua Portuguesa,0,0,0,281.4075,0,0
4321808,Três de Maio,265.22,2019,Língua Portuguesa,0,0,0,264.6975,0,0
4321832,Três Forquilhas,251.38,2019,Língua Portuguesa,0,0,0,263.8075,0,0
4321857,Três Palmeiras,265.94,2019,Língua Portuguesa,0,0,0,265.375,0,0
4321907,Três Passos,276.18,2019,Língua Portuguesa,0,0,0,276.645,0,0
4321956,Trindade do Sul,255.92,2019,Língua Portuguesa,0,0,0,267.1225,0,0
4322004,Triunfo,252.05,2019,Língua Portuguesa,0,0,0,248.135,1,0
4322103,Tucunduva,265.76,2019,Língua Portuguesa,0,0,0,279.47749999999996,0,0
4322152,Tunas,264.89,2019,Língua Portuguesa,0,0,0,260.325,1,0
4322186,Tupanci do Sul,289.06,2019,Língua Portuguesa,0,0,0,294.8675,0,0
4322202,Tupanciretã,263.7,2019,Língua Portuguesa,0,0,0,261.90250000000003,0,0
4322251,Tupandi,295.93,2019,Língua Portuguesa,1,0,0,297.295,0,0
4322301,Tuparendi,259.91,2019,Língua Portuguesa,0,0,0,265.695,0,0
4322327,Turuçu,269.83,2019,Língua Portuguesa,1,0,0,283.5375,0,0
4322343,Ubiretama,240.12,2019,Língua Portuguesa,0,0,0,256.1475,1,0
4322350,União da Serra,268.91,2019,Língua Portuguesa,0,0,0,267.9825,0,0
4322376,Unistalda,,2019,Língua Portuguesa,0,0,0,285.225,0,0
4322400,Uruguaiana,250.34,2019,Língua Portuguesa,0,0,0,246.65,1,0
4322509,Vacaria,262.74,2019,Língua Portuguesa,0,0,0,264.72249999999997,0,0
4322525,Vale Verde,265.31,2019,Língua Portuguesa,0,0,0,270.515,0,0
4322533,Vale do Sol,272.27,2019,Língua Portuguesa,0,0,0,270.97749999999996,0,0
4322541,Vale Real,287.2,2019,Língua Portuguesa,0,0,0,290.5575,0,0
4322558,Vanini,282.38,2019,Língua Portuguesa,0,0,0,293.3175,0,0
4322608,Venâncio Aires,273.57,2019,Língua Portuguesa,0,0,0,269.6225,0,0
4322707,Vera Cruz,267.09,2019,Língua Portuguesa,0,0,0,267.53,0,0
4322806,Veranópolis,270.27,2019,Língua Portuguesa,0,0,0,275.505,0,0
4322855,Vespasiano Corrêa,284.02,2019,Língua Portuguesa,1,0,0,279.6375,0,0
4322905,Viadutos,277.59,2019,Língua Portuguesa,0,0,0,283.3825,0,0
4323002,Viamão,255.72,2019,Língua Portuguesa,0,0,0,248.1,1,0
4323101,Vicente Dutra,228.0,2019,Língua Portuguesa,0,0,0,240.8075,1,0
4323200,Victor Graeff,264.32,2019,Língua Portuguesa,0,0,0,273.8225,0,0
4323309,Vila Flores,289.88,2019,Língua Portuguesa,0,0,0,284.625,0,0
4323358,Vila Lângaro,267.94,2019,Língua Portuguesa,0,0,0,279.46,0,0
4323408,Vila Maria,257.13,2019,Língua Portuguesa,0,0,0,263.60749999999996,0,0
4323457,Vila Nova do Sul,,2019,Língua Portuguesa,0,0,0,244.41,1,0
4323507,Vista Alegre,263.52,2019,Língua Portuguesa,0,0,0,278.615,0,0
4323606,Vista Alegre do Prata,270.18,2019,Língua Portuguesa,0,0,0,271.9225,0,0
4323705,Vista Gaúcha,267.2,2019,Língua Portuguesa,0,0,0,264.475,0,0
4323754,Vitória das Missões,271.5,2019,Língua Portuguesa,0,0,0,271.16,0,0
4323770,Westfália,271.79,2019,Língua Portuguesa,0,0,0,283.4925,0,0
4323804,Xangri-lá,267.0,2019,Língua Portuguesa,0,0,0,265.4425,0,0
4300034,Aceguá,257.42,2021,Matemática,0,0,0,258.8025,1,0
4300059,Água Santa,,2021,Matemática,0,0,0,273.90999999999997,0,0
4300109,Agudo,275.52,2021,Matemática,1,0,0,283.125,0,0
4300208,Ajuricaba,274.45,2021,Matemática,0,0,0,282.4875,0,0
4300307,Alecrim,267.41,2021,Matemática,0,0,0,270.22,0,0
4300406,Alegrete,255.37,2021,Matemática,0,0,0,255.27499999999998,1,0
4300455,Alegria,254.56,2021,Matemática,0,0,0,248.785,1,0
4300471,Almirante Tamandaré do Sul,,2021,Matemática,0,0,0,263.03499999999997,0,0
4300505,Alpestre,255.54,2021,Matemática,0,0,0,253.365,1,0
4300554,Alto Alegre,,2021,Matemática,0,0,0,268.0275,0,0
4300570,Alto Feliz,,2021,Matemática,1,0,0,272.85,0,0
4300604,Alvorada,243.58,2021,Matemática,0,0,0,249.875,1,0
4300638,Amaral Ferrador,236.93,2021,Matemática,0,0,0,243.3175,1,0
4300646,Ametista do Sul,253.62,2021,Matemática,0,0,0,260.3375,1,0
4300661,André da Rocha,,2021,Matemática,0,0,0,,0,0
4300703,Anta Gorda,271.56,2021,Matemática,0,0,0,275.6625,0,0
4300802,Antônio Prado,269.82,2021,Matemática,0,0,0,278.4175,0,0
4300851,Arambaré,,2021,Matemática,0,0,0,261.385,1,0
4300877,Araricá,266.97,2021,Matemática,1,0,0,267.5125,0,0
4300901,Aratiba,271.87,2021,Matemática,0,0,0,272.885,0,0
4301008,Arroio do Meio,277.59,2021,Matemática,0,0,0,278.38,0,0
4301057,Arroio do Sal,268.34,2021,Matemática,0,0,0,259.7175,1,0
4301073,Arroio do Padre,,2021,Matemática,0,0,0,276.6875,0,0
4301107,Arroio dos Ratos,249.31,2021,Matemática,0,0,0,258.9475,1,0
4301206,Arroio do Tigre,235.68,2021,Matemática,1,0,0,273.1425,0,0
4301305,Arroio Grande,254.82,2021,Matemática,1,0,0,252.03,1,0
4301404,Arvorezinha,256.09,2021,Matemática,0,0,0,254.0325,1,0
4301503,Augusto Pestana,260.28,2021,Matemática,0,0,0,287.62,0,0
4301552,Áurea,291.61,2021,Matemática,0,0,0,287.3,0,0
4301602,Bagé,250.69,2021,Matemática,0,0,0,259.52750000000003,1,0
4301636,Balneário Pinhal,262.45,2021,Matemática,0,0,0,248.6575,1,0
4301651,Barão,272.76,2021,Matemática,1,0,0,286.47749999999996,0,0
4301701,Barão de Cotegipe,260.62,2021,Matemática,0,0,0,261.39,1,0
4301750,Barão do Triunfo,248.19,2021,Matemática,0,0,0,247.54500000000002,1,0
4301800,Barracão,261.17,2021,Matemática,0,0,0,260.42,1,0
4301859,Barra do Guarita,242.66,2021,Matemática,0,0,0,245.8625,1,0
4301875,Barra do Quaraí,254.46,2021,Matemática,0,0,0,246.0125,1,0
4301909,Barra do Ribeiro,239.12,2021,Matemática,0,0,0,248.1525,1,0
4301925,Barra do Rio Azul,,2021,Matemática,0,0,0,291.45500000000004,0,0
4301958,Barra Funda,257.33,2021,Matemática,0,0,0,280.58500000000004,0,0
4302006,Barros Cassal,253.87,2021,Matemática,0,0,0,242.02249999999998,1,0
4302055,Benjamin Constant do Sul,249.67,2021,Matemática,0,0,0,250.905,1,0
4302105,Bento Gonçalves,271.17,2021,Matemática,0,0,0,278.49,0,0
4302154,Boa Vista das Missões,257.32,2021,Matemática,0,0,0,272.745,0,0
4302204,Boa Vista do Buricá,287.14,2021,Matemática,0,0,0,283.9475,0,0
4302220,Boa Vista do Cadeado,259.35,2021,Matemática,0,0,0,232.07,1,0
4302238,Boa Vista do Incra,,2021,Matemática,0,0,0,263.09000000000003,0,0
4302253,Boa Vista do Sul,273.73,2021,Matemática,0,0,0,276.225,0,0
4302303,Bom Jesus,258.14,2021,Matemática,0,0,0,262.40999999999997,0,0
4302352,Bom Princípio,285.68,2021,Matemática,1,0,0,294.6,0,0
4302378,Bom Progresso,263.74,2021,Matemática,0,0,0,272.47,0,0
4302402,Bom Retiro do Sul,283.43,2021,Matemática,1,0,0,279.4075,0,0
4302451,Boqueirão do Leão,,2021,Matemática,0,0,0,260.3675,1,0
4302501,Bossoroca,232.94,2021,Matemática,0,0,0,250.0275,1,0
4302584,Bozano,277.3,2021,Matemática,0,0,0,283.14,0,0
4302600,Braga,249.36,2021,Matemática,0,0,0,266.14,0,0
4302659,Brochier,,2021,Matemática,1,0,0,317.675,0,0
4302709,Butiá,253.84,2021,Matemática,1,0,0,227.42000000000002,1,0
4302808,Caçapava do Sul,254.63,2021,Matemática,0,0,0,254.54250000000002,1,0
4302907,Cacequi,239.77,2021,Matemática,0,0,0,243.95499999999998,1,0
4303004,Cachoeira do Sul,252.81,2021,Matemática,1,0,0,259.44,1,0
4303103,Cachoeirinha,254.93,2021,Matemática,0,0,0,254.6925,1,0
4303202,Cacique Doble,247.69,2021,Matemática,0,0,0,268.835,0,0
4303301,Caibaté,252.09,2021,Matemática,0,0,0,253.8675,1,0
4303400,Caiçara,277.01,2021,Matemática,0,0,0,263.9725,0,0
4303509,Camaquã,251.2,2021,Matemática,1,0,0,257.87,1,0
4303558,Camargo,258.42,2021,Matemática,0,0,0,277.94500000000005,0,0
4303608,Cambará do Sul,,2021,Matemática,0,0,0,253.89499999999998,1,0
4303673,Campestre da Serra,285.71,2021,Matemática,0,0,0,280.15999999999997,0,0
4303707,Campina das Missões,299.12,2021,Matemática,0,0,0,276.8675,0,0
4303806,Campinas do Sul,261.46,2021,Matemática,0,0,0,287.3275,0,0
4303905,Campo Bom,275.81,2021,Matemática,1,0,0,277.98,0,0
4304002,Campo Novo,254.07,2021,Matemática,0,0,0,250.65,1,0
4304101,Campos Borges,244.51,2021,Matemática,0,0,0,248.02749999999997,1,0
4304200,Candelária,256.76,2021,Matemática,0,0,0,257.2225,1,0
4304309,Cândido Godói,279.01,2021,Matemática,0,0,0,277.0475,0,0
4304358,Candiota,250.52,2021,Matemática,0,0,0,256.425,1,0
4304408,Canela,257.33,2021,Matemática,0,0,0,265.1925,0,0
4304507,Canguçu,276.04,2021,Matemática,0,0,0,286.52250000000004,0,0
4304606,Canoas,253.04,2021,Matemática,1,0,0,262.84000000000003,0,0
4304614,Canudos do Vale,274.24,2021,Matemática,0,0,0,261.0825,1,0
4304622,Capão Bonito do Sul,,2021,Matemática,0,0,0,252.98250000000002,1,0
4304630,Capão da Canoa,259.9,2021,Matemática,0,0,0,264.2625,0,0
4304655,Capão do Cipó,,2021,Matemática,0,0,0,260.1325,1,0
4304663,Capão do Leão,,2021,Matemática,1,0,0,257.65,1,0
4304671,Capivari do Sul,268.94,2021,Matemática,0,0,0,265.8975,0,0
4304689,Capela de Santana,256.96,2021,Matemática,1,0,0,260.0325,1,0
4304697,Capitão,292.38,2021,Matemática,0,0,0,275.08000000000004,0,0
4304705,Carazinho,259.46,2021,Matemática,0,0,0,258.59749999999997,1,0
4304713,Caraá,,2021,Matemática,0,0,0,223.9,1,0
4304804,Carlos Barbosa,287.12,2021,Matemática,0,0,0,285.27,0,0
4304903,Casca,269.81,2021,Matemática,0,0,0,270.7,0,0
4304952,Caseiros,271.57,2021,Matemática,0,0,0,258.97,1,0
4305009,Catuípe,272.76,2021,Matemática,0,0,0,271.6225,0,0
4305108,Caxias do Sul,264.68,2021,Matemática,1,0,0,268.43,0,0
4305116,Centenário,271.35,2021,Matemática,0,0,0,286.9775,0,0
4305124,Cerrito,,2021,Matemática,0,0,0,267.835,0,0
4305132,Cerro Branco,,2021,Matemática,0,0,0,271.105,0,0
4305157,Cerro Grande,250.65,2021,Matemática,0,0,0,279.815,0,0
4305173,Cerro Grande do Sul,242.85,2021,Matemática,1,0,0,264.0375,0,0
4305207,Cerro Largo,265.36,2021,Matemática,0,0,0,286.55,0,0
4305306,Chapada,265.53,2021,Matemática,0,0,0,270.98249999999996,0,0
4305355,Charqueadas,258.19,2021,Matemática,0,0,0,261.0675,1,0
4305371,Charrua,284.69,2021,Matemática,0,0,0,275.225,0,0
4305405,Chiapetta,260.53,2021,Matemática,0,0,0,261.68,1,0
4305439,Chuí,267.14,2021,Matemática,1,0,0,,0,0
4305447,Chuvisca,253.15,2021,Matemática,1,0,0,260.015,1,0
4305454,Cidreira,258.68,2021,Matemática,0,0,0,258.90999999999997,1,0
4305504,Ciríaco,265.57,2021,Matemática,0,0,0,256.21250000000003,1,0
4305587,Colinas,308.86,2021,Matemática,0,0,0,288.32,0,0
4305603,Colorado,264.09,2021,Matemática,0,0,0,291.46000000000004,0,0
4305702,Condor,262.37,2021,Matemática,0,0,0,268.6075,0,0
4305801,Constantina,266.91,2021,Matemática,0,0,0,268.3375,0,0
4305835,Coqueiro Baixo,,2021,Matemática,0,0,0,296.775,0,0
4305850,Coqueiros do Sul,,2021,Matemática,0,0,0,235.36,1,0
4305871,Coronel Barros,288.33,2021,Matemática,0,0,0,287.375,0,0
4305900,Coronel Bicaco,245.59,2021,Matemática,0,0,0,251.2725,1,0
4305934,Coronel Pilar,,2021,Matemática,0,0,0,274.95500000000004,0,0
4305959,Cotiporã,,2021,Matemática,0,0,0,279.155,0,0
4305975,Coxilha,,2021,Matemática,0,0,0,262.2375,0,0
4306007,Crissiumal,277.18,2021,Matemática,0,0,0,277.26,0,0
4306056,Cristal,239.54,2021,Matemática,0,0,0,262.325,0,0
4306072,Cristal do Sul,246.33,2021,Matemática,0,0,0,239.67000000000002,1,0
4306106,Cruz Alta,242.53,2021,Matemática,0,0,0,255.2525,1,0
4306130,Cruzaltense,312.2,2021,Matemática,0,0,0,287.585,0,0
4306205,Cruzeiro do Sul,270.17,2021,Matemática,1,0,0,264.855,0,0
4306304,David Canabarro,293.73,2021,Matemática,0,0,0,268.75,0,0
4306320,Derrubadas,263.58,2021,Matemática,0,0,0,286.65999999999997,0,0
4306353,Dezesseis de Novembro,,2021,Matemática,0,0,0,257.25250000000005,1,0
4306379,Dilermando de Aguiar,257.2,2021,Matemática,0,0,0,,0,0
4306403,Dois Irmãos,282.01,2021,Matemática,1,0,0,281.48,0,0
4306429,Dois Irmãos das Missões,251.67,2021,Matemática,0,0,0,,0,0
4306452,Dois Lajeados,,2021,Matemática,0,0,0,296.695,0,0
4306502,Dom Feliciano,270.74,2021,Matemática,1,0,0,267.5075,0,0
4306551,Dom Pedro de Alcântara,254.78,2021,Matemática,0,0,0,269.84,0,0
4306601,Dom Pedrito,252.67,2021,Matemática,0,0,0,249.8275,1,0
4306700,Dona Francisca,252.13,2021,Matemática,1,0,0,274.475,0,0
4306734,Doutor Maurício Cardoso,,2021,Matemática,0,0,0,261.805,0,0
4306759,Doutor Ricardo,240.14,2021,Matemática,0,0,0,,0,0
4306767,Eldorado do Sul,256.4,2021,Matemática,0,0,0,259.9975,1,0
4306809,Encantado,275.8,2021,Matemática,0,0,0,280.855,0,0
4306908,Encruzilhada do Sul,248.04,2021,Matemática,0,0,0,256.9325,1,0
4306924,Engenho Velho,,2021,Matemática,0,0,0,227.77,1,0
4306932,Entre-Ijuís,,2021,Matemática,0,0,0,262.28499999999997,0,0
4306957,Entre Rios do Sul,278.59,2021,Matemática,0,0,0,291.59000000000003,0,0
4306973,Erebango,245.68,2021,Matemática,0,0,0,266.5475,0,0
4307005,Erechim,269.67,2021,Matemática,0,0,0,276.5175,0,0
4307054,Ernestina,,2021,Matemática,0,0,0,262.69,0,0
4307104,Herval,245.59,2021,Matemática,0,0,0,258.245,1,0
4307203,Erval Grande,,2021,Matemática,0,0,0,262.9125,0,0
4307302,Erval Seco,,2021,Matemática,0,0,0,271.1925,0,0
4307401,Esmeralda,244.42,2021,Matemática,0,0,0,255.6775,1,0
4307450,Esperança do Sul,250.54,2021,Matemática,0,0,0,249.405,1,0
4307500,Espumoso,255.85,2021,Matemática,0,0,0,274.885,0,0
4307559,Estação,264.76,2021,Matemática,0,0,0,269.89,0,0
4307609,Estância Velha,270.28,2021,Matemática,1,0,0,271.89,0,0
4307708,Esteio,,2021,Matemática,0,0,0,255.48250000000002,1,0
4307807,Estrela,262.05,2021,Matemática,1,0,0,272.0675,0,0
4307815,Estrela Velha,262.94,2021,Matemática,1,0,0,259.7125,1,0
4307831,Eugênio de Castro,,2021,Matemática,0,0,0,275.15250000000003,0,0
4307864,Fagundes Varela,286.68,2021,Matemática,0,0,0,262.72249999999997,0,0
4307906,Farroupilha,287.01,2021,Matemática,0,0,0,289.96500000000003,0,0
4308003,Faxinal do Soturno,,2021,Matemática,0,0,0,270.95,0,0
4308052,Faxinalzinho,,2021,Matemática,0,0,0,238.07999999999998,1,0
4308078,Fazenda Vilanova,258.59,2021,Matemática,0,0,0,266.7075,0,0
4308102,Feliz,281.69,2021,Matemática,1,0,0,292.92,0,0
4308201,Flores da Cunha,289.29,2021,Matemática,0,0,0,287.8225,0,0
4308250,Floriano Peixoto,,2021,Matemática,0,0,0,289.125,0,0
4308300,Fontoura Xavier,250.14,2021,Matemática,0,0,0,256.0175,1,0
4308409,Formigueiro,251.76,2021,Matemática,0,0,0,247.4175,1,0
4308433,Forquetinha,292.24,2021,Matemática,1,0,0,258.475,1,0
4308458,Fortaleza dos Valos,260.46,2021,Matemática,0,0,0,260.8175,1,0
4308508,Frederico Westphalen,265.32,2021,Matemática,0,0,0,281.63,0,0
4308607,Garibaldi,273.99,2021,Matemática,0,0,0,277.8825,0,0
4308656,Garruchos,246.27,2021,Matemática,0,0,0,263.995,0,0
4308706,Gaurama,270.16,2021,Matemática,0,0,0,277.07,0,0
4308805,General Câmara,,2021,Matemática,0,0,0,238.71249999999998,1,0
4308854,Gentil,275.07,2021,Matemática,0,0,0,276.245,0,0
4308904,Getúlio Vargas,258.06,2021,Matemática,0,0,0,269.7425,0,0
4309001,Giruá,266.16,2021,Matemática,0,0,0,252.3975,1,0
4309050,Glorinha,246.74,2021,Matemática,0,0,0,260.4,1,0
4309100,Gramado,271.56,2021,Matemática,1,0,0,273.725,0,0
4309126,Gramado dos Loureiros,280.56,2021,Matemática,0,0,0,287.33500000000004,0,0
4309159,Gramado Xavier,,2021,Matemática,0,0,0,262.23,0,0
4309209,Gravataí,258.26,2021,Matemática,0,0,0,258.17,1,0
4309258,Guabiju,,2021,Matemática,0,0,0,295.995,0,0
4309308,Guaíba,252.87,2021,Matemática,0,0,0,259.62,1,0
4309407,Guaporé,267.2,2021,Matemática,0,0,0,270.3025,0,0
4309506,Guarani das Missões,267.72,2021,Matemática,0,0,0,260.4675,1,0
4309555,Harmonia,304.64,2021,Matemática,1,0,0,289.6925,0,0
4309571,Herveiras,278.82,2021,Matemática,0,0,0,,0,0
4309605,Horizontina,278.58,2021,Matemática,0,0,0,275.78999999999996,0,0
4309654,Hulha Negra,252.5,2021,Matemática,0,0,0,243.965,1,0
4309704,Humaitá,266.12,2021,Matemática,0,0,0,269.4625,0,0
4309753,Ibarama,267.26,2021,Matemática,1,0,0,266.0775,0,0
4309803,Ibiaçá,257.81,2021,Matemática,0,0,0,268.3,0,0
4309902,Ibiraiaras,266.77,2021,Matemática,0,0,0,277.61,0,0
4309951,Ibirapuitã,261.61,2021,Matemática,0,0,0,259.635,1,0
4310009,Ibirubá,278.76,2021,Matemática,0,0,0,284.3225,0,0
4310108,Igrejinha,275.62,2021,Matemática,1,0,0,280.45500000000004,0,0
4310207,Ijuí,275.11,2021,Matemática,0,0,0,276.125,0,0
4310306,Ilópolis,272.26,2021,Matemática,0,0,0,274.415,0,0
4310330,Imbé,264.14,2021,Matemática,0,0,0,265.9125,0,0
4310363,Imigrante,301.4,2021,Matemática,0,0,0,314.095,0,0
4310405,Independência,258.58,2021,Matemática,0,0,0,270.01,0,0
4310413,Inhacorá,,2021,Matemática,0,0,0,241.72,1,0
4310439,Ipê,275.04,2021,Matemática,0,0,0,278.12,0,0
4310462,Ipiranga do Sul,245.89,2021,Matemática,0,0,0,273.4625,0,0
4310504,Iraí,249.71,2021,Matemática,0,0,0,278.305,0,0
4310538,Itaara,,2021,Matemática,0,0,0,270.71500000000003,0,0
4310553,Itacurubi,240.37,2021,Matemática,0,0,0,248.8,1,0
4310579,Itapuca,,2021,Matemática,0,0,0,261.815,0,0
4310603,Itaqui,246.84,2021,Matemática,0,0,0,250.2475,1,0
4310652,Itati,276.64,2021,Matemática,0,0,0,277.8825,0,0
4310702,Itatiba do Sul,297.69,2021,Matemática,0,0,0,281.985,0,0
4310751,Ivorá,,2021,Matemática,0,0,0,257.36,1,0
4310801,Ivoti,292.08,2021,Matemática,1,0,0,290.4175,0,0
4310850,Jaboticaba,254.38,2021,Matemática,0,0,0,270.905,0,0
4310876,Jacuizinho,202.37,2021,Matemática,0,0,0,230.04,1,0
4310900,Jacutinga,258.04,2021,Matemática,0,0,0,288.6225,0,0
4311007,Jaguarão,254.8,2021,Matemática,0,0,0,266.1075,0,0
4311106,Jaguari,263.05,2021,Matemática,0,0,0,275.045,0,0
4311122,Jaquirana,238.69,2021,Matemática,0,0,0,242.95,1,0
4311130,Jari,,2021,Matemática,0,0,0,263.505,0,0
4311155,Jóia,254.95,2021,Matemática,0,0,0,269.4425,0,0
4311205,Júlio de Castilhos,263.49,2021,Matemática,0,0,0,262.755,0,0
4311239,Lagoa Bonita do Sul,241.82,2021,Matemática,0,0,0,245.8575,1,0
4311254,Lagoão,267.6,2021,Matemática,0,0,0,265.555,0,0
4311270,Lagoa dos Três Cantos,271.77,2021,Matemática,0,0,0,278.515,0,0
4311304,Lagoa Vermelha,247.74,2021,Matemática,0,0,0,258.63,1,0
4311403,Lajeado,271.21,2021,Matemática,1,0,0,276.10249999999996,0,0
4311429,Lajeado do Bugre,249.08,2021,Matemática,0,0,0,,0,0
4311502,Lavras do Sul,249.89,2021,Matemática,0,0,0,254.60250000000002,1,0
4311601,Liberato Salzano,238.28,2021,Matemática,0,0,0,265.94,0,0
4311627,Lindolfo Collor,277.61,2021,Matemática,0,0,0,281.4275,0,0
4311643,Linha Nova,276.07,2021,Matemática,1,0,0,286.825,0,0
4311700,Machadinho,275.6,2021,Matemática,0,0,0,260.32,1,0
4311718,Maçambará,255.38,2021,Matemática,0,0,0,232.3275,1,0
4311734,Mampituba,251.22,2021,Matemática,0,0,0,271.475,0,0
4311759,Manoel Viana,249.99,2021,Matemática,0,0,0,253.1625,1,0
4311775,Maquiné,,2021,Matemática,0,0,0,261.61,1,0
4311791,Maratá,,2021,Matemática,0,0,0,279.76,0,0
4311809,Marau,256.43,2021,Matemática,0,0,0,265.78,0,0
4311908,Marcelino Ramos,258.97,2021,Matemática,0,0,0,244.51999999999998,1,0
4311981,Mariana Pimentel,,2021,Matemática,0,0,0,261.555,1,0
4312005,Mariano Moro,267.22,2021,Matemática,0,0,0,237.0475,1,0
4312054,Marques de Souza,290.51,2021,Matemática,0,0,0,283.3525,0,0
4312104,Mata,252.07,2021,Matemática,0,0,0,262.84250000000003,0,0
4312138,Mato Castelhano,266.96,2021,Matemática,0,0,0,232.94,1,0
4312153,Mato Leitão,258.06,2021,Matemática,0,0,0,283.765,0,0
4312179,Mato Queimado,278.76,2021,Matemática,0,0,0,284.9875,0,0
4312203,Maximiliano de Almeida,249.83,2021,Matemática,0,0,0,264.61,0,0
4312252,Minas do Leão,256.57,2021,Matemática,1,0,0,256.20500000000004,1,0
4312302,Miraguaí,244.75,2021,Matemática,0,0,0,251.9525,1,0
4312351,Montauri,295.7,2021,Matemática,0,0,0,300.265,0,0
4312377,Monte Alegre dos Campos,,2021,Matemática,0,0,0,244.48250000000002,1,0
4312385,Monte Belo do Sul,,2021,Matemática,0,0,0,282.6375,0,0
4312401,Montenegro,257.03,2021,Matemática,1,0,0,261.1775,1,0
4312427,Mormaço,277.88,2021,Matemática,0,0,0,259.805,1,0
4312443,Morrinhos do Sul,283.85,2021,Matemática,0,0,0,286.285,0,0
4312450,Morro Redondo,275.54,2021,Matemática,0,0,0,270.59000000000003,0,0
4312476,Morro Reuter,297.02,2021,Matemática,1,0,0,287.4925,0,0
4312500,Mostardas,243.36,2021,Matemática,0,0,0,251.8225,1,0
4312609,Muçum,,2021,Matemática,0,0,0,268.775,0,0
4312617,Muitos Capões,,2021,Matemática,0,0,0,260.4375,1,0
4312625,Muliterno,265.14,2021,Matemática,0,0,0,261.045,1,0
4312658,Não-Me-Toque,261.28,2021,Matemática,0,0,0,260.67,1,0
4312674,Nicolau Vergueiro,264.81,2021,Matemática,0,0,0,246.98,1,0
4312708,Nonoai,254.3,2021,Matemática,0,0,0,269.1175,0,0
4312757,Nova Alvorada,288.82,2021,Matemática,0,0,0,281.76,0,0
4312807,Nova Araçá,,2021,Matemática,0,0,0,274.5925,0,0
4312906,Nova Bassano,264.63,2021,Matemática,0,0,0,266.2675,0,0
4312955,Nova Boa Vista,287.47,2021,Matemática,0,0,0,276.22249999999997,0,0
4313003,Nova Bréscia,266.97,2021,Matemática,0,0,0,269.0575,0,0
4313011,Nova Candelária,282.92,2021,Matemática,0,0,0,284.65999999999997,0,0
4313037,Nova Esperança do Sul,255.15,2021,Matemática,0,0,0,253.46,1,0
4313060,Nova Hartz,260.28,2021,Matemática,1,0,0,269.175,0,0
4313086,Nova Pádua,278.91,2021,Matemática,0,0,0,262.9375,0,0
4313102,Nova Palma,,2021,Matemática,0,0,0,264.4275,0,0
4313201,Nova Petrópolis,285.71,2021,Matemática,0,0,0,295.1225,0,0
4313300,Nova Prata,263.47,2021,Matemática,0,0,0,272.12,0,0
4313334,Nova Ramada,264.52,2021,Matemática,0,0,0,,0,0
4313359,Nova Roma do Sul,283.56,2021,Matemática,0,0,0,282.83500000000004,0,0
4313375,Nova Santa Rita,,2021,Matemática,0,0,0,263.56,0,0
4313391,Novo Cabrais,,2021,Matemática,0,0,0,,0,0
4313409,Novo Hamburgo,255.3,2021,Matemática,1,0,0,262.5975,0,0
4313425,Novo Machado,245.9,2021,Matemática,0,0,0,273.24,0,0
4313441,Novo Tiradentes,254.42,2021,Matemática,0,0,0,,0,0
4313466,Novo Xingu,239.62,2021,Matemática,0,0,0,264.58000000000004,0,0
4313490,Novo Barreiro,,2021,Matemática,0,0,0,245.58499999999998,1,0
4313508,Osório,261.42,2021,Matemática,0,0,0,270.8225,0,0
4313607,Paim Filho,245.62,2021,Matemática,0,0,0,254.39,1,0
4313656,Palmares do Sul,257.09,2021,Matemática,0,0,0,248.7225,1,0
4313706,Palmeira das Missões,249.93,2021,Matemática,0,0,0,256.305,1,0
4313805,Palmitinho,274.4,2021,Matemática,0,0,0,269.9325,0,0
4313904,Panambi,269.45,2021,Matemática,0,0,0,276.56,0,0
4313953,Pantano Grande,242.16,2021,Matemática,0,0,0,246.0575,1,0
4314001,Paraí,266.4,2021,Matemática,0,0,0,279.74,0,0
4314027,Paraíso do Sul,252.62,2021,Matemática,1,0,0,270.52250000000004,0,0
4314035,Pareci Novo,260.37,2021,Matemática,1,0,0,283.0425,0,0
4314050,Parobé,256.18,2021,Matemática,1,0,0,267.53999999999996,0,0
4314068,Passa Sete,260.91,2021,Matemática,0,0,0,273.87,0,0
4314076,Passo do Sobrado,,2021,Matemática,0,0,0,267.4075,0,0
4314100,Passo Fundo,247.54,2021,Matemática,0,0,0,257.48,1,0
4314134,Paulo Bento,282.42,2021,Matemática,0,0,0,274.035,0,0
4314159,Paverama,262.45,2021,Matemática,0,0,0,258.2,1,0
4314175,Pedras Altas,,2021,Matemática,0,0,0,,0,0
4314209,Pedro Osório,225.93,2021,Matemática,0,0,0,243.815,1,0
4314308,Pejuçara,268.01,2021,Matemática,0,0,0,274.65250000000003,0,0
4314407,Pelotas,249.86,2021,Matemática,1,0,0,264.845,0,0
4314423,Picada Café,297.54,2021,Matemática,0,0,0,294.65999999999997,0,0
4314456,Pinhal,281.56,2021,Matemática,0,0,0,269.0825,0,0
4314464,Pinhal da Serra,233.2,2021,Matemática,0,0,0,271.9825,0,0
4314472,Pinhal Grande,260.09,2021,Matemática,0,0,0,276.085,0,0
4314498,Pinheirinho do Vale,,2021,Matemática,0,0,0,278.35,0,0
4314506,Pinheiro Machado,,2021,Matemática,0,0,0,261.7125,1,0
4314548,Pinto Bandeira,265.04,2021,Matemática,0,0,0,275.36,0,0
4314555,Pirapó,,2021,Matemática,0,0,0,263.7625,0,0
4314605,Piratini,,2021,Matemática,0,0,0,256.49,1,0
4314704,Planalto,260.51,2021,Matemática,0,0,0,264.48,0,0
4314753,Poço das Antas,292.19,2021,Matemática,1,0,0,276.18,0,0
4314779,Pontão,,2021,Matemática,0,0,0,272.495,0,0
4314787,Ponte Preta,237.4,2021,Matemática,0,0,0,269.605,0,0
4314803,Portão,273.8,2021,Matemática,1,0,0,280.7,0,0
4314902,Porto Alegre,246.76,2021,Matemática,1,0,0,253.5,1,0
4315008,Porto Lucena,287.2,2021,Matemática,0,0,0,265.32,0,0
4315057,Porto Mauá,,2021,Matemática,0,0,0,254.38,1,0
4315073,Porto Vera Cruz,,2021,Matemática,0,0,0,263.54,0,0
4315107,Porto Xavier,276.17,2021,Matemática,0,0,0,272.135,0,0
4315131,Pouso Novo,,2021,Matemática,0,0,0,264.1375,0,0
4315149,Presidente Lucena,275.17,2021,Matemática,1,0,0,286.67,0,0
4315156,Progresso,250.3,2021,Matemática,0,0,0,247.5275,1,0
4315172,Protásio Alves,262.28,2021,Matemática,0,0,0,264.3575,0,0
4315206,Putinga,,2021,Matemática,0,0,0,246.4325,1,0
4315305,Quaraí,254.66,2021,Matemática,0,0,0,267.21500000000003,0,0
4315313,Quatro Irmãos,,2021,Matemática,0,0,0,261.11,1,0
4315321,Quevedos,,2021,Matemática,0,0,0,253.7125,1,0
4315354,Quinze de Novembro,266.02,2021,Matemática,0,0,0,275.4375,0,0
4315404,Redentora,234.51,2021,Matemática,0,0,0,250.36,1,0
4315453,Relvado,273.45,2021,Matemática,0,0,0,281.5,0,0
4315503,Restinga Sêca,256.69,2021,Matemática,1,0,0,266.78249999999997,0,0
4315552,Rio dos Índios,254.58,2021,Matemática,0,0,0,265.09000000000003,0,0
4315602,Rio Grande,252.47,2021,Matemática,1,0,0,262.90749999999997,0,0
4315701,Rio Pardo,247.33,2021,Matemática,0,0,0,261.53999999999996,1,0
4315750,Riozinho,269.11,2021,Matemática,0,0,0,270.635,0,0
4315800,Roca Sales,268.11,2021,Matemática,0,0,0,264.0675,0,0
4315909,Rodeio Bonito,268.5,2021,Matemática,0,0,0,274.935,0,0
4315958,Rolador,258.56,2021,Matemática,0,0,0,280.1225,0,0
4316006,Rolante,268.84,2021,Matemática,0,0,0,268.5775,0,0
4316105,Ronda Alta,270.74,2021,Matemática,0,0,0,264.77,0,0
4316204,Rondinha,270.31,2021,Matemática,0,0,0,265.72249999999997,0,0
4316303,Roque Gonzales,292.94,2021,Matemática,0,0,0,277.695,0,0
4316402,Rosário do Sul,239.92,2021,Matemática,0,0,0,243.51999999999998,1,0
4316428,Sagrada Família,273.38,2021,Matemática,0,0,0,267.9,0,0
4316436,Saldanha Marinho,274.79,2021,Matemática,0,0,0,292.145,0,0
4316451,Salto do Jacuí,256.77,2021,Matemática,0,0,0,263.0675,0,0
4316477,Salvador das Missões,276.81,2021,Matemática,0,0,0,274.1075,0,0
4316501,Salvador do Sul,279.73,2021,Matemática,1,0,0,295.6075,0,0
4316600,Sananduva,271.45,2021,Matemática,0,0,0,278.63750000000005,0,0
4316709,Santa Bárbara do Sul,252.64,2021,Matemática,0,0,0,249.405,1,0
4316733,Santa Cecília do Sul,,2021,Matemática,0,0,0,245.10500000000002,1,0
4316758,Santa Clara do Sul,276.28,2021,Matemática,0,0,0,284.4125,0,0
4316808,Santa Cruz do Sul,272.58,2021,Matemática,0,0,0,277.06,0,0
4316907,Santa Maria,256.85,2021,Matemática,0,0,0,270.0075,0,0
4316956,Santa Maria do Herval,293.04,2021,Matemática,1,0,0,290.365,0,0
4316972,Santa Margarida do Sul,,2021,Matemática,0,0,0,252.86,1,0
4317004,Santana da Boa Vista,237.6,2021,Matemática,0,0,0,240.97,1,0
4317103,Sant'Ana do Livramento,249.26,2021,Matemática,0,0,0,250.275,1,0
4317202,Santa Rosa,272.64,2021,Matemática,0,0,0,270.305,0,0
4317251,Santa Tereza,284.02,2021,Matemática,0,0,0,298.14,0,0
4317301,Santa Vitória do Palmar,,2021,Matemática,1,0,0,239.61,1,0
4317400,Santiago,253.83,2021,Matemática,0,0,0,263.0475,0,0
4317509,Santo Ângelo,255.41,2021,Matemática,0,0,0,260.2575,1,0
4317558,Santo Antônio do Palma,258.19,2021,Matemática,0,0,0,267.3575,0,0
4317608,Santo Antônio da Patrulha,265.74,2021,Matemática,0,0,0,267.955,0,0
4317707,Santo Antônio das Missões,246.33,2021,Matemática,0,0,0,259.145,1,0
4317756,Santo Antônio do Planalto,276.26,2021,Matemática,0,0,0,269.45000000000005,0,0
4317806,Santo Augusto,266.67,2021,Matemática,0,0,0,262.945,0,0
4317905,Santo Cristo,267.66,2021,Matemática,0,0,0,280.7475,0,0
4317954,Santo Expedito do Sul,287.56,2021,Matemática,0,0,0,273.025,0,0
4318002,São Borja,236.85,2021,Matemática,0,0,0,247.0775,1,0
4318051,São Domingos do Sul,294.37,2021,Matemática,0,0,0,281.8975,0,0
4318101,São Francisco de Assis,235.37,2021,Matemática,0,0,0,235.9175,1,0
4318200,São Francisco de Paula,250.29,2021,Matemática,0,0,0,250.665,1,0
4318309,São Gabriel,245.68,2021,Matemática,0,0,0,246.1925,1,0
4318408,São Jerônimo,243.92,2021,Matemática,0,0,0,256.955,1,0
4318424,São João da Urtiga,273.04,2021,Matemática,0,0,0,270.5125,0,0
4318432,São João do Polêsine,,2021,Matemática,0,0,0,286.72,0,0
4318440,São Jorge,270.37,2021,Matemática,0,0,0,261.30499999999995,1,0
4318457,São José das Missões,,2021,Matemática,0,0,0,269.15500000000003,0,0
4318465,São José do Herval,,2021,Matemática,0,0,0,275.05,0,0
4318481,São José do Hortêncio,289.73,2021,Matemática,1,0,0,288.51750000000004,0,0
4318499,São José do Inhacorá,264.55,2021,Matemática,0,0,0,,0,0
4318507,São José do Norte,258.09,2021,Matemática,1,0,0,259.2975,1,0
4318606,São José do Ouro,266.47,2021,Matemática,0,0,0,274.76,0,0
4318614,São José do Sul,250.15,2021,Matemática,1,0,0,272.265,0,0
4318622,São José dos Ausentes,,2021,Matemática,0,0,0,251.92000000000002,1,0
4318705,São Leopoldo,257.74,2021,Matemática,1,0,0,262.5125,0,0
4318804,São Lourenço do Sul,266.76,2021,Matemática,1,0,0,278.795,0,0
4318903,São Luiz Gonzaga,258.04,2021,Matemática,0,0,0,261.3875,1,0
4319000,São Marcos,279.65,2021,Matemática,0,0,0,293.1125,0,0
4319109,São Martinho,290.09,2021,Matemática,0,0,0,277.43,0,0
4319125,São Martinho da Serra,246.05,2021,Matemática,0,0,0,,0,0
4319158,São Miguel das Missões,272.94,2021,Matemática,0,0,0,269.61,0,0
4319208,São Nicolau,246.41,2021,Matemática,0,0,0,254.625,1,0
4319307,São Paulo das Missões,288.44,2021,Matemática,0,0,0,284.695,0,0
4319356,São Pedro da Serra,266.21,2021,Matemática,1,0,0,273.54999999999995,0,0
4319364,São Pedro das Missões,,2021,Matemática,0,0,0,,0,0
4319372,São Pedro do Butiá,277.69,2021,Matemática,0,0,0,291.7675,0,0
4319406,São Pedro do Sul,257.04,2021,Matemática,0,0,0,264.2025,0,0
4319505,São Sebastião do Caí,265.26,2021,Matemática,0,0,0,263.9225,0,0
4319604,São Sepé,240.29,2021,Matemática,0,0,0,255.82750000000001,1,0
4319703,São Valentim,288.64,2021,Matemática,0,0,0,269.0475,0,0
4319711,São Valentim do Sul,291.24,2021,Matemática,0,0,0,290.6475,0,0
4319737,São Valério do Sul,234.69,2021,Matemática,0,0,0,245.83499999999998,1,0
4319752,São Vendelino,275.17,2021,Matemática,1,0,0,290.555,0,0
4319802,São Vicente do Sul,243.44,2021,Matemática,0,0,0,262.9875,0,0
4319901,Sapiranga,269.28,2021,Matemática,1,0,0,277.77250000000004,0,0
4320008,Sapucaia do Sul,257.09,2021,Matemática,0,0,0,268.925,0,0
4320107,Sarandi,258.43,2021,Matemática,0,0,0,265.0,0,0
4320206,Seberi,273.45,2021,Matemática,0,0,0,278.505,0,0
4320230,Sede Nova,261.37,2021,Matemática,0,0,0,276.6425,0,0
4320263,Segredo,,2021,Matemática,1,0,0,270.01,0,0
4320305,Selbach,,2021,Matemática,0,0,0,287.625,0,0
4320321,Senador Salgado Filho,267.05,2021,Matemática,0,0,0,268.28499999999997,0,0
4320354,Sentinela do Sul,,2021,Matemática,1,0,0,229.37,1,0
4320404,Serafina Corrêa,269.9,2021,Matemática,0,0,0,279.6825,0,0
4320453,Sério,261.66,2021,Matemática,0,0,0,260.0575,1,0
4320503,Sertão,251.07,2021,Matemática,0,0,0,260.6175,1,0
4320552,Sertão Santana,247.48,2021,Matemática,1,0,0,267.15999999999997,0,0
4320578,Sete de Setembro,245.77,2021,Matemática,0,0,0,278.165,0,0
4320602,Severiano de Almeida,287.2,2021,Matemática,0,0,0,292.7975,0,0
4320651,Silveira Martins,,2021,Matemática,0,0,0,283.24,0,0
4320677,Sinimbu,261.01,2021,Matemática,0,0,0,275.19,0,0
4320701,Sobradinho,254.92,2021,Matemática,0,0,0,265.2925,0,0
4320800,Soledade,254.81,2021,Matemática,0,0,0,256.075,1,0
4320859,Tabaí,,2021,Matemática,0,0,0,274.5875,0,0
4320909,Tapejara,265.88,2021,Matemática,0,0,0,267.5675,0,0
4321006,Tapera,263.63,2021,Matemática,0,0,0,264.74,0,0
4321105,Tapes,253.91,2021,Matemática,0,0,0,259.66499999999996,1,0
4321204,Taquara,266.75,2021,Matemática,1,0,0,254.595,1,0
4321303,Taquari,266.2,2021,Matemática,1,0,0,258.84,1,0
4321329,Taquaruçu do Sul,290.3,2021,Matemática,0,0,0,285.52,0,0
4321352,Tavares,245.85,2021,Matemática,0,0,0,250.535,1,0
4321402,Tenente Portela,259.31,2021,Matemática,0,0,0,253.49,1,0
4321436,Terra de Areia,262.36,2021,Matemática,0,0,0,282.2875,0,0
4321451,Teutônia,286.91,2021,Matemática,0,0,0,284.005,0,0
4321469,Tio Hugo,284.71,2021,Matemática,0,0,0,272.2075,0,0
4321477,Tiradentes do Sul,281.11,2021,Matemática,0,0,0,283.9075,0,0
4321493,Toropi,290.79,2021,Matemática,0,0,0,242.08749999999998,1,0
4321501,Torres,268.24,2021,Matemática,0,0,0,265.0675,0,0
4321600,Tramandaí,266.89,2021,Matemática,0,0,0,271.6275,0,0
4321626,Travesseiro,281.27,2021,Matemática,0,0,0,275.8225,0,0
4321634,Três Arroios,277.23,2021,Matemática,0,0,0,293.435,0,0
4321667,Três Cachoeiras,274.41,2021,Matemática,0,0,0,274.79,0,0
4321709,Três Coroas,277.49,2021,Matemática,0,0,0,281.4075,0,0
4321808,Três de Maio,267.53,2021,Matemática,0,0,0,264.6975,0,0
4321832,Três Forquilhas,,2021,Matemática,0,0,0,263.8075,0,0
4321857,Três Palmeiras,274.06,2021,Matemática,0,0,0,265.375,0,0
4321907,Três Passos,247.58,2021,Matemática,0,0,0,276.645,0,0
4321956,Trindade do Sul,280.56,2021,Matemática,0,0,0,267.1225,0,0
4322004,Triunfo,252.68,2021,Matemática,0,0,0,248.135,1,0
4322103,Tucunduva,273.58,2021,Matemática,0,0,0,279.47749999999996,0,0
4322152,Tunas,244.7,2021,Matemática,0,0,0,260.325,1,0
4322186,Tupanci do Sul,,2021,Matemática,0,0,0,294.8675,0,0
4322202,Tupanciretã,257.18,2021,Matemática,0,0,0,261.90250000000003,0,0
4322251,Tupandi,295.45,2021,Matemática,1,0,0,297.295,0,0
4322301,Tuparendi,269.22,2021,Matemática,0,0,0,265.695,0,0
4322327,Turuçu,,2021,Matemática,1,0,0,283.5375,0,0
4322343,Ubiretama,254.12,2021,Matemática,0,0,0,256.1475,1,0
4322350,União da Serra,,2021,Matemática,0,0,0,267.9825,0,0
4322376,Unistalda,,2021,Matemática,0,0,0,285.225,0,0
4322400,Uruguaiana,246.08,2021,Matemática,0,0,0,246.65,1,0
4322509,Vacaria,254.8,2021,Matemática,0,0,0,264.72249999999997,0,0
4322525,Vale Verde,,2021,Matemática,0,0,0,270.515,0,0
4322533,Vale do Sol,259.31,2021,Matemática,0,0,0,270.97749999999996,0,0
4322541,Vale Real,276.76,2021,Matemática,0,0,0,290.5575,0,0
4322558,Vanini,,2021,Matemática,0,0,0,293.3175,0,0
4322608,Venâncio Aires,271.31,2021,Matemática,0,0,0,269.6225,0,0
4322707,Vera Cruz,258.6,2021,Matemática,0,0,0,267.53,0,0
4322806,Veranópolis,279.5,2021,Matemática,0,0,0,275.505,0,0
4322855,Vespasiano Corrêa,278.08,2021,Matemática,1,0,0,279.6375,0,0
4322905,Viadutos,288.48,2021,Matemática,0,0,0,283.3825,0,0
4323002,Viamão,245.68,2021,Matemática,0,0,0,248.1,1,0
4323101,Vicente Dutra,235.17,2021,Matemática,0,0,0,240.8075,1,0
4323200,Victor Graeff,261.05,2021,Matemática,0,0,0,273.8225,0,0
4323309,Vila Flores,,2021,Matemática,0,0,0,284.625,0,0
4323358,Vila Lângaro,,2021,Matemática,0,0,0,279.46,0,0
4323408,Vila Maria,245.38,2021,Matemática,0,0,0,263.60749999999996,0,0
4323457,Vila Nova do Sul,246.36,2021,Matemática,0,0,0,244.41,1,0
4323507,Vista Alegre,,2021,Matemática,0,0,0,278.615,0,0
4323606,Vista Alegre do Prata,304.15,2021,Matemática,0,0,0,271.9225,0,0
4323705,Vista Gaúcha,277.26,2021,Matemática,0,0,0,264.475,0,0
4323754,Vitória das Missões,271.85,2021,Matemática,0,0,0,271.16,0,0
4323770,Westfália,282.18,2021,Matemática,0,0,0,283.4925,0,0
4323804,Xangri-lá,253.06,2021,Matemática,0,0,0,265.4425,0,0
4300034,Aceguá,270.68,2021,Língua Portuguesa,0,0,0,258.8025,1,0
4300059,Água Santa,,2021,Língua Portuguesa,0,0,0,273.90999999999997,0,0
4300109,Agudo,278.9,2021,Língua Portuguesa,1,0,0,283.125,0,0
4300208,Ajuricaba,279.08,2021,Língua Portuguesa,0,0,0,282.4875,0,0
4300307,Alecrim,265.48,2021,Língua Portuguesa,0,0,0,270.22,0,0
4300406,Alegrete,265.09,2021,Língua Portuguesa,0,0,0,255.27499999999998,1,0
4300455,Alegria,238.95,2021,Língua Portuguesa,0,0,0,248.785,1,0
4300471,Almirante Tamandaré do Sul,,2021,Língua Portuguesa,0,0,0,263.03499999999997,0,0
4300505,Alpestre,255.44,2021,Língua Portuguesa,0,0,0,253.365,1,0
4300554,Alto Alegre,,2021,Língua Portuguesa,0,0,0,268.0275,0,0
4300570,Alto Feliz,,2021,Língua Portuguesa,1,0,0,272.85,0,0
4300604,Alvorada,253.67,2021,Língua Portuguesa,0,0,0,249.875,1,0
4300638,Amaral Ferrador,243.03,2021,Língua Portuguesa,0,0,0,243.3175,1,0
4300646,Ametista do Sul,256.42,2021,Língua Portuguesa,0,0,0,260.3375,1,0
4300661,André da Rocha,,2021,Língua Portuguesa,0,0,0,,0,0
4300703,Anta Gorda,261.71,2021,Língua Portuguesa,0,0,0,275.6625,0,0
4300802,Antônio Prado,269.07,2021,Língua Portuguesa,0,0,0,278.4175,0,0
4300851,Arambaré,,2021,Língua Portuguesa,0,0,0,261.385,1,0
4300877,Araricá,266.21,2021,Língua Portuguesa,1,0,0,267.5125,0,0
4300901,Aratiba,266.61,2021,Língua Portuguesa,0,0,0,272.885,0,0
4301008,Arroio do Meio,271.68,2021,Língua Portuguesa,0,0,0,278.38,0,0
4301057,Arroio do Sal,261.4,2021,Língua Portuguesa,0,0,0,259.7175,1,0
4301073,Arroio do Padre,,2021,Língua Portuguesa,0,0,0,276.6875,0,0
4301107,Arroio dos Ratos,254.04,2021,Língua Portuguesa,0,0,0,258.9475,1,0
4301206,Arroio do Tigre,244.81,2021,Língua Portuguesa,1,0,0,273.1425,0,0
4301305,Arroio Grande,247.22,2021,Língua Portuguesa,1,0,0,252.03,1,0
4301404,Arvorezinha,248.89,2021,Língua Portuguesa,0,0,0,254.0325,1,0
4301503,Augusto Pestana,255.23,2021,Língua Portuguesa,0,0,0,287.62,0,0
4301552,Áurea,279.51,2021,Língua Portuguesa,0,0,0,287.3,0,0
4301602,Bagé,251.97,2021,Língua Portuguesa,0,0,0,259.52750000000003,1,0
4301636,Balneário Pinhal,268.63,2021,Língua Portuguesa,0,0,0,248.6575,1,0
4301651,Barão,279.48,2021,Língua Portuguesa,1,0,0,286.47749999999996,0,0
4301701,Barão de Cotegipe,259.25,2021,Língua Portuguesa,0,0,0,261.39,1,0
4301750,Barão do Triunfo,245.59,2021,Língua Portuguesa,0,0,0,247.54500000000002,1,0
4301800,Barracão,269.81,2021,Língua Portuguesa,0,0,0,260.42,1,0
4301859,Barra do Guarita,258.84,2021,Língua Portuguesa,0,0,0,245.8625,1,0
4301875,Barra do Quaraí,244.6,2021,Língua Portuguesa,0,0,0,246.0125,1,0
4301909,Barra do Ribeiro,247.83,2021,Língua Portuguesa,0,0,0,248.1525,1,0
4301925,Barra do Rio Azul,,2021,Língua Portuguesa,0,0,0,291.45500000000004,0,0
4301958,Barra Funda,248.78,2021,Língua Portuguesa,0,0,0,280.58500000000004,0,0
4302006,Barros Cassal,250.0,2021,Língua Portuguesa,0,0,0,242.02249999999998,1,0
4302055,Benjamin Constant do Sul,256.26,2021,Língua Portuguesa,0,0,0,250.905,1,0
4302105,Bento Gonçalves,268.03,2021,Língua Portuguesa,0,0,0,278.49,0,0
4302154,Boa Vista das Missões,252.88,2021,Língua Portuguesa,0,0,0,272.745,0,0
4302204,Boa Vista do Buricá,274.77,2021,Língua Portuguesa,0,0,0,283.9475,0,0
4302220,Boa Vista do Cadeado,265.76,2021,Língua Portuguesa,0,0,0,232.07,1,0
4302238,Boa Vista do Incra,,2021,Língua Portuguesa,0,0,0,263.09000000000003,0,0
4302253,Boa Vista do Sul,261.45,2021,Língua Portuguesa,0,0,0,276.225,0,0
4302303,Bom Jesus,261.35,2021,Língua Portuguesa,0,0,0,262.40999999999997,0,0
4302352,Bom Princípio,274.37,2021,Língua Portuguesa,1,0,0,294.6,0,0
4302378,Bom Progresso,237.18,2021,Língua Portuguesa,0,0,0,272.47,0,0
4302402,Bom Retiro do Sul,272.13,2021,Língua Portuguesa,1,0,0,279.4075,0,0
4302451,Boqueirão do Leão,,2021,Língua Portuguesa,0,0,0,260.3675,1,0
4302501,Bossoroca,222.63,2021,Língua Portuguesa,0,0,0,250.0275,1,0
4302584,Bozano,275.23,2021,Língua Portuguesa,0,0,0,283.14,0,0
4302600,Braga,241.95,2021,Língua Portuguesa,0,0,0,266.14,0,0
4302659,Brochier,,2021,Língua Portuguesa,1,0,0,317.675,0,0
4302709,Butiá,262.3,2021,Língua Portuguesa,1,0,0,227.42000000000002,1,0
4302808,Caçapava do Sul,259.49,2021,Língua Portuguesa,0,0,0,254.54250000000002,1,0
4302907,Cacequi,257.05,2021,Língua Portuguesa,0,0,0,243.95499999999998,1,0
4303004,Cachoeira do Sul,258.75,2021,Língua Portuguesa,1,0,0,259.44,1,0
4303103,Cachoeirinha,263.61,2021,Língua Portuguesa,0,0,0,254.6925,1,0
4303202,Cacique Doble,253.18,2021,Língua Portuguesa,0,0,0,268.835,0,0
4303301,Caibaté,240.06,2021,Língua Portuguesa,0,0,0,253.8675,1,0
4303400,Caiçara,270.43,2021,Língua Portuguesa,0,0,0,263.9725,0,0
4303509,Camaquã,254.71,2021,Língua Portuguesa,1,0,0,257.87,1,0
4303558,Camargo,255.05,2021,Língua Portuguesa,0,0,0,277.94500000000005,0,0
4303608,Cambará do Sul,,2021,Língua Portuguesa,0,0,0,253.89499999999998,1,0
4303673,Campestre da Serra,286.69,2021,Língua Portuguesa,0,0,0,280.15999999999997,0,0
4303707,Campina das Missões,292.42,2021,Língua Portuguesa,0,0,0,276.8675,0,0
4303806,Campinas do Sul,253.65,2021,Língua Portuguesa,0,0,0,287.3275,0,0
4303905,Campo Bom,278.48,2021,Língua Portuguesa,1,0,0,277.98,0,0
4304002,Campo Novo,255.0,2021,Língua Portuguesa,0,0,0,250.65,1,0
4304101,Campos Borges,237.7,2021,Língua Portuguesa,0,0,0,248.02749999999997,1,0
4304200,Candelária,259.07,2021,Língua Portuguesa,0,0,0,257.2225,1,0
4304309,Cândido Godói,275.32,2021,Língua Portuguesa,0,0,0,277.0475,0,0
4304358,Candiota,251.17,2021,Língua Portuguesa,0,0,0,256.425,1,0
4304408,Canela,262.78,2021,Língua Portuguesa,0,0,0,265.1925,0,0
4304507,Canguçu,278.43,2021,Língua Portuguesa,0,0,0,286.52250000000004,0,0
4304606,Canoas,260.73,2021,Língua Portuguesa,1,0,0,262.84000000000003,0,0
4304614,Canudos do Vale,259.08,2021,Língua Portuguesa,0,0,0,261.0825,1,0
4304622,Capão Bonito do Sul,,2021,Língua Portuguesa,0,0,0,252.98250000000002,1,0
4304630,Capão da Canoa,265.21,2021,Língua Portuguesa,0,0,0,264.2625,0,0
4304655,Capão do Cipó,,2021,Língua Portuguesa,0,0,0,260.1325,1,0
4304663,Capão do Leão,,2021,Língua Portuguesa,1,0,0,257.65,1,0
4304671,Capivari do Sul,270.27,2021,Língua Portuguesa,0,0,0,265.8975,0,0
4304689,Capela de Santana,261.61,2021,Língua Portuguesa,1,0,0,260.0325,1,0
4304697,Capitão,276.74,2021,Língua Portuguesa,0,0,0,275.08000000000004,0,0
4304705,Carazinho,262.98,2021,Língua Portuguesa,0,0,0,258.59749999999997,1,0
4304713,Caraá,,2021,Língua Portuguesa,0,0,0,223.9,1,0
4304804,Carlos Barbosa,280.64,2021,Língua Portuguesa,0,0,0,285.27,0,0
4304903,Casca,264.9,2021,Língua Portuguesa,0,0,0,270.7,0,0
4304952,Caseiros,248.88,2021,Língua Portuguesa,0,0,0,258.97,1,0
4305009,Catuípe,266.75,2021,Língua Portuguesa,0,0,0,271.6225,0,0
4305108,Caxias do Sul,267.25,2021,Língua Portuguesa,1,0,0,268.43,0,0
4305116,Centenário,262.81,2021,Língua Portuguesa,0,0,0,286.9775,0,0
4305124,Cerrito,,2021,Língua Portuguesa,0,0,0,267.835,0,0
4305132,Cerro Branco,,2021,Língua Portuguesa,0,0,0,271.105,0,0
4305157,Cerro Grande,251.4,2021,Língua Portuguesa,0,0,0,279.815,0,0
4305173,Cerro Grande do Sul,253.3,2021,Língua Portuguesa,1,0,0,264.0375,0,0
4305207,Cerro Largo,265.71,2021,Língua Portuguesa,0,0,0,286.55,0,0
4305306,Chapada,262.71,2021,Língua Portuguesa,0,0,0,270.98249999999996,0,0
4305355,Charqueadas,266.55,2021,Língua Portuguesa,0,0,0,261.0675,1,0
4305371,Charrua,269.5,2021,Língua Portuguesa,0,0,0,275.225,0,0
4305405,Chiapetta,264.64,2021,Língua Portuguesa,0,0,0,261.68,1,0
4305439,Chuí,273.82,2021,Língua Portuguesa,1,0,0,,0,0
4305447,Chuvisca,253.83,2021,Língua Portuguesa,1,0,0,260.015,1,0
4305454,Cidreira,262.76,2021,Língua Portuguesa,0,0,0,258.90999999999997,1,0
4305504,Ciríaco,270.03,2021,Língua Portuguesa,0,0,0,256.21250000000003,1,0
4305587,Colinas,287.01,2021,Língua Portuguesa,0,0,0,288.32,0,0
4305603,Colorado,269.88,2021,Língua Portuguesa,0,0,0,291.46000000000004,0,0
4305702,Condor,259.62,2021,Língua Portuguesa,0,0,0,268.6075,0,0
4305801,Constantina,270.78,2021,Língua Portuguesa,0,0,0,268.3375,0,0
4305835,Coqueiro Baixo,,2021,Língua Portuguesa,0,0,0,296.775,0,0
4305850,Coqueiros do Sul,,2021,Língua Portuguesa,0,0,0,235.36,1,0
4305871,Coronel Barros,282.23,2021,Língua Portuguesa,0,0,0,287.375,0,0
4305900,Coronel Bicaco,241.8,2021,Língua Portuguesa,0,0,0,251.2725,1,0
4305934,Coronel Pilar,,2021,Língua Portuguesa,0,0,0,274.95500000000004,0,0
4305959,Cotiporã,,2021,Língua Portuguesa,0,0,0,279.155,0,0
4305975,Coxilha,,2021,Língua Portuguesa,0,0,0,262.2375,0,0
4306007,Crissiumal,269.53,2021,Língua Portuguesa,0,0,0,277.26,0,0
4306056,Cristal,244.16,2021,Língua Portuguesa,0,0,0,262.325,0,0
4306072,Cristal do Sul,244.07,2021,Língua Portuguesa,0,0,0,239.67000000000002,1,0
4306106,Cruz Alta,253.42,2021,Língua Portuguesa,0,0,0,255.2525,1,0
4306130,Cruzaltense,292.08,2021,Língua Portuguesa,0,0,0,287.585,0,0
4306205,Cruzeiro do Sul,263.12,2021,Língua Portuguesa,1,0,0,264.855,0,0
4306304,David Canabarro,279.76,2021,Língua Portuguesa,0,0,0,268.75,0,0
4306320,Derrubadas,264.67,2021,Língua Portuguesa,0,0,0,286.65999999999997,0,0
4306353,Dezesseis de Novembro,,2021,Língua Portuguesa,0,0,0,257.25250000000005,1,0
4306379,Dilermando de Aguiar,258.34,2021,Língua Portuguesa,0,0,0,,0,0
4306403,Dois Irmãos,276.14,2021,Língua Portuguesa,1,0,0,281.48,0,0
4306429,Dois Irmãos das Missões,256.43,2021,Língua Portuguesa,0,0,0,,0,0
4306452,Dois Lajeados,,2021,Língua Portuguesa,0,0,0,296.695,0,0
4306502,Dom Feliciano,268.72,2021,Língua Portuguesa,1,0,0,267.5075,0,0
4306551,Dom Pedro de Alcântara,240.68,2021,Língua Portuguesa,0,0,0,269.84,0,0
4306601,Dom Pedrito,255.08,2021,Língua Portuguesa,0,0,0,249.8275,1,0
4306700,Dona Francisca,245.82,2021,Língua Portuguesa,1,0,0,274.475,0,0
4306734,Doutor Maurício Cardoso,,2021,Língua Portuguesa,0,0,0,261.805,0,0
4306759,Doutor Ricardo,235.8,2021,Língua Portuguesa,0,0,0,,0,0
4306767,Eldorado do Sul,258.12,2021,Língua Portuguesa,0,0,0,259.9975,1,0
4306809,Encantado,273.02,2021,Língua Portuguesa,0,0,0,280.855,0,0
4306908,Encruzilhada do Sul,248.85,2021,Língua Portuguesa,0,0,0,256.9325,1,0
4306924,Engenho Velho,,2021,Língua Portuguesa,0,0,0,227.77,1,0
4306932,Entre-Ijuís,,2021,Língua Portuguesa,0,0,0,262.28499999999997,0,0
4306957,Entre Rios do Sul,270.36,2021,Língua Portuguesa,0,0,0,291.59000000000003,0,0
4306973,Erebango,232.36,2021,Língua Portuguesa,0,0,0,266.5475,0,0
4307005,Erechim,270.89,2021,Língua Portuguesa,0,0,0,276.5175,0,0
4307054,Ernestina,,2021,Língua Portuguesa,0,0,0,262.69,0,0
4307104,Herval,252.26,2021,Língua Portuguesa,0,0,0,258.245,1,0
4307203,Erval Grande,,2021,Língua Portuguesa,0,0,0,262.9125,0,0
4307302,Erval Seco,,2021,Língua Portuguesa,0,0,0,271.1925,0,0
4307401,Esmeralda,242.58,2021,Língua Portuguesa,0,0,0,255.6775,1,0
4307450,Esperança do Sul,249.28,2021,Língua Portuguesa,0,0,0,249.405,1,0
4307500,Espumoso,253.43,2021,Língua Portuguesa,0,0,0,274.885,0,0
4307559,Estação,266.47,2021,Língua Portuguesa,0,0,0,269.89,0,0
4307609,Estância Velha,269.55,2021,Língua Portuguesa,1,0,0,271.89,0,0
4307708,Esteio,,2021,Língua Portuguesa,0,0,0,255.48250000000002,1,0
4307807,Estrela,259.74,2021,Língua Portuguesa,1,0,0,272.0675,0,0
4307815,Estrela Velha,269.16,2021,Língua Portuguesa,1,0,0,259.7125,1,0
4307831,Eugênio de Castro,,2021,Língua Portuguesa,0,0,0,275.15250000000003,0,0
4307864,Fagundes Varela,277.79,2021,Língua Portuguesa,0,0,0,262.72249999999997,0,0
4307906,Farroupilha,285.0,2021,Língua Portuguesa,0,0,0,289.96500000000003,0,0
4308003,Faxinal do Soturno,,2021,Língua Portuguesa,0,0,0,270.95,0,0
4308052,Faxinalzinho,,2021,Língua Portuguesa,0,0,0,238.07999999999998,1,0
4308078,Fazenda Vilanova,250.6,2021,Língua Portuguesa,0,0,0,266.7075,0,0
4308102,Feliz,279.03,2021,Língua Portuguesa,1,0,0,292.92,0,0
4308201,Flores da Cunha,283.49,2021,Língua Portuguesa,0,0,0,287.8225,0,0
4308250,Floriano Peixoto,,2021,Língua Portuguesa,0,0,0,289.125,0,0
4308300,Fontoura Xavier,245.99,2021,Língua Portuguesa,0,0,0,256.0175,1,0
4308409,Formigueiro,248.34,2021,Língua Portuguesa,0,0,0,247.4175,1,0
4308433,Forquetinha,292.62,2021,Língua Portuguesa,1,0,0,258.475,1,0
4308458,Fortaleza dos Valos,258.03,2021,Língua Portuguesa,0,0,0,260.8175,1,0
4308508,Frederico Westphalen,259.47,2021,Língua Portuguesa,0,0,0,281.63,0,0
4308607,Garibaldi,277.85,2021,Língua Portuguesa,0,0,0,277.8825,0,0
4308656,Garruchos,244.95,2021,Língua Portuguesa,0,0,0,263.995,0,0
4308706,Gaurama,264.18,2021,Língua Portuguesa,0,0,0,277.07,0,0
4308805,General Câmara,,2021,Língua Portuguesa,0,0,0,238.71249999999998,1,0
4308854,Gentil,278.19,2021,Língua Portuguesa,0,0,0,276.245,0,0
4308904,Getúlio Vargas,257.76,2021,Língua Portuguesa,0,0,0,269.7425,0,0
4309001,Giruá,272.27,2021,Língua Portuguesa,0,0,0,252.3975,1,0
4309050,Glorinha,258.39,2021,Língua Portuguesa,0,0,0,260.4,1,0
4309100,Gramado,267.73,2021,Língua Portuguesa,1,0,0,273.725,0,0
4309126,Gramado dos Loureiros,273.15,2021,Língua Portuguesa,0,0,0,287.33500000000004,0,0
4309159,Gramado Xavier,,2021,Língua Portuguesa,0,0,0,262.23,0,0
4309209,Gravataí,264.28,2021,Língua Portuguesa,0,0,0,258.17,1,0
4309258,Guabiju,,2021,Língua Portuguesa,0,0,0,295.995,0,0
4309308,Guaíba,260.35,2021,Língua Portuguesa,0,0,0,259.62,1,0
4309407,Guaporé,265.63,2021,Língua Portuguesa,0,0,0,270.3025,0,0
4309506,Guarani das Missões,267.06,2021,Língua Portuguesa,0,0,0,260.4675,1,0
4309555,Harmonia,293.76,2021,Língua Portuguesa,1,0,0,289.6925,0,0
4309571,Herveiras,288.03,2021,Língua Portuguesa,0,0,0,,0,0
4309605,Horizontina,275.64,2021,Língua Portuguesa,0,0,0,275.78999999999996,0,0
4309654,Hulha Negra,251.67,2021,Língua Portuguesa,0,0,0,243.965,1,0
4309704,Humaitá,259.54,2021,Língua Portuguesa,0,0,0,269.4625,0,0
4309753,Ibarama,259.41,2021,Língua Portuguesa,1,0,0,266.0775,0,0
4309803,Ibiaçá,258.17,2021,Língua Portuguesa,0,0,0,268.3,0,0
4309902,Ibiraiaras,258.05,2021,Língua Portuguesa,0,0,0,277.61,0,0
4309951,Ibirapuitã,278.23,2021,Língua Portuguesa,0,0,0,259.635,1,0
4310009,Ibirubá,270.33,2021,Língua Portuguesa,0,0,0,284.3225,0,0
4310108,Igrejinha,275.6,2021,Língua Portuguesa,1,0,0,280.45500000000004,0,0
4310207,Ijuí,276.72,2021,Língua Portuguesa,0,0,0,276.125,0,0
4310306,Ilópolis,268.18,2021,Língua Portuguesa,0,0,0,274.415,0,0
4310330,Imbé,264.65,2021,Língua Portuguesa,0,0,0,265.9125,0,0
4310363,Imigrante,297.35,2021,Língua Portuguesa,0,0,0,314.095,0,0
4310405,Independência,248.28,2021,Língua Portuguesa,0,0,0,270.01,0,0
4310413,Inhacorá,,2021,Língua Portuguesa,0,0,0,241.72,1,0
4310439,Ipê,274.58,2021,Língua Portuguesa,0,0,0,278.12,0,0
4310462,Ipiranga do Sul,256.87,2021,Língua Portuguesa,0,0,0,273.4625,0,0
4310504,Iraí,252.64,2021,Língua Portuguesa,0,0,0,278.305,0,0
4310538,Itaara,,2021,Língua Portuguesa,0,0,0,270.71500000000003,0,0
4310553,Itacurubi,265.56,2021,Língua Portuguesa,0,0,0,248.8,1,0
4310579,Itapuca,,2021,Língua Portuguesa,0,0,0,261.815,0,0
4310603,Itaqui,252.88,2021,Língua Portuguesa,0,0,0,250.2475,1,0
4310652,Itati,273.29,2021,Língua Portuguesa,0,0,0,277.8825,0,0
4310702,Itatiba do Sul,274.72,2021,Língua Portuguesa,0,0,0,281.985,0,0
4310751,Ivorá,,2021,Língua Portuguesa,0,0,0,257.36,1,0
4310801,Ivoti,290.47,2021,Língua Portuguesa,1,0,0,290.4175,0,0
4310850,Jaboticaba,245.45,2021,Língua Portuguesa,0,0,0,270.905,0,0
4310876,Jacuizinho,204.34,2021,Língua Portuguesa,0,0,0,230.04,1,0
4310900,Jacutinga,265.84,2021,Língua Portuguesa,0,0,0,288.6225,0,0
4311007,Jaguarão,257.51,2021,Língua Portuguesa,0,0,0,266.1075,0,0
4311106,Jaguari,269.97,2021,Língua Portuguesa,0,0,0,275.045,0,0
4311122,Jaquirana,225.74,2021,Língua Portuguesa,0,0,0,242.95,1,0
4311130,Jari,,2021,Língua Portuguesa,0,0,0,263.505,0,0
4311155,Jóia,262.22,2021,Língua Portuguesa,0,0,0,269.4425,0,0
4311205,Júlio de Castilhos,261.02,2021,Língua Portuguesa,0,0,0,262.755,0,0
4311239,Lagoa Bonita do Sul,239.82,2021,Língua Portuguesa,0,0,0,245.8575,1,0
4311254,Lagoão,274.29,2021,Língua Portuguesa,0,0,0,265.555,0,0
4311270,Lagoa dos Três Cantos,282.6,2021,Língua Portuguesa,0,0,0,278.515,0,0
4311304,Lagoa Vermelha,254.28,2021,Língua Portuguesa,0,0,0,258.63,1,0
4311403,Lajeado,267.27,2021,Língua Portuguesa,1,0,0,276.10249999999996,0,0
4311429,Lajeado do Bugre,259.79,2021,Língua Portuguesa,0,0,0,,0,0
4311502,Lavras do Sul,250.73,2021,Língua Portuguesa,0,0,0,254.60250000000002,1,0
4311601,Liberato Salzano,233.61,2021,Língua Portuguesa,0,0,0,265.94,0,0
4311627,Lindolfo Collor,268.3,2021,Língua Portuguesa,0,0,0,281.4275,0,0
4311643,Linha Nova,268.61,2021,Língua Portuguesa,1,0,0,286.825,0,0
4311700,Machadinho,270.09,2021,Língua Portuguesa,0,0,0,260.32,1,0
4311718,Maçambará,249.32,2021,Língua Portuguesa,0,0,0,232.3275,1,0
4311734,Mampituba,238.19,2021,Língua Portuguesa,0,0,0,271.475,0,0
4311759,Manoel Viana,243.44,2021,Língua Portuguesa,0,0,0,253.1625,1,0
4311775,Maquiné,,2021,Língua Portuguesa,0,0,0,261.61,1,0
4311791,Maratá,,2021,Língua Portuguesa,0,0,0,279.76,0,0
4311809,Marau,261.93,2021,Língua Portuguesa,0,0,0,265.78,0,0
4311908,Marcelino Ramos,244.75,2021,Língua Portuguesa,0,0,0,244.51999999999998,1,0
4311981,Mariana Pimentel,,2021,Língua Portuguesa,0,0,0,261.555,1,0
4312005,Mariano Moro,260.42,2021,Língua Portuguesa,0,0,0,237.0475,1,0
4312054,Marques de Souza,289.87,2021,Língua Portuguesa,0,0,0,283.3525,0,0
4312104,Mata,247.54,2021,Língua Portuguesa,0,0,0,262.84250000000003,0,0
4312138,Mato Castelhano,249.61,2021,Língua Portuguesa,0,0,0,232.94,1,0
4312153,Mato Leitão,249.27,2021,Língua Portuguesa,0,0,0,283.765,0,0
4312179,Mato Queimado,259.05,2021,Língua Portuguesa,0,0,0,284.9875,0,0
4312203,Maximiliano de Almeida,242.87,2021,Língua Portuguesa,0,0,0,264.61,0,0
4312252,Minas do Leão,257.68,2021,Língua Portuguesa,1,0,0,256.20500000000004,1,0
4312302,Miraguaí,243.12,2021,Língua Portuguesa,0,0,0,251.9525,1,0
4312351,Montauri,275.21,2021,Língua Portuguesa,0,0,0,300.265,0,0
4312377,Monte Alegre dos Campos,,2021,Língua Portuguesa,0,0,0,244.48250000000002,1,0
4312385,Monte Belo do Sul,,2021,Língua Portuguesa,0,0,0,282.6375,0,0
4312401,Montenegro,256.3,2021,Língua Portuguesa,1,0,0,261.1775,1,0
4312427,Mormaço,257.85,2021,Língua Portuguesa,0,0,0,259.805,1,0
4312443,Morrinhos do Sul,274.73,2021,Língua Portuguesa,0,0,0,286.285,0,0
4312450,Morro Redondo,273.78,2021,Língua Portuguesa,0,0,0,270.59000000000003,0,0
4312476,Morro Reuter,304.73,2021,Língua Portuguesa,1,0,0,287.4925,0,0
4312500,Mostardas,246.01,2021,Língua Portuguesa,0,0,0,251.8225,1,0
4312609,Muçum,,2021,Língua Portuguesa,0,0,0,268.775,0,0
4312617,Muitos Capões,,2021,Língua Portuguesa,0,0,0,260.4375,1,0
4312625,Muliterno,259.33,2021,Língua Portuguesa,0,0,0,261.045,1,0
4312658,Não-Me-Toque,262.35,2021,Língua Portuguesa,0,0,0,260.67,1,0
4312674,Nicolau Vergueiro,243.47,2021,Língua Portuguesa,0,0,0,246.98,1,0
4312708,Nonoai,261.83,2021,Língua Portuguesa,0,0,0,269.1175,0,0
4312757,Nova Alvorada,266.28,2021,Língua Portuguesa,0,0,0,281.76,0,0
4312807,Nova Araçá,,2021,Língua Portuguesa,0,0,0,274.5925,0,0
4312906,Nova Bassano,264.79,2021,Língua Portuguesa,0,0,0,266.2675,0,0
4312955,Nova Boa Vista,286.66,2021,Língua Portuguesa,0,0,0,276.22249999999997,0,0
4313003,Nova Bréscia,271.21,2021,Língua Portuguesa,0,0,0,269.0575,0,0
4313011,Nova Candelária,268.17,2021,Língua Portuguesa,0,0,0,284.65999999999997,0,0
4313037,Nova Esperança do Sul,261.63,2021,Língua Portuguesa,0,0,0,253.46,1,0
4313060,Nova Hartz,265.27,2021,Língua Portuguesa,1,0,0,269.175,0,0
4313086,Nova Pádua,269.95,2021,Língua Portuguesa,0,0,0,262.9375,0,0
4313102,Nova Palma,,2021,Língua Portuguesa,0,0,0,264.4275,0,0
4313201,Nova Petrópolis,278.82,2021,Língua Portuguesa,0,0,0,295.1225,0,0
4313300,Nova Prata,262.81,2021,Língua Portuguesa,0,0,0,272.12,0,0
4313334,Nova Ramada,259.13,2021,Língua Portuguesa,0,0,0,,0,0
4313359,Nova Roma do Sul,266.04,2021,Língua Portuguesa,0,0,0,282.83500000000004,0,0
4313375,Nova Santa Rita,,2021,Língua Portuguesa,0,0,0,263.56,0,0
4313391,Novo Cabrais,,2021,Língua Portuguesa,0,0,0,,0,0
4313409,Novo Hamburgo,255.61,2021,Língua Portuguesa,1,0,0,262.5975,0,0
4313425,Novo Machado,244.2,2021,Língua Portuguesa,0,0,0,273.24,0,0
4313441,Novo Tiradentes,248.16,2021,Língua Portuguesa,0,0,0,,0,0
4313466,Novo Xingu,231.72,2021,Língua Portuguesa,0,0,0,264.58000000000004,0,0
4313490,Novo Barreiro,,2021,Língua Portuguesa,0,0,0,245.58499999999998,1,0
4313508,Osório,265.5,2021,Língua Portuguesa,0,0,0,270.8225,0,0
4313607,Paim Filho,253.46,2021,Língua Portuguesa,0,0,0,254.39,1,0
4313656,Palmares do Sul,261.55,2021,Língua Portuguesa,0,0,0,248.7225,1,0
4313706,Palmeira das Missões,258.45,2021,Língua Portuguesa,0,0,0,256.305,1,0
4313805,Palmitinho,261.23,2021,Língua Portuguesa,0,0,0,269.9325,0,0
4313904,Panambi,271.0,2021,Língua Portuguesa,0,0,0,276.56,0,0
4313953,Pantano Grande,246.67,2021,Língua Portuguesa,0,0,0,246.0575,1,0
4314001,Paraí,258.53,2021,Língua Portuguesa,0,0,0,279.74,0,0
4314027,Paraíso do Sul,255.68,2021,Língua Portuguesa,1,0,0,270.52250000000004,0,0
4314035,Pareci Novo,277.47,2021,Língua Portuguesa,1,0,0,283.0425,0,0
4314050,Parobé,253.69,2021,Língua Portuguesa,1,0,0,267.53999999999996,0,0
4314068,Passa Sete,251.63,2021,Língua Portuguesa,0,0,0,273.87,0,0
4314076,Passo do Sobrado,,2021,Língua Portuguesa,0,0,0,267.4075,0,0
4314100,Passo Fundo,253.34,2021,Língua Portuguesa,0,0,0,257.48,1,0
4314134,Paulo Bento,276.12,2021,Língua Portuguesa,0,0,0,274.035,0,0
4314159,Paverama,256.25,2021,Língua Portuguesa,0,0,0,258.2,1,0
4314175,Pedras Altas,,2021,Língua Portuguesa,0,0,0,,0,0
4314209,Pedro Osório,228.45,2021,Língua Portuguesa,0,0,0,243.815,1,0
4314308,Pejuçara,270.3,2021,Língua Portuguesa,0,0,0,274.65250000000003,0,0
4314407,Pelotas,256.55,2021,Língua Portuguesa,1,0,0,264.845,0,0
4314423,Picada Café,279.08,2021,Língua Portuguesa,0,0,0,294.65999999999997,0,0
4314456,Pinhal,280.86,2021,Língua Portuguesa,0,0,0,269.0825,0,0
4314464,Pinhal da Serra,239.12,2021,Língua Portuguesa,0,0,0,271.9825,0,0
4314472,Pinhal Grande,241.14,2021,Língua Portuguesa,0,0,0,276.085,0,0
4314498,Pinheirinho do Vale,,2021,Língua Portuguesa,0,0,0,278.35,0,0
4314506,Pinheiro Machado,,2021,Língua Portuguesa,0,0,0,261.7125,1,0
4314548,Pinto Bandeira,260.6,2021,Língua Portuguesa,0,0,0,275.36,0,0
4314555,Pirapó,,2021,Língua Portuguesa,0,0,0,263.7625,0,0
4314605,Piratini,,2021,Língua Portuguesa,0,0,0,256.49,1,0
4314704,Planalto,255.65,2021,Língua Portuguesa,0,0,0,264.48,0,0
4314753,Poço das Antas,265.34,2021,Língua Portuguesa,1,0,0,276.18,0,0
4314779,Pontão,,2021,Língua Portuguesa,0,0,0,272.495,0,0
4314787,Ponte Preta,234.68,2021,Língua Portuguesa,0,0,0,269.605,0,0
4314803,Portão,270.96,2021,Língua Portuguesa,1,0,0,280.7,0,0
4314902,Porto Alegre,254.12,2021,Língua Portuguesa,1,0,0,253.5,1,0
4315008,Porto Lucena,284.29,2021,Língua Portuguesa,0,0,0,265.32,0,0
4315057,Porto Mauá,,2021,Língua Portuguesa,0,0,0,254.38,1,0
4315073,Porto Vera Cruz,,2021,Língua Portuguesa,0,0,0,263.54,0,0
4315107,Porto Xavier,268.7,2021,Língua Portuguesa,0,0,0,272.135,0,0
4315131,Pouso Novo,,2021,Língua Portuguesa,0,0,0,264.1375,0,0
4315149,Presidente Lucena,271.84,2021,Língua Portuguesa,1,0,0,286.67,0,0
4315156,Progresso,256.84,2021,Língua Portuguesa,0,0,0,247.5275,1,0
4315172,Protásio Alves,249.29,2021,Língua Portuguesa,0,0,0,264.3575,0,0
4315206,Putinga,,2021,Língua Portuguesa,0,0,0,246.4325,1,0
4315305,Quaraí,254.18,2021,Língua Portuguesa,0,0,0,267.21500000000003,0,0
4315313,Quatro Irmãos,,2021,Língua Portuguesa,0,0,0,261.11,1,0
4315321,Quevedos,,2021,Língua Portuguesa,0,0,0,253.7125,1,0
4315354,Quinze de Novembro,258.19,2021,Língua Portuguesa,0,0,0,275.4375,0,0
4315404,Redentora,233.31,2021,Língua Portuguesa,0,0,0,250.36,1,0
4315453,Relvado,285.74,2021,Língua Portuguesa,0,0,0,281.5,0,0
4315503,Restinga Sêca,254.13,2021,Língua Portuguesa,1,0,0,266.78249999999997,0,0
4315552,Rio dos Índios,261.86,2021,Língua Portuguesa,0,0,0,265.09000000000003,0,0
4315602,Rio Grande,259.45,2021,Língua Portuguesa,1,0,0,262.90749999999997,0,0
4315701,Rio Pardo,253.26,2021,Língua Portuguesa,0,0,0,261.53999999999996,1,0
4315750,Riozinho,271.38,2021,Língua Portuguesa,0,0,0,270.635,0,0
4315800,Roca Sales,259.51,2021,Língua Portuguesa,0,0,0,264.0675,0,0
4315909,Rodeio Bonito,271.96,2021,Língua Portuguesa,0,0,0,274.935,0,0
4315958,Rolador,247.73,2021,Língua Portuguesa,0,0,0,280.1225,0,0
4316006,Rolante,267.52,2021,Língua Portuguesa,0,0,0,268.5775,0,0
4316105,Ronda Alta,256.13,2021,Língua Portuguesa,0,0,0,264.77,0,0
4316204,Rondinha,265.11,2021,Língua Portuguesa,0,0,0,265.72249999999997,0,0
4316303,Roque Gonzales,290.71,2021,Língua Portuguesa,0,0,0,277.695,0,0
4316402,Rosário do Sul,249.53,2021,Língua Portuguesa,0,0,0,243.51999999999998,1,0
4316428,Sagrada Família,283.46,2021,Língua Portuguesa,0,0,0,267.9,0,0
4316436,Saldanha Marinho,277.33,2021,Língua Portuguesa,0,0,0,292.145,0,0
4316451,Salto do Jacuí,261.54,2021,Língua Portuguesa,0,0,0,263.0675,0,0
4316477,Salvador das Missões,252.73,2021,Língua Portuguesa,0,0,0,274.1075,0,0
4316501,Salvador do Sul,285.42,2021,Língua Portuguesa,1,0,0,295.6075,0,0
4316600,Sananduva,268.67,2021,Língua Portuguesa,0,0,0,278.63750000000005,0,0
4316709,Santa Bárbara do Sul,243.66,2021,Língua Portuguesa,0,0,0,249.405,1,0
4316733,Santa Cecília do Sul,,2021,Língua Portuguesa,0,0,0,245.10500000000002,1,0
4316758,Santa Clara do Sul,275.83,2021,Língua Portuguesa,0,0,0,284.4125,0,0
4316808,Santa Cruz do Sul,272.14,2021,Língua Portuguesa,0,0,0,277.06,0,0
4316907,Santa Maria,259.94,2021,Língua Portuguesa,0,0,0,270.0075,0,0
4316956,Santa Maria do Herval,284.98,2021,Língua Portuguesa,1,0,0,290.365,0,0
4316972,Santa Margarida do Sul,,2021,Língua Portuguesa,0,0,0,252.86,1,0
4317004,Santana da Boa Vista,251.23,2021,Língua Portuguesa,0,0,0,240.97,1,0
4317103,Sant'Ana do Livramento,254.08,2021,Língua Portuguesa,0,0,0,250.275,1,0
4317202,Santa Rosa,270.58,2021,Língua Portuguesa,0,0,0,270.305,0,0
4317251,Santa Tereza,289.97,2021,Língua Portuguesa,0,0,0,298.14,0,0
4317301,Santa Vitória do Palmar,,2021,Língua Portuguesa,1,0,0,239.61,1,0
4317400,Santiago,261.34,2021,Língua Portuguesa,0,0,0,263.0475,0,0
4317509,Santo Ângelo,257.24,2021,Língua Portuguesa,0,0,0,260.2575,1,0
4317558,Santo Antônio do Palma,256.42,2021,Língua Portuguesa,0,0,0,267.3575,0,0
4317608,Santo Antônio da Patrulha,272.03,2021,Língua Portuguesa,0,0,0,267.955,0,0
4317707,Santo Antônio das Missões,250.46,2021,Língua Portuguesa,0,0,0,259.145,1,0
4317756,Santo Antônio do Planalto,265.83,2021,Língua Portuguesa,0,0,0,269.45000000000005,0,0
4317806,Santo Augusto,264.33,2021,Língua Portuguesa,0,0,0,262.945,0,0
4317905,Santo Cristo,260.3,2021,Língua Portuguesa,0,0,0,280.7475,0,0
4317954,Santo Expedito do Sul,258.78,2021,Língua Portuguesa,0,0,0,273.025,0,0
4318002,São Borja,241.17,2021,Língua Portuguesa,0,0,0,247.0775,1,0
4318051,São Domingos do Sul,281.75,2021,Língua Portuguesa,0,0,0,281.8975,0,0
4318101,São Francisco de Assis,244.68,2021,Língua Portuguesa,0,0,0,235.9175,1,0
4318200,São Francisco de Paula,254.31,2021,Língua Portuguesa,0,0,0,250.665,1,0
4318309,São Gabriel,250.43,2021,Língua Portuguesa,0,0,0,246.1925,1,0
4318408,São Jerônimo,253.77,2021,Língua Portuguesa,0,0,0,256.955,1,0
4318424,São João da Urtiga,264.84,2021,Língua Portuguesa,0,0,0,270.5125,0,0
4318432,São João do Polêsine,,2021,Língua Portuguesa,0,0,0,286.72,0,0
4318440,São Jorge,252.27,2021,Língua Portuguesa,0,0,0,261.30499999999995,1,0
4318457,São José das Missões,,2021,Língua Portuguesa,0,0,0,269.15500000000003,0,0
4318465,São José do Herval,,2021,Língua Portuguesa,0,0,0,275.05,0,0
4318481,São José do Hortêncio,282.29,2021,Língua Portuguesa,1,0,0,288.51750000000004,0,0
4318499,São José do Inhacorá,250.89,2021,Língua Portuguesa,0,0,0,,0,0
4318507,São José do Norte,262.69,2021,Língua Portuguesa,1,0,0,259.2975,1,0
4318606,São José do Ouro,260.99,2021,Língua Portuguesa,0,0,0,274.76,0,0
4318614,São José do Sul,217.13,2021,Língua Portuguesa,1,0,0,272.265,0,0
4318622,São José dos Ausentes,,2021,Língua Portuguesa,0,0,0,251.92000000000002,1,0
4318705,São Leopoldo,262.43,2021,Língua Portuguesa,1,0,0,262.5125,0,0
4318804,São Lourenço do Sul,273.69,2021,Língua Portuguesa,1,0,0,278.795,0,0
4318903,São Luiz Gonzaga,259.05,2021,Língua Portuguesa,0,0,0,261.3875,1,0
4319000,São Marcos,278.22,2021,Língua Portuguesa,0,0,0,293.1125,0,0
4319109,São Martinho,284.5,2021,Língua Portuguesa,0,0,0,277.43,0,0
4319125,São Martinho da Serra,235.22,2021,Língua Portuguesa,0,0,0,,0,0
4319158,São Miguel das Missões,281.88,2021,Língua Portuguesa,0,0,0,269.61,0,0
4319208,São Nicolau,250.36,2021,Língua Portuguesa,0,0,0,254.625,1,0
4319307,São Paulo das Missões,277.76,2021,Língua Portuguesa,0,0,0,284.695,0,0
4319356,São Pedro da Serra,267.67,2021,Língua Portuguesa,1,0,0,273.54999999999995,0,0
4319364,São Pedro das Missões,,2021,Língua Portuguesa,0,0,0,,0,0
4319372,São Pedro do Butiá,266.62,2021,Língua Portuguesa,0,0,0,291.7675,0,0
4319406,São Pedro do Sul,257.21,2021,Língua Portuguesa,0,0,0,264.2025,0,0
4319505,São Sebastião do Caí,266.37,2021,Língua Portuguesa,0,0,0,263.9225,0,0
4319604,São Sepé,245.21,2021,Língua Portuguesa,0,0,0,255.82750000000001,1,0
4319703,São Valentim,288.84,2021,Língua Portuguesa,0,0,0,269.0475,0,0
4319711,São Valentim do Sul,282.15,2021,Língua Portuguesa,0,0,0,290.6475,0,0
4319737,São Valério do Sul,222.89,2021,Língua Portuguesa,0,0,0,245.83499999999998,1,0
4319752,São Vendelino,269.59,2021,Língua Portuguesa,1,0,0,290.555,0,0
4319802,São Vicente do Sul,246.91,2021,Língua Portuguesa,0,0,0,262.9875,0,0
4319901,Sapiranga,271.1,2021,Língua Portuguesa,1,0,0,277.77250000000004,0,0
4320008,Sapucaia do Sul,262.54,2021,Língua Portuguesa,0,0,0,268.925,0,0
4320107,Sarandi,259.73,2021,Língua Portuguesa,0,0,0,265.0,0,0
4320206,Seberi,268.75,2021,Língua Portuguesa,0,0,0,278.505,0,0
4320230,Sede Nova,249.57,2021,Língua Portuguesa,0,0,0,276.6425,0,0
4320263,Segredo,,2021,Língua Portuguesa,1,0,0,270.01,0,0
4320305,Selbach,,2021,Língua Portuguesa,0,0,0,287.625,0,0
4320321,Senador Salgado Filho,253.91,2021,Língua Portuguesa,0,0,0,268.28499999999997,0,0
4320354,Sentinela do Sul,,2021,Língua Portuguesa,1,0,0,229.37,1,0
4320404,Serafina Corrêa,273.69,2021,Língua Portuguesa,0,0,0,279.6825,0,0
4320453,Sério,257.79,2021,Língua Portuguesa,0,0,0,260.0575,1,0
4320503,Sertão,247.51,2021,Língua Portuguesa,0,0,0,260.6175,1,0
4320552,Sertão Santana,252.05,2021,Língua Portuguesa,1,0,0,267.15999999999997,0,0
4320578,Sete de Setembro,235.38,2021,Língua Portuguesa,0,0,0,278.165,0,0
4320602,Severiano de Almeida,266.29,2021,Língua Portuguesa,0,0,0,292.7975,0,0
4320651,Silveira Martins,,2021,Língua Portuguesa,0,0,0,283.24,0,0
4320677,Sinimbu,255.66,2021,Língua Portuguesa,0,0,0,275.19,0,0
4320701,Sobradinho,257.6,2021,Língua Portuguesa,0,0,0,265.2925,0,0
4320800,Soledade,260.6,2021,Língua Portuguesa,0,0,0,256.075,1,0
4320859,Tabaí,,2021,Língua Portuguesa,0,0,0,274.5875,0,0
4320909,Tapejara,265.37,2021,Língua Portuguesa,0,0,0,267.5675,0,0
4321006,Tapera,268.33,2021,Língua Portuguesa,0,0,0,264.74,0,0
4321105,Tapes,252.91,2021,Língua Portuguesa,0,0,0,259.66499999999996,1,0
4321204,Taquara,267.44,2021,Língua Portuguesa,1,0,0,254.595,1,0
4321303,Taquari,266.41,2021,Língua Portuguesa,1,0,0,258.84,1,0
4321329,Taquaruçu do Sul,284.04,2021,Língua Portuguesa,0,0,0,285.52,0,0
4321352,Tavares,240.71,2021,Língua Portuguesa,0,0,0,250.535,1,0
4321402,Tenente Portela,256.06,2021,Língua Portuguesa,0,0,0,253.49,1,0
4321436,Terra de Areia,264.38,2021,Língua Portuguesa,0,0,0,282.2875,0,0
4321451,Teutônia,281.68,2021,Língua Portuguesa,0,0,0,284.005,0,0
4321469,Tio Hugo,264.2,2021,Língua Portuguesa,0,0,0,272.2075,0,0
4321477,Tiradentes do Sul,283.82,2021,Língua Portuguesa,0,0,0,283.9075,0,0
4321493,Toropi,267.54,2021,Língua Portuguesa,0,0,0,242.08749999999998,1,0
4321501,Torres,268.11,2021,Língua Portuguesa,0,0,0,265.0675,0,0
4321600,Tramandaí,272.07,2021,Língua Portuguesa,0,0,0,271.6275,0,0
4321626,Travesseiro,282.22,2021,Língua Portuguesa,0,0,0,275.8225,0,0
4321634,Três Arroios,277.39,2021,Língua Portuguesa,0,0,0,293.435,0,0
4321667,Três Cachoeiras,261.21,2021,Língua Portuguesa,0,0,0,274.79,0,0
4321709,Três Coroas,274.37,2021,Língua Portuguesa,0,0,0,281.4075,0,0
4321808,Três de Maio,260.79,2021,Língua Portuguesa,0,0,0,264.6975,0,0
4321832,Três Forquilhas,,2021,Língua Portuguesa,0,0,0,263.8075,0,0
4321857,Três Palmeiras,262.19,2021,Língua Portuguesa,0,0,0,265.375,0,0
4321907,Três Passos,239.68,2021,Língua Portuguesa,0,0,0,276.645,0,0
4321956,Trindade do Sul,273.7,2021,Língua Portuguesa,0,0,0,267.1225,0,0
4322004,Triunfo,249.5,2021,Língua Portuguesa,0,0,0,248.135,1,0
4322103,Tucunduva,277.86,2021,Língua Portuguesa,0,0,0,279.47749999999996,0,0
4322152,Tunas,233.06,2021,Língua Portuguesa,0,0,0,260.325,1,0
4322186,Tupanci do Sul,,2021,Língua Portuguesa,0,0,0,294.8675,0,0
4322202,Tupanciretã,261.2,2021,Língua Portuguesa,0,0,0,261.90250000000003,0,0
4322251,Tupandi,278.68,2021,Língua Portuguesa,1,0,0,297.295,0,0
4322301,Tuparendi,276.14,2021,Língua Portuguesa,0,0,0,265.695,0,0
4322327,Turuçu,,2021,Língua Portuguesa,1,0,0,283.5375,0,0
4322343,Ubiretama,241.07,2021,Língua Portuguesa,0,0,0,256.1475,1,0
4322350,União da Serra,,2021,Língua Portuguesa,0,0,0,267.9825,0,0
4322376,Unistalda,,2021,Língua Portuguesa,0,0,0,285.225,0,0
4322400,Uruguaiana,254.93,2021,Língua Portuguesa,0,0,0,246.65,1,0
4322509,Vacaria,254.84,2021,Língua Portuguesa,0,0,0,264.72249999999997,0,0
4322525,Vale Verde,,2021,Língua Portuguesa,0,0,0,270.515,0,0
4322533,Vale do Sol,255.59,2021,Língua Portuguesa,0,0,0,270.97749999999996,0,0
4322541,Vale Real,263.85,2021,Língua Portuguesa,0,0,0,290.5575,0,0
4322558,Vanini,,2021,Língua Portuguesa,0,0,0,293.3175,0,0
4322608,Venâncio Aires,268.83,2021,Língua Portuguesa,0,0,0,269.6225,0,0
4322707,Vera Cruz,264.23,2021,Língua Portuguesa,0,0,0,267.53,0,0
4322806,Veranópolis,274.05,2021,Língua Portuguesa,0,0,0,275.505,0,0
4322855,Vespasiano Corrêa,260.86,2021,Língua Portuguesa,1,0,0,279.6375,0,0
4322905,Viadutos,280.94,2021,Língua Portuguesa,0,0,0,283.3825,0,0
4323002,Viamão,252.7,2021,Língua Portuguesa,0,0,0,248.1,1,0
4323101,Vicente Dutra,236.54,2021,Língua Portuguesa,0,0,0,240.8075,1,0
4323200,Victor Graeff,254.93,2021,Língua Portuguesa,0,0,0,273.8225,0,0
4323309,Vila Flores,,2021,Língua Portuguesa,0,0,0,284.625,0,0
4323358,Vila Lângaro,,2021,Língua Portuguesa,0,0,0,279.46,0,0
4323408,Vila Maria,243.17,2021,Língua Portuguesa,0,0,0,263.60749999999996,0,0
4323457,Vila Nova do Sul,248.98,2021,Língua Portuguesa,0,0,0,244.41,1,0
4323507,Vista Alegre,,2021,Língua Portuguesa,0,0,0,278.615,0,0
4323606,Vista Alegre do Prata,278.56,2021,Língua Portuguesa,0,0,0,271.9225,0,0
4323705,Vista Gaúcha,255.86,2021,Língua Portuguesa,0,0,0,264.475,0,0
4323754,Vitória das Missões,273.82,2021,Língua Portuguesa,0,0,0,271.16,0,0
4323770,Westfália,259.89,2021,Língua Portuguesa,0,0,0,283.4925,0,0
4323804,Xangri-lá,255.03,2021,Língua Portuguesa,0,0,0,265.4425,0,0
4300034,Aceguá,249.86,2023,Matemática,0,0,0,258.8025,1,0
4300059,Água Santa,265.77,2023,Matemática,0,0,0,273.90999999999997,0,0
4300109,Agudo,259.73,2023,Matemática,1,0,0,283.125,0,0
4300208,Ajuricaba,265.83,2023,Matemática,0,0,0,282.4875,0,0
4300307,Alecrim,260.82,2023,Matemática,0,0,0,270.22,0,0
4300406,Alegrete,248.81,2023,Matemática,0,0,0,255.27499999999998,1,0
4300455,Alegria,269.75,2023,Matemática,0,0,0,248.785,1,0
4300471,Almirante Tamandaré do Sul,264.88,2023,Matemática,0,0,0,263.03499999999997,0,0
4300505,Alpestre,274.29,2023,Matemática,0,0,0,253.365,1,0
4300554,Alto Alegre,258.66,2023,Matemática,0,0,0,268.0275,0,0
4300570,Alto Feliz,266.16,2023,Matemática,1,0,0,272.85,0,0
4300604,Alvorada,236.18,2023,Matemática,0,0,0,249.875,1,0
4300638,Amaral Ferrador,254.32,2023,Matemática,0,0,0,243.3175,1,0
4300646,Ametista do Sul,260.87,2023,Matemática,0,0,0,260.3375,1,0
4300661,André da Rocha,,2023,Matemática,0,0,0,,0,0
4300703,Anta Gorda,286.27,2023,Matemática,0,0,0,275.6625,0,0
4300802,Antônio Prado,273.37,2023,Matemática,0,0,0,278.4175,0,0
4300851,Arambaré,248.59,2023,Matemática,0,0,0,261.385,1,0
4300877,Araricá,256.03,2023,Matemática,1,0,0,267.5125,0,0
4300901,Aratiba,280.46,2023,Matemática,0,0,0,272.885,0,0
4301008,Arroio do Meio,279.05,2023,Matemática,0,0,0,278.38,0,0
4301057,Arroio do Sal,256.33,2023,Matemática,0,0,0,259.7175,1,0
4301073,Arroio do Padre,,2023,Matemática,0,0,0,276.6875,0,0
4301107,Arroio dos Ratos,244.28,2023,Matemática,0,0,0,258.9475,1,0
4301206,Arroio do Tigre,251.09,2023,Matemática,1,0,0,273.1425,0,0
4301305,Arroio Grande,232.3,2023,Matemática,1,0,0,252.03,1,0
4301404,Arvorezinha,264.55,2023,Matemática,0,0,0,254.0325,1,0
4301503,Augusto Pestana,282.22,2023,Matemática,0,0,0,287.62,0,0
4301552,Áurea,278.58,2023,Matemática,0,0,0,287.3,0,0
4301602,Bagé,253.99,2023,Matemática,0,0,0,259.52750000000003,1,0
4301636,Balneário Pinhal,249.26,2023,Matemática,0,0,0,248.6575,1,0
4301651,Barão,274.21,2023,Matemática,1,0,0,286.47749999999996,0,0
4301701,Barão de Cotegipe,258.56,2023,Matemática,0,0,0,261.39,1,0
4301750,Barão do Triunfo,269.69,2023,Matemática,0,0,0,247.54500000000002,1,0
4301800,Barracão,278.52,2023,Matemática,0,0,0,260.42,1,0
4301859,Barra do Guarita,,2023,Matemática,0,0,0,245.8625,1,0
4301875,Barra do Quaraí,233.99,2023,Matemática,0,0,0,246.0125,1,0
4301909,Barra do Ribeiro,227.34,2023,Matemática,0,0,0,248.1525,1,0
4301925,Barra do Rio Azul,,2023,Matemática,0,0,0,291.45500000000004,0,0
4301958,Barra Funda,276.81,2023,Matemática,0,0,0,280.58500000000004,0,0
4302006,Barros Cassal,242.35,2023,Matemática,0,0,0,242.02249999999998,1,0
4302055,Benjamin Constant do Sul,249.33,2023,Matemática,0,0,0,250.905,1,0
4302105,Bento Gonçalves,274.86,2023,Matemática,0,0,0,278.49,0,0
4302154,Boa Vista das Missões,273.77,2023,Matemática,0,0,0,272.745,0,0
4302204,Boa Vista do Buricá,279.93,2023,Matemática,0,0,0,283.9475,0,0
4302220,Boa Vista do Cadeado,269.0,2023,Matemática,0,0,0,232.07,1,0
4302238,Boa Vista do Incra,,2023,Matemática,0,0,0,263.09000000000003,0,0
4302253,Boa Vista do Sul,274.71,2023,Matemática,0,0,0,276.225,0,0
4302303,Bom Jesus,267.67,2023,Matemática,0,0,0,262.40999999999997,0,0
4302352,Bom Princípio,275.02,2023,Matemática,1,0,0,294.6,0,0
4302378,Bom Progresso,,2023,Matemática,0,0,0,272.47,0,0
4302402,Bom Retiro do Sul,269.04,2023,Matemática,1,0,0,279.4075,0,0
4302451,Boqueirão do Leão,230.6,2023,Matemática,0,0,0,260.3675,1,0
4302501,Bossoroca,245.88,2023,Matemática,0,0,0,250.0275,1,0
4302584,Bozano,297.32,2023,Matemática,0,0,0,283.14,0,0
4302600,Braga,242.7,2023,Matemática,0,0,0,266.14,0,0
4302659,Brochier,307.21,2023,Matemática,1,0,0,317.675,0,0
4302709,Butiá,242.75,2023,Matemática,1,0,0,227.42000000000002,1,0
4302808,Caçapava do Sul,254.31,2023,Matemática,0,0,0,254.54250000000002,1,0
4302907,Cacequi,226.78,2023,Matemática,0,0,0,243.95499999999998,1,0
4303004,Cachoeira do Sul,255.55,2023,Matemática,1,0,0,259.44,1,0
4303103,Cachoeirinha,246.45,2023,Matemática,0,0,0,254.6925,1,0
4303202,Cacique Doble,260.29,2023,Matemática,0,0,0,268.835,0,0
4303301,Caibaté,259.51,2023,Matemática,0,0,0,253.8675,1,0
4303400,Caiçara,250.98,2023,Matemática,0,0,0,263.9725,0,0
4303509,Camaquã,259.25,2023,Matemática,1,0,0,257.87,1,0
4303558,Camargo,262.47,2023,Matemática,0,0,0,277.94500000000005,0,0
4303608,Cambará do Sul,241.79,2023,Matemática,0,0,0,253.89499999999998,1,0
4303673,Campestre da Serra,249.25,2023,Matemática,0,0,0,280.15999999999997,0,0
4303707,Campina das Missões,292.7,2023,Matemática,0,0,0,276.8675,0,0
4303806,Campinas do Sul,261.27,2023,Matemática,0,0,0,287.3275,0,0
4303905,Campo Bom,275.18,2023,Matemática,1,0,0,277.98,0,0
4304002,Campo Novo,240.09,2023,Matemática,0,0,0,250.65,1,0
4304101,Campos Borges,252.09,2023,Matemática,0,0,0,248.02749999999997,1,0
4304200,Candelária,259.34,2023,Matemática,0,0,0,257.2225,1,0
4304309,Cândido Godói,292.69,2023,Matemática,0,0,0,277.0475,0,0
4304358,Candiota,223.96,2023,Matemática,0,0,0,256.425,1,0
4304408,Canela,252.38,2023,Matemática,0,0,0,265.1925,0,0
4304507,Canguçu,280.03,2023,Matemática,0,0,0,286.52250000000004,0,0
4304606,Canoas,254.37,2023,Matemática,1,0,0,262.84000000000003,0,0
4304614,Canudos do Vale,256.63,2023,Matemática,0,0,0,261.0825,1,0
4304622,Capão Bonito do Sul,239.1,2023,Matemática,0,0,0,252.98250000000002,1,0
4304630,Capão da Canoa,251.39,2023,Matemática,0,0,0,264.2625,0,0
4304655,Capão do Cipó,261.0,2023,Matemática,0,0,0,260.1325,1,0
4304663,Capão do Leão,238.49,2023,Matemática,1,0,0,257.65,1,0
4304671,Capivari do Sul,282.86,2023,Matemática,0,0,0,265.8975,0,0
4304689,Capela de Santana,244.39,2023,Matemática,1,0,0,260.0325,1,0
4304697,Capitão,291.6,2023,Matemática,0,0,0,275.08000000000004,0,0
4304705,Carazinho,258.02,2023,Matemática,0,0,0,258.59749999999997,1,0
4304713,Caraá,254.2,2023,Matemática,0,0,0,223.9,1,0
4304804,Carlos Barbosa,283.58,2023,Matemática,0,0,0,285.27,0,0
4304903,Casca,266.61,2023,Matemática,0,0,0,270.7,0,0
4304952,Caseiros,265.52,2023,Matemática,0,0,0,258.97,1,0
4305009,Catuípe,281.1,2023,Matemática,0,0,0,271.6225,0,0
4305108,Caxias do Sul,258.42,2023,Matemática,1,0,0,268.43,0,0
4305116,Centenário,283.86,2023,Matemática,0,0,0,286.9775,0,0
4305124,Cerrito,239.39,2023,Matemática,0,0,0,267.835,0,0
4305132,Cerro Branco,269.34,2023,Matemática,0,0,0,271.105,0,0
4305157,Cerro Grande,255.56,2023,Matemática,0,0,0,279.815,0,0
4305173,Cerro Grande do Sul,251.85,2023,Matemática,1,0,0,264.0375,0,0
4305207,Cerro Largo,276.21,2023,Matemática,0,0,0,286.55,0,0
4305306,Chapada,271.94,2023,Matemática,0,0,0,270.98249999999996,0,0
4305355,Charqueadas,268.79,2023,Matemática,0,0,0,261.0675,1,0
4305371,Charrua,,2023,Matemática,0,0,0,275.225,0,0
4305405,Chiapetta,,2023,Matemática,0,0,0,261.68,1,0
4305439,Chuí,246.24,2023,Matemática,1,0,0,,0,0
4305447,Chuvisca,289.52,2023,Matemática,1,0,0,260.015,1,0
4305454,Cidreira,237.99,2023,Matemática,0,0,0,258.90999999999997,1,0
4305504,Ciríaco,264.95,2023,Matemática,0,0,0,256.21250000000003,1,0
4305587,Colinas,269.43,2023,Matemática,0,0,0,288.32,0,0
4305603,Colorado,301.1,2023,Matemática,0,0,0,291.46000000000004,0,0
4305702,Condor,277.02,2023,Matemática,0,0,0,268.6075,0,0
4305801,Constantina,270.57,2023,Matemática,0,0,0,268.3375,0,0
4305835,Coqueiro Baixo,269.11,2023,Matemática,0,0,0,296.775,0,0
4305850,Coqueiros do Sul,,2023,Matemática,0,0,0,235.36,1,0
4305871,Coronel Barros,282.72,2023,Matemática,0,0,0,287.375,0,0
4305900,Coronel Bicaco,247.94,2023,Matemática,0,0,0,251.2725,1,0
4305934,Coronel Pilar,294.66,2023,Matemática,0,0,0,274.95500000000004,0,0
4305959,Cotiporã,288.1,2023,Matemática,0,0,0,279.155,0,0
4305975,Coxilha,263.02,2023,Matemática,0,0,0,262.2375,0,0
4306007,Crissiumal,281.45,2023,Matemática,0,0,0,277.26,0,0
4306056,Cristal,236.46,2023,Matemática,0,0,0,262.325,0,0
4306072,Cristal do Sul,249.01,2023,Matemática,0,0,0,239.67000000000002,1,0
4306106,Cruz Alta,242.18,2023,Matemática,0,0,0,255.2525,1,0
4306130,Cruzaltense,278.41,2023,Matemática,0,0,0,287.585,0,0
4306205,Cruzeiro do Sul,266.21,2023,Matemática,1,0,0,264.855,0,0
4306304,David Canabarro,279.08,2023,Matemática,0,0,0,268.75,0,0
4306320,Derrubadas,270.22,2023,Matemática,0,0,0,286.65999999999997,0,0
4306353,Dezesseis de Novembro,,2023,Matemática,0,0,0,257.25250000000005,1,0
4306379,Dilermando de Aguiar,227.76,2023,Matemática,0,0,0,,0,0
4306403,Dois Irmãos,288.41,2023,Matemática,1,0,0,281.48,0,0
4306429,Dois Irmãos das Missões,244.48,2023,Matemática,0,0,0,,0,0
4306452,Dois Lajeados,290.87,2023,Matemática,0,0,0,296.695,0,0
4306502,Dom Feliciano,264.18,2023,Matemática,1,0,0,267.5075,0,0
4306551,Dom Pedro de Alcântara,289.45,2023,Matemática,0,0,0,269.84,0,0
4306601,Dom Pedrito,241.49,2023,Matemática,0,0,0,249.8275,1,0
4306700,Dona Francisca,244.99,2023,Matemática,1,0,0,274.475,0,0
4306734,Doutor Maurício Cardoso,275.13,2023,Matemática,0,0,0,261.805,0,0
4306759,Doutor Ricardo,289.36,2023,Matemática,0,0,0,,0,0
4306767,Eldorado do Sul,242.55,2023,Matemática,0,0,0,259.9975,1,0
4306809,Encantado,274.58,2023,Matemática,0,0,0,280.855,0,0
4306908,Encruzilhada do Sul,251.37,2023,Matemática,0,0,0,256.9325,1,0
4306924,Engenho Velho,,2023,Matemática,0,0,0,227.77,1,0
4306932,Entre-Ijuís,248.8,2023,Matemática,0,0,0,262.28499999999997,0,0
4306957,Entre Rios do Sul,264.34,2023,Matemática,0,0,0,291.59000000000003,0,0
4306973,Erebango,235.75,2023,Matemática,0,0,0,266.5475,0,0
4307005,Erechim,268.96,2023,Matemática,0,0,0,276.5175,0,0
4307054,Ernestina,253.57,2023,Matemática,0,0,0,262.69,0,0
4307104,Herval,246.26,2023,Matemática,0,0,0,258.245,1,0
4307203,Erval Grande,252.53,2023,Matemática,0,0,0,262.9125,0,0
4307302,Erval Seco,264.04,2023,Matemática,0,0,0,271.1925,0,0
4307401,Esmeralda,254.03,2023,Matemática,0,0,0,255.6775,1,0
4307450,Esperança do Sul,290.72,2023,Matemática,0,0,0,249.405,1,0
4307500,Espumoso,272.41,2023,Matemática,0,0,0,274.885,0,0
4307559,Estação,270.8,2023,Matemática,0,0,0,269.89,0,0
4307609,Estância Velha,267.85,2023,Matemática,1,0,0,271.89,0,0
4307708,Esteio,259.37,2023,Matemática,0,0,0,255.48250000000002,1,0
4307807,Estrela,256.74,2023,Matemática,1,0,0,272.0675,0,0
4307815,Estrela Velha,240.49,2023,Matemática,1,0,0,259.7125,1,0
4307831,Eugênio de Castro,240.43,2023,Matemática,0,0,0,275.15250000000003,0,0
4307864,Fagundes Varela,298.23,2023,Matemática,0,0,0,262.72249999999997,0,0
4307906,Farroupilha,283.89,2023,Matemática,0,0,0,289.96500000000003,0,0
4308003,Faxinal do Soturno,259.14,2023,Matemática,0,0,0,270.95,0,0
4308052,Faxinalzinho,,2023,Matemática,0,0,0,238.07999999999998,1,0
4308078,Fazenda Vilanova,251.6,2023,Matemática,0,0,0,266.7075,0,0
4308102,Feliz,282.98,2023,Matemática,1,0,0,292.92,0,0
4308201,Flores da Cunha,280.1,2023,Matemática,0,0,0,287.8225,0,0
4308250,Floriano Peixoto,271.16,2023,Matemática,0,0,0,289.125,0,0
4308300,Fontoura Xavier,244.84,2023,Matemática,0,0,0,256.0175,1,0
4308409,Formigueiro,238.03,2023,Matemática,0,0,0,247.4175,1,0
4308433,Forquetinha,268.64,2023,Matemática,1,0,0,258.475,1,0
4308458,Fortaleza dos Valos,276.71,2023,Matemática,0,0,0,260.8175,1,0
4308508,Frederico Westphalen,280.99,2023,Matemática,0,0,0,281.63,0,0
4308607,Garibaldi,264.16,2023,Matemática,0,0,0,277.8825,0,0
4308656,Garruchos,266.69,2023,Matemática,0,0,0,263.995,0,0
4308706,Gaurama,286.45,2023,Matemática,0,0,0,277.07,0,0
4308805,General Câmara,240.41,2023,Matemática,0,0,0,238.71249999999998,1,0
4308854,Gentil,295.09,2023,Matemática,0,0,0,276.245,0,0
4308904,Getúlio Vargas,269.3,2023,Matemática,0,0,0,269.7425,0,0
4309001,Giruá,246.93,2023,Matemática,0,0,0,252.3975,1,0
4309050,Glorinha,277.41,2023,Matemática,0,0,0,260.4,1,0
4309100,Gramado,272.37,2023,Matemática,1,0,0,273.725,0,0
4309126,Gramado dos Loureiros,,2023,Matemática,0,0,0,287.33500000000004,0,0
4309159,Gramado Xavier,247.02,2023,Matemática,0,0,0,262.23,0,0
4309209,Gravataí,248.05,2023,Matemática,0,0,0,258.17,1,0
4309258,Guabiju,276.24,2023,Matemática,0,0,0,295.995,0,0
4309308,Guaíba,251.27,2023,Matemática,0,0,0,259.62,1,0
4309407,Guaporé,263.09,2023,Matemática,0,0,0,270.3025,0,0
4309506,Guarani das Missões,268.66,2023,Matemática,0,0,0,260.4675,1,0
4309555,Harmonia,291.44,2023,Matemática,1,0,0,289.6925,0,0
4309571,Herveiras,254.54,2023,Matemática,0,0,0,,0,0
4309605,Horizontina,273.92,2023,Matemática,0,0,0,275.78999999999996,0,0
4309654,Hulha Negra,245.98,2023,Matemática,0,0,0,243.965,1,0
4309704,Humaitá,275.46,2023,Matemática,0,0,0,269.4625,0,0
4309753,Ibarama,257.77,2023,Matemática,1,0,0,266.0775,0,0
4309803,Ibiaçá,273.44,2023,Matemática,0,0,0,268.3,0,0
4309902,Ibiraiaras,265.96,2023,Matemática,0,0,0,277.61,0,0
4309951,Ibirapuitã,237.11,2023,Matemática,0,0,0,259.635,1,0
4310009,Ibirubá,280.51,2023,Matemática,0,0,0,284.3225,0,0
4310108,Igrejinha,273.05,2023,Matemática,1,0,0,280.45500000000004,0,0
4310207,Ijuí,272.34,2023,Matemática,0,0,0,276.125,0,0
4310306,Ilópolis,273.19,2023,Matemática,0,0,0,274.415,0,0
4310330,Imbé,258.69,2023,Matemática,0,0,0,265.9125,0,0
4310363,Imigrante,294.92,2023,Matemática,0,0,0,314.095,0,0
4310405,Independência,255.76,2023,Matemática,0,0,0,270.01,0,0
4310413,Inhacorá,245.45,2023,Matemática,0,0,0,241.72,1,0
4310439,Ipê,283.46,2023,Matemática,0,0,0,278.12,0,0
4310462,Ipiranga do Sul,297.94,2023,Matemática,0,0,0,273.4625,0,0
4310504,Iraí,259.9,2023,Matemática,0,0,0,278.305,0,0
4310538,Itaara,245.12,2023,Matemática,0,0,0,270.71500000000003,0,0
4310553,Itacurubi,247.38,2023,Matemática,0,0,0,248.8,1,0
4310579,Itapuca,269.81,2023,Matemática,0,0,0,261.815,0,0
4310603,Itaqui,244.23,2023,Matemática,0,0,0,250.2475,1,0
4310652,Itati,,2023,Matemática,0,0,0,277.8825,0,0
4310702,Itatiba do Sul,311.16,2023,Matemática,0,0,0,281.985,0,0
4310751,Ivorá,247.55,2023,Matemática,0,0,0,257.36,1,0
4310801,Ivoti,291.4,2023,Matemática,1,0,0,290.4175,0,0
4310850,Jaboticaba,278.7,2023,Matemática,0,0,0,270.905,0,0
4310876,Jacuizinho,257.9,2023,Matemática,0,0,0,230.04,1,0
4310900,Jacutinga,277.33,2023,Matemática,0,0,0,288.6225,0,0
4311007,Jaguarão,257.12,2023,Matemática,0,0,0,266.1075,0,0
4311106,Jaguari,283.02,2023,Matemática,0,0,0,275.045,0,0
4311122,Jaquirana,240.4,2023,Matemática,0,0,0,242.95,1,0
4311130,Jari,258.21,2023,Matemática,0,0,0,263.505,0,0
4311155,Jóia,260.72,2023,Matemática,0,0,0,269.4425,0,0
4311205,Júlio de Castilhos,238.02,2023,Matemática,0,0,0,262.755,0,0
4311239,Lagoa Bonita do Sul,292.25,2023,Matemática,0,0,0,245.8575,1,0
4311254,Lagoão,309.02,2023,Matemática,0,0,0,265.555,0,0
4311270,Lagoa dos Três Cantos,277.06,2023,Matemática,0,0,0,278.515,0,0
4311304,Lagoa Vermelha,257.02,2023,Matemática,0,0,0,258.63,1,0
4311403,Lajeado,273.11,2023,Matemática,1,0,0,276.10249999999996,0,0
4311429,Lajeado do Bugre,233.96,2023,Matemática,0,0,0,,0,0
4311502,Lavras do Sul,243.79,2023,Matemática,0,0,0,254.60250000000002,1,0
4311601,Liberato Salzano,249.73,2023,Matemática,0,0,0,265.94,0,0
4311627,Lindolfo Collor,276.52,2023,Matemática,0,0,0,281.4275,0,0
4311643,Linha Nova,290.14,2023,Matemática,1,0,0,286.825,0,0
4311700,Machadinho,273.68,2023,Matemática,0,0,0,260.32,1,0
4311718,Maçambará,234.87,2023,Matemática,0,0,0,232.3275,1,0
4311734,Mampituba,257.78,2023,Matemática,0,0,0,271.475,0,0
4311759,Manoel Viana,254.31,2023,Matemática,0,0,0,253.1625,1,0
4311775,Maquiné,262.0,2023,Matemática,0,0,0,261.61,1,0
4311791,Maratá,268.18,2023,Matemática,0,0,0,279.76,0,0
4311809,Marau,259.46,2023,Matemática,0,0,0,265.78,0,0
4311908,Marcelino Ramos,259.55,2023,Matemática,0,0,0,244.51999999999998,1,0
4311981,Mariana Pimentel,257.77,2023,Matemática,0,0,0,261.555,1,0
4312005,Mariano Moro,291.03,2023,Matemática,0,0,0,237.0475,1,0
4312054,Marques de Souza,290.65,2023,Matemática,0,0,0,283.3525,0,0
4312104,Mata,272.51,2023,Matemática,0,0,0,262.84250000000003,0,0
4312138,Mato Castelhano,243.5,2023,Matemática,0,0,0,232.94,1,0
4312153,Mato Leitão,303.8,2023,Matemática,0,0,0,283.765,0,0
4312179,Mato Queimado,255.92,2023,Matemática,0,0,0,284.9875,0,0
4312203,Maximiliano de Almeida,275.73,2023,Matemática,0,0,0,264.61,0,0
4312252,Minas do Leão,249.66,2023,Matemática,1,0,0,256.20500000000004,1,0
4312302,Miraguaí,254.76,2023,Matemática,0,0,0,251.9525,1,0
4312351,Montauri,,2023,Matemática,0,0,0,300.265,0,0
4312377,Monte Alegre dos Campos,266.74,2023,Matemática,0,0,0,244.48250000000002,1,0
4312385,Monte Belo do Sul,,2023,Matemática,0,0,0,282.6375,0,0
4312401,Montenegro,256.87,2023,Matemática,1,0,0,261.1775,1,0
4312427,Mormaço,,2023,Matemática,0,0,0,259.805,1,0
4312443,Morrinhos do Sul,293.43,2023,Matemática,0,0,0,286.285,0,0
4312450,Morro Redondo,263.18,2023,Matemática,0,0,0,270.59000000000003,0,0
4312476,Morro Reuter,286.49,2023,Matemática,1,0,0,287.4925,0,0
4312500,Mostardas,256.43,2023,Matemática,0,0,0,251.8225,1,0
4312609,Muçum,,2023,Matemática,0,0,0,268.775,0,0
4312617,Muitos Capões,246.81,2023,Matemática,0,0,0,260.4375,1,0
4312625,Muliterno,255.87,2023,Matemática,0,0,0,261.045,1,0
4312658,Não-Me-Toque,248.95,2023,Matemática,0,0,0,260.67,1,0
4312674,Nicolau Vergueiro,265.76,2023,Matemática,0,0,0,246.98,1,0
4312708,Nonoai,248.98,2023,Matemática,0,0,0,269.1175,0,0
4312757,Nova Alvorada,307.6,2023,Matemática,0,0,0,281.76,0,0
4312807,Nova Araçá,251.02,2023,Matemática,0,0,0,274.5925,0,0
4312906,Nova Bassano,264.43,2023,Matemática,0,0,0,266.2675,0,0
4312955,Nova Boa Vista,288.19,2023,Matemática,0,0,0,276.22249999999997,0,0
4313003,Nova Bréscia,294.11,2023,Matemática,0,0,0,269.0575,0,0
4313011,Nova Candelária,277.62,2023,Matemática,0,0,0,284.65999999999997,0,0
4313037,Nova Esperança do Sul,242.45,2023,Matemática,0,0,0,253.46,1,0
4313060,Nova Hartz,263.73,2023,Matemática,1,0,0,269.175,0,0
4313086,Nova Pádua,283.24,2023,Matemática,0,0,0,262.9375,0,0
4313102,Nova Palma,273.72,2023,Matemática,0,0,0,264.4275,0,0
4313201,Nova Petrópolis,284.82,2023,Matemática,0,0,0,295.1225,0,0
4313300,Nova Prata,266.82,2023,Matemática,0,0,0,272.12,0,0
4313334,Nova Ramada,259.93,2023,Matemática,0,0,0,,0,0
4313359,Nova Roma do Sul,276.94,2023,Matemática,0,0,0,282.83500000000004,0,0
4313375,Nova Santa Rita,263.02,2023,Matemática,0,0,0,263.56,0,0
4313391,Novo Cabrais,,2023,Matemática,0,0,0,,0,0
4313409,Novo Hamburgo,253.81,2023,Matemática,1,0,0,262.5975,0,0
4313425,Novo Machado,281.06,2023,Matemática,0,0,0,273.24,0,0
4313441,Novo Tiradentes,269.61,2023,Matemática,0,0,0,,0,0
4313466,Novo Xingu,266.52,2023,Matemática,0,0,0,264.58000000000004,0,0
4313490,Novo Barreiro,257.34,2023,Matemática,0,0,0,245.58499999999998,1,0
4313508,Osório,251.12,2023,Matemática,0,0,0,270.8225,0,0
4313607,Paim Filho,275.27,2023,Matemática,0,0,0,254.39,1,0
4313656,Palmares do Sul,258.89,2023,Matemática,0,0,0,248.7225,1,0
4313706,Palmeira das Missões,259.09,2023,Matemática,0,0,0,256.305,1,0
4313805,Palmitinho,281.35,2023,Matemática,0,0,0,269.9325,0,0
4313904,Panambi,271.72,2023,Matemática,0,0,0,276.56,0,0
4313953,Pantano Grande,240.53,2023,Matemática,0,0,0,246.0575,1,0
4314001,Paraí,275.55,2023,Matemática,0,0,0,279.74,0,0
4314027,Paraíso do Sul,264.67,2023,Matemática,1,0,0,270.52250000000004,0,0
4314035,Pareci Novo,263.97,2023,Matemática,1,0,0,283.0425,0,0
4314050,Parobé,262.13,2023,Matemática,1,0,0,267.53999999999996,0,0
4314068,Passa Sete,264.45,2023,Matemática,0,0,0,273.87,0,0
4314076,Passo do Sobrado,283.26,2023,Matemática,0,0,0,267.4075,0,0
4314100,Passo Fundo,249.79,2023,Matemática,0,0,0,257.48,1,0
4314134,Paulo Bento,264.17,2023,Matemática,0,0,0,274.035,0,0
4314159,Paverama,254.68,2023,Matemática,0,0,0,258.2,1,0
4314175,Pedras Altas,226.82,2023,Matemática,0,0,0,,0,0
4314209,Pedro Osório,245.39,2023,Matemática,0,0,0,243.815,1,0
4314308,Pejuçara,288.45,2023,Matemática,0,0,0,274.65250000000003,0,0
4314407,Pelotas,238.91,2023,Matemática,1,0,0,264.845,0,0
4314423,Picada Café,292.5,2023,Matemática,0,0,0,294.65999999999997,0,0
4314456,Pinhal,275.76,2023,Matemática,0,0,0,269.0825,0,0
4314464,Pinhal da Serra,251.77,2023,Matemática,0,0,0,271.9825,0,0
4314472,Pinhal Grande,255.4,2023,Matemática,0,0,0,276.085,0,0
4314498,Pinheirinho do Vale,287.17,2023,Matemática,0,0,0,278.35,0,0
4314506,Pinheiro Machado,241.06,2023,Matemática,0,0,0,261.7125,1,0
4314548,Pinto Bandeira,299.23,2023,Matemática,0,0,0,275.36,0,0
4314555,Pirapó,284.05,2023,Matemática,0,0,0,263.7625,0,0
4314605,Piratini,240.48,2023,Matemática,0,0,0,256.49,1,0
4314704,Planalto,269.16,2023,Matemática,0,0,0,264.48,0,0
4314753,Poço das Antas,283.86,2023,Matemática,1,0,0,276.18,0,0
4314779,Pontão,,2023,Matemática,0,0,0,272.495,0,0
4314787,Ponte Preta,264.91,2023,Matemática,0,0,0,269.605,0,0
4314803,Portão,266.69,2023,Matemática,1,0,0,280.7,0,0
4314902,Porto Alegre,237.84,2023,Matemática,1,0,0,253.5,1,0
4315008,Porto Lucena,276.95,2023,Matemática,0,0,0,265.32,0,0
4315057,Porto Mauá,232.9,2023,Matemática,0,0,0,254.38,1,0
4315073,Porto Vera Cruz,,2023,Matemática,0,0,0,263.54,0,0
4315107,Porto Xavier,282.78,2023,Matemática,0,0,0,272.135,0,0
4315131,Pouso Novo,,2023,Matemática,0,0,0,264.1375,0,0
4315149,Presidente Lucena,287.55,2023,Matemática,1,0,0,286.67,0,0
4315156,Progresso,266.75,2023,Matemática,0,0,0,247.5275,1,0
4315172,Protásio Alves,252.76,2023,Matemática,0,0,0,264.3575,0,0
4315206,Putinga,257.09,2023,Matemática,0,0,0,246.4325,1,0
4315305,Quaraí,256.49,2023,Matemática,0,0,0,267.21500000000003,0,0
4315313,Quatro Irmãos,244.53,2023,Matemática,0,0,0,261.11,1,0
4315321,Quevedos,,2023,Matemática,0,0,0,253.7125,1,0
4315354,Quinze de Novembro,281.6,2023,Matemática,0,0,0,275.4375,0,0
4315404,Redentora,241.09,2023,Matemática,0,0,0,250.36,1,0
4315453,Relvado,252.93,2023,Matemática,0,0,0,281.5,0,0
4315503,Restinga Sêca,261.34,2023,Matemática,1,0,0,266.78249999999997,0,0
4315552,Rio dos Índios,260.12,2023,Matemática,0,0,0,265.09000000000003,0,0
4315602,Rio Grande,247.57,2023,Matemática,1,0,0,262.90749999999997,0,0
4315701,Rio Pardo,246.9,2023,Matemática,0,0,0,261.53999999999996,1,0
4315750,Riozinho,258.23,2023,Matemática,0,0,0,270.635,0,0
4315800,Roca Sales,,2023,Matemática,0,0,0,264.0675,0,0
4315909,Rodeio Bonito,264.72,2023,Matemática,0,0,0,274.935,0,0
4315958,Rolador,261.55,2023,Matemática,0,0,0,280.1225,0,0
4316006,Rolante,272.73,2023,Matemática,0,0,0,268.5775,0,0
4316105,Ronda Alta,278.89,2023,Matemática,0,0,0,264.77,0,0
4316204,Rondinha,272.09,2023,Matemática,0,0,0,265.72249999999997,0,0
4316303,Roque Gonzales,296.13,2023,Matemática,0,0,0,277.695,0,0
4316402,Rosário do Sul,232.67,2023,Matemática,0,0,0,243.51999999999998,1,0
4316428,Sagrada Família,265.88,2023,Matemática,0,0,0,267.9,0,0
4316436,Saldanha Marinho,269.13,2023,Matemática,0,0,0,292.145,0,0
4316451,Salto do Jacuí,264.37,2023,Matemática,0,0,0,263.0675,0,0
4316477,Salvador das Missões,260.55,2023,Matemática,0,0,0,274.1075,0,0
4316501,Salvador do Sul,288.35,2023,Matemática,1,0,0,295.6075,0,0
4316600,Sananduva,269.67,2023,Matemática,0,0,0,278.63750000000005,0,0
4316709,Santa Bárbara do Sul,240.32,2023,Matemática,0,0,0,249.405,1,0
4316733,Santa Cecília do Sul,280.62,2023,Matemática,0,0,0,245.10500000000002,1,0
4316758,Santa Clara do Sul,281.88,2023,Matemática,0,0,0,284.4125,0,0
4316808,Santa Cruz do Sul,269.55,2023,Matemática,0,0,0,277.06,0,0
4316907,Santa Maria,256.43,2023,Matemática,0,0,0,270.0075,0,0
4316956,Santa Maria do Herval,285.82,2023,Matemática,1,0,0,290.365,0,0
4316972,Santa Margarida do Sul,261.02,2023,Matemática,0,0,0,252.86,1,0
4317004,Santana da Boa Vista,246.03,2023,Matemática,0,0,0,240.97,1,0
4317103,Sant'Ana do Livramento,242.06,2023,Matemática,0,0,0,250.275,1,0
4317202,Santa Rosa,270.55,2023,Matemática,0,0,0,270.305,0,0
4317251,Santa Tereza,286.77,2023,Matemática,0,0,0,298.14,0,0
4317301,Santa Vitória do Palmar,251.35,2023,Matemática,1,0,0,239.61,1,0
4317400,Santiago,256.64,2023,Matemática,0,0,0,263.0475,0,0
4317509,Santo Ângelo,255.82,2023,Matemática,0,0,0,260.2575,1,0
4317558,Santo Antônio do Palma,269.75,2023,Matemática,0,0,0,267.3575,0,0
4317608,Santo Antônio da Patrulha,256.27,2023,Matemática,0,0,0,267.955,0,0
4317707,Santo Antônio das Missões,235.75,2023,Matemática,0,0,0,259.145,1,0
4317756,Santo Antônio do Planalto,270.96,2023,Matemática,0,0,0,269.45000000000005,0,0
4317806,Santo Augusto,257.37,2023,Matemática,0,0,0,262.945,0,0
4317905,Santo Cristo,280.24,2023,Matemática,0,0,0,280.7475,0,0
4317954,Santo Expedito do Sul,271.76,2023,Matemática,0,0,0,273.025,0,0
4318002,São Borja,244.78,2023,Matemática,0,0,0,247.0775,1,0
4318051,São Domingos do Sul,280.21,2023,Matemática,0,0,0,281.8975,0,0
4318101,São Francisco de Assis,236.48,2023,Matemática,0,0,0,235.9175,1,0
4318200,São Francisco de Paula,246.62,2023,Matemática,0,0,0,250.665,1,0
4318309,São Gabriel,240.67,2023,Matemática,0,0,0,246.1925,1,0
4318408,São Jerônimo,241.17,2023,Matemática,0,0,0,256.955,1,0
4318424,São João da Urtiga,272.37,2023,Matemática,0,0,0,270.5125,0,0
4318432,São João do Polêsine,,2023,Matemática,0,0,0,286.72,0,0
4318440,São Jorge,280.22,2023,Matemática,0,0,0,261.30499999999995,1,0
4318457,São José das Missões,,2023,Matemática,0,0,0,269.15500000000003,0,0
4318465,São José do Herval,240.17,2023,Matemática,0,0,0,275.05,0,0
4318481,São José do Hortêncio,296.26,2023,Matemática,1,0,0,288.51750000000004,0,0
4318499,São José do Inhacorá,284.73,2023,Matemática,0,0,0,,0,0
4318507,São José do Norte,242.61,2023,Matemática,1,0,0,259.2975,1,0
4318606,São José do Ouro,273.07,2023,Matemática,0,0,0,274.76,0,0
4318614,São José do Sul,276.97,2023,Matemática,1,0,0,272.265,0,0
4318622,São José dos Ausentes,,2023,Matemática,0,0,0,251.92000000000002,1,0
4318705,São Leopoldo,253.4,2023,Matemática,1,0,0,262.5125,0,0
4318804,São Lourenço do Sul,262.6,2023,Matemática,1,0,0,278.795,0,0
4318903,São Luiz Gonzaga,263.19,2023,Matemática,0,0,0,261.3875,1,0
4319000,São Marcos,271.32,2023,Matemática,0,0,0,293.1125,0,0
4319109,São Martinho,295.65,2023,Matemática,0,0,0,277.43,0,0
4319125,São Martinho da Serra,223.96,2023,Matemática,0,0,0,,0,0
4319158,São Miguel das Missões,257.94,2023,Matemática,0,0,0,269.61,0,0
4319208,São Nicolau,261.11,2023,Matemática,0,0,0,254.625,1,0
4319307,São Paulo das Missões,259.78,2023,Matemática,0,0,0,284.695,0,0
4319356,São Pedro da Serra,274.62,2023,Matemática,1,0,0,273.54999999999995,0,0
4319364,São Pedro das Missões,,2023,Matemática,0,0,0,,0,0
4319372,São Pedro do Butiá,308.37,2023,Matemática,0,0,0,291.7675,0,0
4319406,São Pedro do Sul,263.84,2023,Matemática,0,0,0,264.2025,0,0
4319505,São Sebastião do Caí,263.37,2023,Matemática,0,0,0,263.9225,0,0
4319604,São Sepé,249.75,2023,Matemática,0,0,0,255.82750000000001,1,0
4319703,São Valentim,297.21,2023,Matemática,0,0,0,269.0475,0,0
4319711,São Valentim do Sul,284.46,2023,Matemática,0,0,0,290.6475,0,0
4319737,São Valério do Sul,261.38,2023,Matemática,0,0,0,245.83499999999998,1,0
4319752,São Vendelino,288.12,2023,Matemática,1,0,0,290.555,0,0
4319802,São Vicente do Sul,255.99,2023,Matemática,0,0,0,262.9875,0,0
4319901,Sapiranga,275.27,2023,Matemática,1,0,0,277.77250000000004,0,0
4320008,Sapucaia do Sul,258.96,2023,Matemática,0,0,0,268.925,0,0
4320107,Sarandi,256.63,2023,Matemática,0,0,0,265.0,0,0
4320206,Seberi,271.43,2023,Matemática,0,0,0,278.505,0,0
4320230,Sede Nova,228.51,2023,Matemática,0,0,0,276.6425,0,0
4320263,Segredo,,2023,Matemática,1,0,0,270.01,0,0
4320305,Selbach,292.39,2023,Matemática,0,0,0,287.625,0,0
4320321,Senador Salgado Filho,270.61,2023,Matemática,0,0,0,268.28499999999997,0,0
4320354,Sentinela do Sul,,2023,Matemática,1,0,0,229.37,1,0
4320404,Serafina Corrêa,259.42,2023,Matemática,0,0,0,279.6825,0,0
4320453,Sério,258.06,2023,Matemática,0,0,0,260.0575,1,0
4320503,Sertão,261.3,2023,Matemática,0,0,0,260.6175,1,0
4320552,Sertão Santana,266.69,2023,Matemática,1,0,0,267.15999999999997,0,0
4320578,Sete de Setembro,261.69,2023,Matemática,0,0,0,278.165,0,0
4320602,Severiano de Almeida,304.32,2023,Matemática,0,0,0,292.7975,0,0
4320651,Silveira Martins,,2023,Matemática,0,0,0,283.24,0,0
4320677,Sinimbu,281.85,2023,Matemática,0,0,0,275.19,0,0
4320701,Sobradinho,262.75,2023,Matemática,0,0,0,265.2925,0,0
4320800,Soledade,259.05,2023,Matemática,0,0,0,256.075,1,0
4320859,Tabaí,254.94,2023,Matemática,0,0,0,274.5875,0,0
4320909,Tapejara,268.85,2023,Matemática,0,0,0,267.5675,0,0
4321006,Tapera,276.08,2023,Matemática,0,0,0,264.74,0,0
4321105,Tapes,248.63,2023,Matemática,0,0,0,259.66499999999996,1,0
4321204,Taquara,256.41,2023,Matemática,1,0,0,254.595,1,0
4321303,Taquari,261.73,2023,Matemática,1,0,0,258.84,1,0
4321329,Taquaruçu do Sul,282.18,2023,Matemática,0,0,0,285.52,0,0
4321352,Tavares,232.98,2023,Matemática,0,0,0,250.535,1,0
4321402,Tenente Portela,252.95,2023,Matemática,0,0,0,253.49,1,0
4321436,Terra de Areia,262.13,2023,Matemática,0,0,0,282.2875,0,0
4321451,Teutônia,273.93,2023,Matemática,0,0,0,284.005,0,0
4321469,Tio Hugo,252.19,2023,Matemática,0,0,0,272.2075,0,0
4321477,Tiradentes do Sul,290.26,2023,Matemática,0,0,0,283.9075,0,0
4321493,Toropi,250.33,2023,Matemática,0,0,0,242.08749999999998,1,0
4321501,Torres,259.13,2023,Matemática,0,0,0,265.0675,0,0
4321600,Tramandaí,262.5,2023,Matemática,0,0,0,271.6275,0,0
4321626,Travesseiro,303.04,2023,Matemática,0,0,0,275.8225,0,0
4321634,Três Arroios,276.56,2023,Matemática,0,0,0,293.435,0,0
4321667,Três Cachoeiras,269.63,2023,Matemática,0,0,0,274.79,0,0
4321709,Três Coroas,270.61,2023,Matemática,0,0,0,281.4075,0,0
4321808,Três de Maio,266.48,2023,Matemática,0,0,0,264.6975,0,0
4321832,Três Forquilhas,260.89,2023,Matemática,0,0,0,263.8075,0,0
4321857,Três Palmeiras,244.31,2023,Matemática,0,0,0,265.375,0,0
4321907,Três Passos,274.02,2023,Matemática,0,0,0,276.645,0,0
4321956,Trindade do Sul,249.55,2023,Matemática,0,0,0,267.1225,0,0
4322004,Triunfo,264.61,2023,Matemática,0,0,0,248.135,1,0
4322103,Tucunduva,279.64,2023,Matemática,0,0,0,279.47749999999996,0,0
4322152,Tunas,250.16,2023,Matemática,0,0,0,260.325,1,0
4322186,Tupanci do Sul,311.87,2023,Matemática,0,0,0,294.8675,0,0
4322202,Tupanciretã,248.04,2023,Matemática,0,0,0,261.90250000000003,0,0
4322251,Tupandi,300.06,2023,Matemática,1,0,0,297.295,0,0
4322301,Tuparendi,245.24,2023,Matemática,0,0,0,265.695,0,0
4322327,Turuçu,252.13,2023,Matemática,1,0,0,283.5375,0,0
4322343,Ubiretama,277.76,2023,Matemática,0,0,0,256.1475,1,0
4322350,União da Serra,,2023,Matemática,0,0,0,267.9825,0,0
4322376,Unistalda,243.86,2023,Matemática,0,0,0,285.225,0,0
4322400,Uruguaiana,238.42,2023,Matemática,0,0,0,246.65,1,0
4322509,Vacaria,258.13,2023,Matemática,0,0,0,264.72249999999997,0,0
4322525,Vale Verde,260.21,2023,Matemática,0,0,0,270.515,0,0
4322533,Vale do Sol,267.21,2023,Matemática,0,0,0,270.97749999999996,0,0
4322541,Vale Real,284.61,2023,Matemática,0,0,0,290.5575,0,0
4322558,Vanini,,2023,Matemática,0,0,0,293.3175,0,0
4322608,Venâncio Aires,274.07,2023,Matemática,0,0,0,269.6225,0,0
4322707,Vera Cruz,264.24,2023,Matemática,0,0,0,267.53,0,0
4322806,Veranópolis,291.03,2023,Matemática,0,0,0,275.505,0,0
4322855,Vespasiano Corrêa,278.17,2023,Matemática,1,0,0,279.6375,0,0
4322905,Viadutos,269.9,2023,Matemática,0,0,0,283.3825,0,0
4323002,Viamão,241.46,2023,Matemática,0,0,0,248.1,1,0
4323101,Vicente Dutra,241.31,2023,Matemática,0,0,0,240.8075,1,0
4323200,Victor Graeff,274.16,2023,Matemática,0,0,0,273.8225,0,0
4323309,Vila Flores,300.86,2023,Matemática,0,0,0,284.625,0,0
4323358,Vila Lângaro,247.07,2023,Matemática,0,0,0,279.46,0,0
4323408,Vila Maria,277.69,2023,Matemática,0,0,0,263.60749999999996,0,0
4323457,Vila Nova do Sul,236.19,2023,Matemática,0,0,0,244.41,1,0
4323507,Vista Alegre,282.44,2023,Matemática,0,0,0,278.615,0,0
4323606,Vista Alegre do Prata,284.05,2023,Matemática,0,0,0,271.9225,0,0
4323705,Vista Gaúcha,250.84,2023,Matemática,0,0,0,264.475,0,0
4323754,Vitória das Missões,308.79,2023,Matemática,0,0,0,271.16,0,0
4323770,Westfália,298.24,2023,Matemática,0,0,0,283.4925,0,0
4323804,Xangri-lá,255.66,2023,Matemática,0,0,0,265.4425,0,0
4300034,Aceguá,251.24,2023,Língua Portuguesa,0,0,0,258.8025,1,0
4300059,Água Santa,242.98,2023,Língua Portuguesa,0,0,0,273.90999999999997,0,0
4300109,Agudo,264.23,2023,Língua Portuguesa,1,0,0,283.125,0,0
4300208,Ajuricaba,266.87,2023,Língua Portuguesa,0,0,0,282.4875,0,0
4300307,Alecrim,256.54,2023,Língua Portuguesa,0,0,0,270.22,0,0
4300406,Alegrete,259.89,2023,Língua Portuguesa,0,0,0,255.27499999999998,1,0
4300455,Alegria,272.03,2023,Língua Portuguesa,0,0,0,248.785,1,0
4300471,Almirante Tamandaré do Sul,270.57,2023,Língua Portuguesa,0,0,0,263.03499999999997,0,0
4300505,Alpestre,273.92,2023,Língua Portuguesa,0,0,0,253.365,1,0
4300554,Alto Alegre,267.99,2023,Língua Portuguesa,0,0,0,268.0275,0,0
4300570,Alto Feliz,264.36,2023,Língua Portuguesa,1,0,0,272.85,0,0
4300604,Alvorada,248.25,2023,Língua Portuguesa,0,0,0,249.875,1,0
4300638,Amaral Ferrador,248.19,2023,Língua Portuguesa,0,0,0,243.3175,1,0
4300646,Ametista do Sul,267.35,2023,Língua Portuguesa,0,0,0,260.3375,1,0
4300661,André da Rocha,,2023,Língua Portuguesa,0,0,0,,0,0
4300703,Anta Gorda,267.42,2023,Língua Portuguesa,0,0,0,275.6625,0,0
4300802,Antônio Prado,269.66,2023,Língua Portuguesa,0,0,0,278.4175,0,0
4300851,Arambaré,253.56,2023,Língua Portuguesa,0,0,0,261.385,1,0
4300877,Araricá,255.42,2023,Língua Portuguesa,1,0,0,267.5125,0,0
4300901,Aratiba,270.23,2023,Língua Portuguesa,0,0,0,272.885,0,0
4301008,Arroio do Meio,271.95,2023,Língua Portuguesa,0,0,0,278.38,0,0
4301057,Arroio do Sal,267.68,2023,Língua Portuguesa,0,0,0,259.7175,1,0
4301073,Arroio do Padre,,2023,Língua Portuguesa,0,0,0,276.6875,0,0
4301107,Arroio dos Ratos,249.8,2023,Língua Portuguesa,0,0,0,258.9475,1,0
4301206,Arroio do Tigre,243.33,2023,Língua Portuguesa,1,0,0,273.1425,0,0
4301305,Arroio Grande,239.85,2023,Língua Portuguesa,1,0,0,252.03,1,0
4301404,Arvorezinha,266.1,2023,Língua Portuguesa,0,0,0,254.0325,1,0
4301503,Augusto Pestana,274.79,2023,Língua Portuguesa,0,0,0,287.62,0,0
4301552,Áurea,270.68,2023,Língua Portuguesa,0,0,0,287.3,0,0
4301602,Bagé,260.02,2023,Língua Portuguesa,0,0,0,259.52750000000003,1,0
4301636,Balneário Pinhal,262.57,2023,Língua Portuguesa,0,0,0,248.6575,1,0
4301651,Barão,272.48,2023,Língua Portuguesa,1,0,0,286.47749999999996,0,0
4301701,Barão de Cotegipe,271.83,2023,Língua Portuguesa,0,0,0,261.39,1,0
4301750,Barão do Triunfo,279.36,2023,Língua Portuguesa,0,0,0,247.54500000000002,1,0
4301800,Barracão,286.47,2023,Língua Portuguesa,0,0,0,260.42,1,0
4301859,Barra do Guarita,,2023,Língua Portuguesa,0,0,0,245.8625,1,0
4301875,Barra do Quaraí,252.79,2023,Língua Portuguesa,0,0,0,246.0125,1,0
4301909,Barra do Ribeiro,236.38,2023,Língua Portuguesa,0,0,0,248.1525,1,0
4301925,Barra do Rio Azul,,2023,Língua Portuguesa,0,0,0,291.45500000000004,0,0
4301958,Barra Funda,275.03,2023,Língua Portuguesa,0,0,0,280.58500000000004,0,0
4302006,Barros Cassal,237.52,2023,Língua Portuguesa,0,0,0,242.02249999999998,1,0
4302055,Benjamin Constant do Sul,245.32,2023,Língua Portuguesa,0,0,0,250.905,1,0
4302105,Bento Gonçalves,274.92,2023,Língua Portuguesa,0,0,0,278.49,0,0
4302154,Boa Vista das Missões,263.87,2023,Língua Portuguesa,0,0,0,272.745,0,0
4302204,Boa Vista do Buricá,276.84,2023,Língua Portuguesa,0,0,0,283.9475,0,0
4302220,Boa Vista do Cadeado,274.99,2023,Língua Portuguesa,0,0,0,232.07,1,0
4302238,Boa Vista do Incra,,2023,Língua Portuguesa,0,0,0,263.09000000000003,0,0
4302253,Boa Vista do Sul,272.07,2023,Língua Portuguesa,0,0,0,276.225,0,0
4302303,Bom Jesus,264.57,2023,Língua Portuguesa,0,0,0,262.40999999999997,0,0
4302352,Bom Princípio,264.98,2023,Língua Portuguesa,1,0,0,294.6,0,0
4302378,Bom Progresso,,2023,Língua Portuguesa,0,0,0,272.47,0,0
4302402,Bom Retiro do Sul,272.17,2023,Língua Portuguesa,1,0,0,279.4075,0,0
4302451,Boqueirão do Leão,241.61,2023,Língua Portuguesa,0,0,0,260.3675,1,0
4302501,Bossoroca,243.77,2023,Língua Portuguesa,0,0,0,250.0275,1,0
4302584,Bozano,275.41,2023,Língua Portuguesa,0,0,0,283.14,0,0
4302600,Braga,249.62,2023,Língua Portuguesa,0,0,0,266.14,0,0
4302659,Brochier,290.9,2023,Língua Portuguesa,1,0,0,317.675,0,0
4302709,Butiá,258.09,2023,Língua Portuguesa,1,0,0,227.42000000000002,1,0
4302808,Caçapava do Sul,259.61,2023,Língua Portuguesa,0,0,0,254.54250000000002,1,0
4302907,Cacequi,238.25,2023,Língua Portuguesa,0,0,0,243.95499999999998,1,0
4303004,Cachoeira do Sul,263.4,2023,Língua Portuguesa,1,0,0,259.44,1,0
4303103,Cachoeirinha,256.65,2023,Língua Portuguesa,0,0,0,254.6925,1,0
4303202,Cacique Doble,261.63,2023,Língua Portuguesa,0,0,0,268.835,0,0
4303301,Caibaté,256.32,2023,Língua Portuguesa,0,0,0,253.8675,1,0
4303400,Caiçara,255.06,2023,Língua Portuguesa,0,0,0,263.9725,0,0
4303509,Camaquã,266.37,2023,Língua Portuguesa,1,0,0,257.87,1,0
4303558,Camargo,266.98,2023,Língua Portuguesa,0,0,0,277.94500000000005,0,0
4303608,Cambará do Sul,253.78,2023,Língua Portuguesa,0,0,0,253.89499999999998,1,0
4303673,Campestre da Serra,267.51,2023,Língua Portuguesa,0,0,0,280.15999999999997,0,0
4303707,Campina das Missões,293.67,2023,Língua Portuguesa,0,0,0,276.8675,0,0
4303806,Campinas do Sul,254.09,2023,Língua Portuguesa,0,0,0,287.3275,0,0
4303905,Campo Bom,277.08,2023,Língua Portuguesa,1,0,0,277.98,0,0
4304002,Campo Novo,237.85,2023,Língua Portuguesa,0,0,0,250.65,1,0
4304101,Campos Borges,259.96,2023,Língua Portuguesa,0,0,0,248.02749999999997,1,0
4304200,Candelária,258.32,2023,Língua Portuguesa,0,0,0,257.2225,1,0
4304309,Cândido Godói,285.38,2023,Língua Portuguesa,0,0,0,277.0475,0,0
4304358,Candiota,230.89,2023,Língua Portuguesa,0,0,0,256.425,1,0
4304408,Canela,255.5,2023,Língua Portuguesa,0,0,0,265.1925,0,0
4304507,Canguçu,286.89,2023,Língua Portuguesa,0,0,0,286.52250000000004,0,0
4304606,Canoas,263.0,2023,Língua Portuguesa,1,0,0,262.84000000000003,0,0
4304614,Canudos do Vale,249.36,2023,Língua Portuguesa,0,0,0,261.0825,1,0
4304622,Capão Bonito do Sul,238.51,2023,Língua Portuguesa,0,0,0,252.98250000000002,1,0
4304630,Capão da Canoa,259.31,2023,Língua Portuguesa,0,0,0,264.2625,0,0
4304655,Capão do Cipó,247.63,2023,Língua Portuguesa,0,0,0,260.1325,1,0
4304663,Capão do Leão,246.66,2023,Língua Portuguesa,1,0,0,257.65,1,0
4304671,Capivari do Sul,285.11,2023,Língua Portuguesa,0,0,0,265.8975,0,0
4304689,Capela de Santana,253.82,2023,Língua Portuguesa,1,0,0,260.0325,1,0
4304697,Capitão,277.48,2023,Língua Portuguesa,0,0,0,275.08000000000004,0,0
4304705,Carazinho,267.91,2023,Língua Portuguesa,0,0,0,258.59749999999997,1,0
4304713,Caraá,259.61,2023,Língua Portuguesa,0,0,0,223.9,1,0
4304804,Carlos Barbosa,279.44,2023,Língua Portuguesa,0,0,0,285.27,0,0
4304903,Casca,262.99,2023,Língua Portuguesa,0,0,0,270.7,0,0
4304952,Caseiros,248.78,2023,Língua Portuguesa,0,0,0,258.97,1,0
4305009,Catuípe,279.18,2023,Língua Portuguesa,0,0,0,271.6225,0,0
4305108,Caxias do Sul,263.84,2023,Língua Portuguesa,1,0,0,268.43,0,0
4305116,Centenário,278.22,2023,Língua Portuguesa,0,0,0,286.9775,0,0
4305124,Cerrito,240.64,2023,Língua Portuguesa,0,0,0,267.835,0,0
4305132,Cerro Branco,270.72,2023,Língua Portuguesa,0,0,0,271.105,0,0
4305157,Cerro Grande,261.92,2023,Língua Portuguesa,0,0,0,279.815,0,0
4305173,Cerro Grande do Sul,250.23,2023,Língua Portuguesa,1,0,0,264.0375,0,0
4305207,Cerro Largo,284.41,2023,Língua Portuguesa,0,0,0,286.55,0,0
4305306,Chapada,274.07,2023,Língua Portuguesa,0,0,0,270.98249999999996,0,0
4305355,Charqueadas,272.74,2023,Língua Portuguesa,0,0,0,261.0675,1,0
4305371,Charrua,,2023,Língua Portuguesa,0,0,0,275.225,0,0
4305405,Chiapetta,,2023,Língua Portuguesa,0,0,0,261.68,1,0
4305439,Chuí,250.12,2023,Língua Portuguesa,1,0,0,,0,0
4305447,Chuvisca,270.8,2023,Língua Portuguesa,1,0,0,260.015,1,0
4305454,Cidreira,247.95,2023,Língua Portuguesa,0,0,0,258.90999999999997,1,0
4305504,Ciríaco,267.82,2023,Língua Portuguesa,0,0,0,256.21250000000003,1,0
4305587,Colinas,260.92,2023,Língua Portuguesa,0,0,0,288.32,0,0
4305603,Colorado,272.39,2023,Língua Portuguesa,0,0,0,291.46000000000004,0,0
4305702,Condor,259.2,2023,Língua Portuguesa,0,0,0,268.6075,0,0
4305801,Constantina,271.68,2023,Língua Portuguesa,0,0,0,268.3375,0,0
4305835,Coqueiro Baixo,284.69,2023,Língua Portuguesa,0,0,0,296.775,0,0
4305850,Coqueiros do Sul,,2023,Língua Portuguesa,0,0,0,235.36,1,0
4305871,Coronel Barros,263.37,2023,Língua Portuguesa,0,0,0,287.375,0,0
4305900,Coronel Bicaco,250.57,2023,Língua Portuguesa,0,0,0,251.2725,1,0
4305934,Coronel Pilar,296.07,2023,Língua Portuguesa,0,0,0,274.95500000000004,0,0
4305959,Cotiporã,279.9,2023,Língua Portuguesa,0,0,0,279.155,0,0
4305975,Coxilha,273.69,2023,Língua Portuguesa,0,0,0,262.2375,0,0
4306007,Crissiumal,283.24,2023,Língua Portuguesa,0,0,0,277.26,0,0
4306056,Cristal,243.5,2023,Língua Portuguesa,0,0,0,262.325,0,0
4306072,Cristal do Sul,263.34,2023,Língua Portuguesa,0,0,0,239.67000000000002,1,0
4306106,Cruz Alta,251.36,2023,Língua Portuguesa,0,0,0,255.2525,1,0
4306130,Cruzaltense,263.56,2023,Língua Portuguesa,0,0,0,287.585,0,0
4306205,Cruzeiro do Sul,267.23,2023,Língua Portuguesa,1,0,0,264.855,0,0
4306304,David Canabarro,286.19,2023,Língua Portuguesa,0,0,0,268.75,0,0
4306320,Derrubadas,263.8,2023,Língua Portuguesa,0,0,0,286.65999999999997,0,0
4306353,Dezesseis de Novembro,,2023,Língua Portuguesa,0,0,0,257.25250000000005,1,0
4306379,Dilermando de Aguiar,242.14,2023,Língua Portuguesa,0,0,0,,0,0
4306403,Dois Irmãos,284.56,2023,Língua Portuguesa,1,0,0,281.48,0,0
4306429,Dois Irmãos das Missões,243.11,2023,Língua Portuguesa,0,0,0,,0,0
4306452,Dois Lajeados,283.77,2023,Língua Portuguesa,0,0,0,296.695,0,0
4306502,Dom Feliciano,267.2,2023,Língua Portuguesa,1,0,0,267.5075,0,0
4306551,Dom Pedro de Alcântara,272.86,2023,Língua Portuguesa,0,0,0,269.84,0,0
4306601,Dom Pedrito,253.46,2023,Língua Portuguesa,0,0,0,249.8275,1,0
4306700,Dona Francisca,260.89,2023,Língua Portuguesa,1,0,0,274.475,0,0
4306734,Doutor Maurício Cardoso,261.15,2023,Língua Portuguesa,0,0,0,261.805,0,0
4306759,Doutor Ricardo,299.97,2023,Língua Portuguesa,0,0,0,,0,0
4306767,Eldorado do Sul,247.25,2023,Língua Portuguesa,0,0,0,259.9975,1,0
4306809,Encantado,276.28,2023,Língua Portuguesa,0,0,0,280.855,0,0
4306908,Encruzilhada do Sul,255.84,2023,Língua Portuguesa,0,0,0,256.9325,1,0
4306924,Engenho Velho,,2023,Língua Portuguesa,0,0,0,227.77,1,0
4306932,Entre-Ijuís,258.53,2023,Língua Portuguesa,0,0,0,262.28499999999997,0,0
4306957,Entre Rios do Sul,261.74,2023,Língua Portuguesa,0,0,0,291.59000000000003,0,0
4306973,Erebango,242.45,2023,Língua Portuguesa,0,0,0,266.5475,0,0
4307005,Erechim,274.08,2023,Língua Portuguesa,0,0,0,276.5175,0,0
4307054,Ernestina,260.41,2023,Língua Portuguesa,0,0,0,262.69,0,0
4307104,Herval,254.54,2023,Língua Portuguesa,0,0,0,258.245,1,0
4307203,Erval Grande,265.04,2023,Língua Portuguesa,0,0,0,262.9125,0,0
4307302,Erval Seco,255.36,2023,Língua Portuguesa,0,0,0,271.1925,0,0
4307401,Esmeralda,257.37,2023,Língua Portuguesa,0,0,0,255.6775,1,0
4307450,Esperança do Sul,281.32,2023,Língua Portuguesa,0,0,0,249.405,1,0
4307500,Espumoso,267.0,2023,Língua Portuguesa,0,0,0,274.885,0,0
4307559,Estação,262.53,2023,Língua Portuguesa,0,0,0,269.89,0,0
4307609,Estância Velha,272.52,2023,Língua Portuguesa,1,0,0,271.89,0,0
4307708,Esteio,266.28,2023,Língua Portuguesa,0,0,0,255.48250000000002,1,0
4307807,Estrela,262.17,2023,Língua Portuguesa,1,0,0,272.0675,0,0
4307815,Estrela Velha,265.82,2023,Língua Portuguesa,1,0,0,259.7125,1,0
4307831,Eugênio de Castro,253.87,2023,Língua Portuguesa,0,0,0,275.15250000000003,0,0
4307864,Fagundes Varela,286.15,2023,Língua Portuguesa,0,0,0,262.72249999999997,0,0
4307906,Farroupilha,279.16,2023,Língua Portuguesa,0,0,0,289.96500000000003,0,0
4308003,Faxinal do Soturno,247.01,2023,Língua Portuguesa,0,0,0,270.95,0,0
4308052,Faxinalzinho,,2023,Língua Portuguesa,0,0,0,238.07999999999998,1,0
4308078,Fazenda Vilanova,266.51,2023,Língua Portuguesa,0,0,0,266.7075,0,0
4308102,Feliz,286.94,2023,Língua Portuguesa,1,0,0,292.92,0,0
4308201,Flores da Cunha,279.92,2023,Língua Portuguesa,0,0,0,287.8225,0,0
4308250,Floriano Peixoto,264.22,2023,Língua Portuguesa,0,0,0,289.125,0,0
4308300,Fontoura Xavier,246.52,2023,Língua Portuguesa,0,0,0,256.0175,1,0
4308409,Formigueiro,251.25,2023,Língua Portuguesa,0,0,0,247.4175,1,0
4308433,Forquetinha,268.45,2023,Língua Portuguesa,1,0,0,258.475,1,0
4308458,Fortaleza dos Valos,287.02,2023,Língua Portuguesa,0,0,0,260.8175,1,0
4308508,Frederico Westphalen,278.35,2023,Língua Portuguesa,0,0,0,281.63,0,0
4308607,Garibaldi,264.11,2023,Língua Portuguesa,0,0,0,277.8825,0,0
4308656,Garruchos,272.9,2023,Língua Portuguesa,0,0,0,263.995,0,0
4308706,Gaurama,280.3,2023,Língua Portuguesa,0,0,0,277.07,0,0
4308805,General Câmara,250.38,2023,Língua Portuguesa,0,0,0,238.71249999999998,1,0
4308854,Gentil,265.74,2023,Língua Portuguesa,0,0,0,276.245,0,0
4308904,Getúlio Vargas,279.57,2023,Língua Portuguesa,0,0,0,269.7425,0,0
4309001,Giruá,243.96,2023,Língua Portuguesa,0,0,0,252.3975,1,0
4309050,Glorinha,273.03,2023,Língua Portuguesa,0,0,0,260.4,1,0
4309100,Gramado,271.7,2023,Língua Portuguesa,1,0,0,273.725,0,0
4309126,Gramado dos Loureiros,,2023,Língua Portuguesa,0,0,0,287.33500000000004,0,0
4309159,Gramado Xavier,252.05,2023,Língua Portuguesa,0,0,0,262.23,0,0
4309209,Gravataí,256.16,2023,Língua Portuguesa,0,0,0,258.17,1,0
4309258,Guabiju,266.14,2023,Língua Portuguesa,0,0,0,295.995,0,0
4309308,Guaíba,263.53,2023,Língua Portuguesa,0,0,0,259.62,1,0
4309407,Guaporé,259.04,2023,Língua Portuguesa,0,0,0,270.3025,0,0
4309506,Guarani das Missões,268.83,2023,Língua Portuguesa,0,0,0,260.4675,1,0
4309555,Harmonia,292.5,2023,Língua Portuguesa,1,0,0,289.6925,0,0
4309571,Herveiras,258.24,2023,Língua Portuguesa,0,0,0,,0,0
4309605,Horizontina,270.21,2023,Língua Portuguesa,0,0,0,275.78999999999996,0,0
4309654,Hulha Negra,246.35,2023,Língua Portuguesa,0,0,0,243.965,1,0
4309704,Humaitá,283.5,2023,Língua Portuguesa,0,0,0,269.4625,0,0
4309753,Ibarama,264.68,2023,Língua Portuguesa,1,0,0,266.0775,0,0
4309803,Ibiaçá,286.75,2023,Língua Portuguesa,0,0,0,268.3,0,0
4309902,Ibiraiaras,242.7,2023,Língua Portuguesa,0,0,0,277.61,0,0
4309951,Ibirapuitã,255.81,2023,Língua Portuguesa,0,0,0,259.635,1,0
4310009,Ibirubá,269.33,2023,Língua Portuguesa,0,0,0,284.3225,0,0
4310108,Igrejinha,273.61,2023,Língua Portuguesa,1,0,0,280.45500000000004,0,0
4310207,Ijuí,274.85,2023,Língua Portuguesa,0,0,0,276.125,0,0
4310306,Ilópolis,278.23,2023,Língua Portuguesa,0,0,0,274.415,0,0
4310330,Imbé,265.32,2023,Língua Portuguesa,0,0,0,265.9125,0,0
4310363,Imigrante,285.06,2023,Língua Portuguesa,0,0,0,314.095,0,0
4310405,Independência,250.36,2023,Língua Portuguesa,0,0,0,270.01,0,0
4310413,Inhacorá,256.93,2023,Língua Portuguesa,0,0,0,241.72,1,0
4310439,Ipê,280.32,2023,Língua Portuguesa,0,0,0,278.12,0,0
4310462,Ipiranga do Sul,285.12,2023,Língua Portuguesa,0,0,0,273.4625,0,0
4310504,Iraí,284.55,2023,Língua Portuguesa,0,0,0,278.305,0,0
4310538,Itaara,254.71,2023,Língua Portuguesa,0,0,0,270.71500000000003,0,0
4310553,Itacurubi,238.1,2023,Língua Portuguesa,0,0,0,248.8,1,0
4310579,Itapuca,265.94,2023,Língua Portuguesa,0,0,0,261.815,0,0
4310603,Itaqui,255.44,2023,Língua Portuguesa,0,0,0,250.2475,1,0
4310652,Itati,,2023,Língua Portuguesa,0,0,0,277.8825,0,0
4310702,Itatiba do Sul,297.42,2023,Língua Portuguesa,0,0,0,281.985,0,0
4310751,Ivorá,242.27,2023,Língua Portuguesa,0,0,0,257.36,1,0
4310801,Ivoti,285.98,2023,Língua Portuguesa,1,0,0,290.4175,0,0
4310850,Jaboticaba,271.86,2023,Língua Portuguesa,0,0,0,270.905,0,0
4310876,Jacuizinho,257.26,2023,Língua Portuguesa,0,0,0,230.04,1,0
4310900,Jacutinga,272.85,2023,Língua Portuguesa,0,0,0,288.6225,0,0
4311007,Jaguarão,255.71,2023,Língua Portuguesa,0,0,0,266.1075,0,0
4311106,Jaguari,278.21,2023,Língua Portuguesa,0,0,0,275.045,0,0
4311122,Jaquirana,246.62,2023,Língua Portuguesa,0,0,0,242.95,1,0
4311130,Jari,246.41,2023,Língua Portuguesa,0,0,0,263.505,0,0
4311155,Jóia,245.06,2023,Língua Portuguesa,0,0,0,269.4425,0,0
4311205,Júlio de Castilhos,247.71,2023,Língua Portuguesa,0,0,0,262.755,0,0
4311239,Lagoa Bonita do Sul,266.71,2023,Língua Portuguesa,0,0,0,245.8575,1,0
4311254,Lagoão,269.7,2023,Língua Portuguesa,0,0,0,265.555,0,0
4311270,Lagoa dos Três Cantos,277.27,2023,Língua Portuguesa,0,0,0,278.515,0,0
4311304,Lagoa Vermelha,254.59,2023,Língua Portuguesa,0,0,0,258.63,1,0
4311403,Lajeado,269.18,2023,Língua Portuguesa,1,0,0,276.10249999999996,0,0
4311429,Lajeado do Bugre,250.52,2023,Língua Portuguesa,0,0,0,,0,0
4311502,Lavras do Sul,248.26,2023,Língua Portuguesa,0,0,0,254.60250000000002,1,0
4311601,Liberato Salzano,255.89,2023,Língua Portuguesa,0,0,0,265.94,0,0
4311627,Lindolfo Collor,268.88,2023,Língua Portuguesa,0,0,0,281.4275,0,0
4311643,Linha Nova,275.97,2023,Língua Portuguesa,1,0,0,286.825,0,0
4311700,Machadinho,263.65,2023,Língua Portuguesa,0,0,0,260.32,1,0
4311718,Maçambará,256.55,2023,Língua Portuguesa,0,0,0,232.3275,1,0
4311734,Mampituba,246.84,2023,Língua Portuguesa,0,0,0,271.475,0,0
4311759,Manoel Viana,259.53,2023,Língua Portuguesa,0,0,0,253.1625,1,0
4311775,Maquiné,260.54,2023,Língua Portuguesa,0,0,0,261.61,1,0
4311791,Maratá,276.1,2023,Língua Portuguesa,0,0,0,279.76,0,0
4311809,Marau,262.31,2023,Língua Portuguesa,0,0,0,265.78,0,0
4311908,Marcelino Ramos,242.64,2023,Língua Portuguesa,0,0,0,244.51999999999998,1,0
4311981,Mariana Pimentel,247.13,2023,Língua Portuguesa,0,0,0,261.555,1,0
4312005,Mariano Moro,290.7,2023,Língua Portuguesa,0,0,0,237.0475,1,0
4312054,Marques de Souza,276.16,2023,Língua Portuguesa,0,0,0,283.3525,0,0
4312104,Mata,250.55,2023,Língua Portuguesa,0,0,0,262.84250000000003,0,0
4312138,Mato Castelhano,244.61,2023,Língua Portuguesa,0,0,0,232.94,1,0
4312153,Mato Leitão,287.36,2023,Língua Portuguesa,0,0,0,283.765,0,0
4312179,Mato Queimado,250.18,2023,Língua Portuguesa,0,0,0,284.9875,0,0
4312203,Maximiliano de Almeida,268.34,2023,Língua Portuguesa,0,0,0,264.61,0,0
4312252,Minas do Leão,251.19,2023,Língua Portuguesa,1,0,0,256.20500000000004,1,0
4312302,Miraguaí,244.33,2023,Língua Portuguesa,0,0,0,251.9525,1,0
4312351,Montauri,,2023,Língua Portuguesa,0,0,0,300.265,0,0
4312377,Monte Alegre dos Campos,248.64,2023,Língua Portuguesa,0,0,0,244.48250000000002,1,0
4312385,Monte Belo do Sul,,2023,Língua Portuguesa,0,0,0,282.6375,0,0
4312401,Montenegro,258.55,2023,Língua Portuguesa,1,0,0,261.1775,1,0
4312427,Mormaço,,2023,Língua Portuguesa,0,0,0,259.805,1,0
4312443,Morrinhos do Sul,288.11,2023,Língua Portuguesa,0,0,0,286.285,0,0
4312450,Morro Redondo,268.65,2023,Língua Portuguesa,0,0,0,270.59000000000003,0,0
4312476,Morro Reuter,286.49,2023,Língua Portuguesa,1,0,0,287.4925,0,0
4312500,Mostardas,267.43,2023,Língua Portuguesa,0,0,0,251.8225,1,0
4312609,Muçum,,2023,Língua Portuguesa,0,0,0,268.775,0,0
4312617,Muitos Capões,243.72,2023,Língua Portuguesa,0,0,0,260.4375,1,0
4312625,Muliterno,265.78,2023,Língua Portuguesa,0,0,0,261.045,1,0
4312658,Não-Me-Toque,252.74,2023,Língua Portuguesa,0,0,0,260.67,1,0
4312674,Nicolau Vergueiro,249.79,2023,Língua Portuguesa,0,0,0,246.98,1,0
4312708,Nonoai,251.11,2023,Língua Portuguesa,0,0,0,269.1175,0,0
4312757,Nova Alvorada,289.59,2023,Língua Portuguesa,0,0,0,281.76,0,0
4312807,Nova Araçá,247.06,2023,Língua Portuguesa,0,0,0,274.5925,0,0
4312906,Nova Bassano,265.02,2023,Língua Portuguesa,0,0,0,266.2675,0,0
4312955,Nova Boa Vista,290.22,2023,Língua Portuguesa,0,0,0,276.22249999999997,0,0
4313003,Nova Bréscia,291.33,2023,Língua Portuguesa,0,0,0,269.0575,0,0
4313011,Nova Candelária,270.57,2023,Língua Portuguesa,0,0,0,284.65999999999997,0,0
4313037,Nova Esperança do Sul,255.47,2023,Língua Portuguesa,0,0,0,253.46,1,0
4313060,Nova Hartz,264.14,2023,Língua Portuguesa,1,0,0,269.175,0,0
4313086,Nova Pádua,270.49,2023,Língua Portuguesa,0,0,0,262.9375,0,0
4313102,Nova Palma,270.96,2023,Língua Portuguesa,0,0,0,264.4275,0,0
4313201,Nova Petrópolis,277.53,2023,Língua Portuguesa,0,0,0,295.1225,0,0
4313300,Nova Prata,265.84,2023,Língua Portuguesa,0,0,0,272.12,0,0
4313334,Nova Ramada,272.05,2023,Língua Portuguesa,0,0,0,,0,0
4313359,Nova Roma do Sul,264.41,2023,Língua Portuguesa,0,0,0,282.83500000000004,0,0
4313375,Nova Santa Rita,269.0,2023,Língua Portuguesa,0,0,0,263.56,0,0
4313391,Novo Cabrais,,2023,Língua Portuguesa,0,0,0,,0,0
4313409,Novo Hamburgo,260.62,2023,Língua Portuguesa,1,0,0,262.5975,0,0
4313425,Novo Machado,271.19,2023,Língua Portuguesa,0,0,0,273.24,0,0
4313441,Novo Tiradentes,272.09,2023,Língua Portuguesa,0,0,0,,0,0
4313466,Novo Xingu,263.8,2023,Língua Portuguesa,0,0,0,264.58000000000004,0,0
4313490,Novo Barreiro,253.12,2023,Língua Portuguesa,0,0,0,245.58499999999998,1,0
4313508,Osório,254.06,2023,Língua Portuguesa,0,0,0,270.8225,0,0
4313607,Paim Filho,272.9,2023,Língua Portuguesa,0,0,0,254.39,1,0
4313656,Palmares do Sul,260.61,2023,Língua Portuguesa,0,0,0,248.7225,1,0
4313706,Palmeira das Missões,267.59,2023,Língua Portuguesa,0,0,0,256.305,1,0
4313805,Palmitinho,276.38,2023,Língua Portuguesa,0,0,0,269.9325,0,0
4313904,Panambi,277.85,2023,Língua Portuguesa,0,0,0,276.56,0,0
4313953,Pantano Grande,245.39,2023,Língua Portuguesa,0,0,0,246.0575,1,0
4314001,Paraí,279.31,2023,Língua Portuguesa,0,0,0,279.74,0,0
4314027,Paraíso do Sul,263.41,2023,Língua Portuguesa,1,0,0,270.52250000000004,0,0
4314035,Pareci Novo,276.84,2023,Língua Portuguesa,1,0,0,283.0425,0,0
4314050,Parobé,260.74,2023,Língua Portuguesa,1,0,0,267.53999999999996,0,0
4314068,Passa Sete,269.36,2023,Língua Portuguesa,0,0,0,273.87,0,0
4314076,Passo do Sobrado,279.36,2023,Língua Portuguesa,0,0,0,267.4075,0,0
4314100,Passo Fundo,258.17,2023,Língua Portuguesa,0,0,0,257.48,1,0
4314134,Paulo Bento,269.13,2023,Língua Portuguesa,0,0,0,274.035,0,0
4314159,Paverama,256.19,2023,Língua Portuguesa,0,0,0,258.2,1,0
4314175,Pedras Altas,217.69,2023,Língua Portuguesa,0,0,0,,0,0
4314209,Pedro Osório,249.62,2023,Língua Portuguesa,0,0,0,243.815,1,0
4314308,Pejuçara,279.52,2023,Língua Portuguesa,0,0,0,274.65250000000003,0,0
4314407,Pelotas,246.88,2023,Língua Portuguesa,1,0,0,264.845,0,0
4314423,Picada Café,287.67,2023,Língua Portuguesa,0,0,0,294.65999999999997,0,0
4314456,Pinhal,282.5,2023,Língua Portuguesa,0,0,0,269.0825,0,0
4314464,Pinhal da Serra,271.04,2023,Língua Portuguesa,0,0,0,271.9825,0,0
4314472,Pinhal Grande,258.58,2023,Língua Portuguesa,0,0,0,276.085,0,0
4314498,Pinheirinho do Vale,274.13,2023,Língua Portuguesa,0,0,0,278.35,0,0
4314506,Pinheiro Machado,241.51,2023,Língua Portuguesa,0,0,0,261.7125,1,0
4314548,Pinto Bandeira,273.6,2023,Língua Portuguesa,0,0,0,275.36,0,0
4314555,Pirapó,275.51,2023,Língua Portuguesa,0,0,0,263.7625,0,0
4314605,Piratini,247.7,2023,Língua Portuguesa,0,0,0,256.49,1,0
4314704,Planalto,268.04,2023,Língua Portuguesa,0,0,0,264.48,0,0
4314753,Poço das Antas,262.14,2023,Língua Portuguesa,1,0,0,276.18,0,0
4314779,Pontão,,2023,Língua Portuguesa,0,0,0,272.495,0,0
4314787,Ponte Preta,251.07,2023,Língua Portuguesa,0,0,0,269.605,0,0
4314803,Portão,265.24,2023,Língua Portuguesa,1,0,0,280.7,0,0
4314902,Porto Alegre,244.96,2023,Língua Portuguesa,1,0,0,253.5,1,0
4315008,Porto Lucena,279.73,2023,Língua Portuguesa,0,0,0,265.32,0,0
4315057,Porto Mauá,234.38,2023,Língua Portuguesa,0,0,0,254.38,1,0
4315073,Porto Vera Cruz,,2023,Língua Portuguesa,0,0,0,263.54,0,0
4315107,Porto Xavier,273.76,2023,Língua Portuguesa,0,0,0,272.135,0,0
4315131,Pouso Novo,,2023,Língua Portuguesa,0,0,0,264.1375,0,0
4315149,Presidente Lucena,283.68,2023,Língua Portuguesa,1,0,0,286.67,0,0
4315156,Progresso,253.91,2023,Língua Portuguesa,0,0,0,247.5275,1,0
4315172,Protásio Alves,239.95,2023,Língua Portuguesa,0,0,0,264.3575,0,0
4315206,Putinga,274.28,2023,Língua Portuguesa,0,0,0,246.4325,1,0
4315305,Quaraí,264.87,2023,Língua Portuguesa,0,0,0,267.21500000000003,0,0
4315313,Quatro Irmãos,245.35,2023,Língua Portuguesa,0,0,0,261.11,1,0
4315321,Quevedos,,2023,Língua Portuguesa,0,0,0,253.7125,1,0
4315354,Quinze de Novembro,268.0,2023,Língua Portuguesa,0,0,0,275.4375,0,0
4315404,Redentora,248.14,2023,Língua Portuguesa,0,0,0,250.36,1,0
4315453,Relvado,270.17,2023,Língua Portuguesa,0,0,0,281.5,0,0
4315503,Restinga Sêca,260.71,2023,Língua Portuguesa,1,0,0,266.78249999999997,0,0
4315552,Rio dos Índios,259.79,2023,Língua Portuguesa,0,0,0,265.09000000000003,0,0
4315602,Rio Grande,252.57,2023,Língua Portuguesa,1,0,0,262.90749999999997,0,0
4315701,Rio Pardo,251.21,2023,Língua Portuguesa,0,0,0,261.53999999999996,1,0
4315750,Riozinho,262.92,2023,Língua Portuguesa,0,0,0,270.635,0,0
4315800,Roca Sales,,2023,Língua Portuguesa,0,0,0,264.0675,0,0
4315909,Rodeio Bonito,263.16,2023,Língua Portuguesa,0,0,0,274.935,0,0
4315958,Rolador,252.53,2023,Língua Portuguesa,0,0,0,280.1225,0,0
4316006,Rolante,271.92,2023,Língua Portuguesa,0,0,0,268.5775,0,0
4316105,Ronda Alta,279.04,2023,Língua Portuguesa,0,0,0,264.77,0,0
4316204,Rondinha,266.69,2023,Língua Portuguesa,0,0,0,265.72249999999997,0,0
4316303,Roque Gonzales,279.94,2023,Língua Portuguesa,0,0,0,277.695,0,0
4316402,Rosário do Sul,236.78,2023,Língua Portuguesa,0,0,0,243.51999999999998,1,0
4316428,Sagrada Família,266.39,2023,Língua Portuguesa,0,0,0,267.9,0,0
4316436,Saldanha Marinho,274.07,2023,Língua Portuguesa,0,0,0,292.145,0,0
4316451,Salto do Jacuí,267.16,2023,Língua Portuguesa,0,0,0,263.0675,0,0
4316477,Salvador das Missões,265.75,2023,Língua Portuguesa,0,0,0,274.1075,0,0
4316501,Salvador do Sul,292.66,2023,Língua Portuguesa,1,0,0,295.6075,0,0
4316600,Sananduva,266.15,2023,Língua Portuguesa,0,0,0,278.63750000000005,0,0
4316709,Santa Bárbara do Sul,234.08,2023,Língua Portuguesa,0,0,0,249.405,1,0
4316733,Santa Cecília do Sul,265.92,2023,Língua Portuguesa,0,0,0,245.10500000000002,1,0
4316758,Santa Clara do Sul,266.32,2023,Língua Portuguesa,0,0,0,284.4125,0,0
4316808,Santa Cruz do Sul,272.29,2023,Língua Portuguesa,0,0,0,277.06,0,0
4316907,Santa Maria,262.23,2023,Língua Portuguesa,0,0,0,270.0075,0,0
4316956,Santa Maria do Herval,273.22,2023,Língua Portuguesa,1,0,0,290.365,0,0
4316972,Santa Margarida do Sul,271.18,2023,Língua Portuguesa,0,0,0,252.86,1,0
4317004,Santana da Boa Vista,247.4,2023,Língua Portuguesa,0,0,0,240.97,1,0
4317103,Sant'Ana do Livramento,250.37,2023,Língua Portuguesa,0,0,0,250.275,1,0
4317202,Santa Rosa,272.34,2023,Língua Portuguesa,0,0,0,270.305,0,0
4317251,Santa Tereza,268.61,2023,Língua Portuguesa,0,0,0,298.14,0,0
4317301,Santa Vitória do Palmar,254.63,2023,Língua Portuguesa,1,0,0,239.61,1,0
4317400,Santiago,263.06,2023,Língua Portuguesa,0,0,0,263.0475,0,0
4317509,Santo Ângelo,263.28,2023,Língua Portuguesa,0,0,0,260.2575,1,0
4317558,Santo Antônio do Palma,264.29,2023,Língua Portuguesa,0,0,0,267.3575,0,0
4317608,Santo Antônio da Patrulha,262.31,2023,Língua Portuguesa,0,0,0,267.955,0,0
4317707,Santo Antônio das Missões,246.84,2023,Língua Portuguesa,0,0,0,259.145,1,0
4317756,Santo Antônio do Planalto,289.88,2023,Língua Portuguesa,0,0,0,269.45000000000005,0,0
4317806,Santo Augusto,259.79,2023,Língua Portuguesa,0,0,0,262.945,0,0
4317905,Santo Cristo,273.48,2023,Língua Portuguesa,0,0,0,280.7475,0,0
4317954,Santo Expedito do Sul,303.23,2023,Língua Portuguesa,0,0,0,273.025,0,0
4318002,São Borja,254.16,2023,Língua Portuguesa,0,0,0,247.0775,1,0
4318051,São Domingos do Sul,253.24,2023,Língua Portuguesa,0,0,0,281.8975,0,0
4318101,São Francisco de Assis,248.45,2023,Língua Portuguesa,0,0,0,235.9175,1,0
4318200,São Francisco de Paula,246.94,2023,Língua Portuguesa,0,0,0,250.665,1,0
4318309,São Gabriel,252.52,2023,Língua Portuguesa,0,0,0,246.1925,1,0
4318408,São Jerônimo,249.15,2023,Língua Portuguesa,0,0,0,256.955,1,0
4318424,São João da Urtiga,262.62,2023,Língua Portuguesa,0,0,0,270.5125,0,0
4318432,São João do Polêsine,,2023,Língua Portuguesa,0,0,0,286.72,0,0
4318440,São Jorge,261.11,2023,Língua Portuguesa,0,0,0,261.30499999999995,1,0
4318457,São José das Missões,,2023,Língua Portuguesa,0,0,0,269.15500000000003,0,0
4318465,São José do Herval,250.07,2023,Língua Portuguesa,0,0,0,275.05,0,0
4318481,São José do Hortêncio,286.53,2023,Língua Portuguesa,1,0,0,288.51750000000004,0,0
4318499,São José do Inhacorá,267.36,2023,Língua Portuguesa,0,0,0,,0,0
4318507,São José do Norte,251.7,2023,Língua Portuguesa,1,0,0,259.2975,1,0
4318606,São José do Ouro,279.86,2023,Língua Portuguesa,0,0,0,274.76,0,0
4318614,São José do Sul,260.28,2023,Língua Portuguesa,1,0,0,272.265,0,0
4318622,São José dos Ausentes,,2023,Língua Portuguesa,0,0,0,251.92000000000002,1,0
4318705,São Leopoldo,260.83,2023,Língua Portuguesa,1,0,0,262.5125,0,0
4318804,São Lourenço do Sul,266.23,2023,Língua Portuguesa,1,0,0,278.795,0,0
4318903,São Luiz Gonzaga,268.12,2023,Língua Portuguesa,0,0,0,261.3875,1,0
4319000,São Marcos,269.6,2023,Língua Portuguesa,0,0,0,293.1125,0,0
4319109,São Martinho,289.58,2023,Língua Portuguesa,0,0,0,277.43,0,0
4319125,São Martinho da Serra,230.87,2023,Língua Portuguesa,0,0,0,,0,0
4319158,São Miguel das Missões,266.68,2023,Língua Portuguesa,0,0,0,269.61,0,0
4319208,São Nicolau,253.7,2023,Língua Portuguesa,0,0,0,254.625,1,0
4319307,São Paulo das Missões,254.18,2023,Língua Portuguesa,0,0,0,284.695,0,0
4319356,São Pedro da Serra,254.35,2023,Língua Portuguesa,1,0,0,273.54999999999995,0,0
4319364,São Pedro das Missões,,2023,Língua Portuguesa,0,0,0,,0,0
4319372,São Pedro do Butiá,293.68,2023,Língua Portuguesa,0,0,0,291.7675,0,0
4319406,São Pedro do Sul,269.11,2023,Língua Portuguesa,0,0,0,264.2025,0,0
4319505,São Sebastião do Caí,274.64,2023,Língua Portuguesa,0,0,0,263.9225,0,0
4319604,São Sepé,262.08,2023,Língua Portuguesa,0,0,0,255.82750000000001,1,0
4319703,São Valentim,294.16,2023,Língua Portuguesa,0,0,0,269.0475,0,0
4319711,São Valentim do Sul,266.95,2023,Língua Portuguesa,0,0,0,290.6475,0,0
4319737,São Valério do Sul,272.6,2023,Língua Portuguesa,0,0,0,245.83499999999998,1,0
4319752,São Vendelino,276.3,2023,Língua Portuguesa,1,0,0,290.555,0,0
4319802,São Vicente do Sul,263.77,2023,Língua Portuguesa,0,0,0,262.9875,0,0
4319901,Sapiranga,275.72,2023,Língua Portuguesa,1,0,0,277.77250000000004,0,0
4320008,Sapucaia do Sul,266.67,2023,Língua Portuguesa,0,0,0,268.925,0,0
4320107,Sarandi,263.59,2023,Língua Portuguesa,0,0,0,265.0,0,0
4320206,Seberi,267.43,2023,Língua Portuguesa,0,0,0,278.505,0,0
4320230,Sede Nova,230.49,2023,Língua Portuguesa,0,0,0,276.6425,0,0
4320263,Segredo,,2023,Língua Portuguesa,1,0,0,270.01,0,0
4320305,Selbach,275.77,2023,Língua Portuguesa,0,0,0,287.625,0,0
4320321,Senador Salgado Filho,251.28,2023,Língua Portuguesa,0,0,0,268.28499999999997,0,0
4320354,Sentinela do Sul,,2023,Língua Portuguesa,1,0,0,229.37,1,0
4320404,Serafina Corrêa,266.72,2023,Língua Portuguesa,0,0,0,279.6825,0,0
4320453,Sério,250.52,2023,Língua Portuguesa,0,0,0,260.0575,1,0
4320503,Sertão,253.2,2023,Língua Portuguesa,0,0,0,260.6175,1,0
4320552,Sertão Santana,260.94,2023,Língua Portuguesa,1,0,0,267.15999999999997,0,0
4320578,Sete de Setembro,266.45,2023,Língua Portuguesa,0,0,0,278.165,0,0
4320602,Severiano de Almeida,293.23,2023,Língua Portuguesa,0,0,0,292.7975,0,0
4320651,Silveira Martins,,2023,Língua Portuguesa,0,0,0,283.24,0,0
4320677,Sinimbu,272.13,2023,Língua Portuguesa,0,0,0,275.19,0,0
4320701,Sobradinho,266.65,2023,Língua Portuguesa,0,0,0,265.2925,0,0
4320800,Soledade,267.73,2023,Língua Portuguesa,0,0,0,256.075,1,0
4320859,Tabaí,265.28,2023,Língua Portuguesa,0,0,0,274.5875,0,0
4320909,Tapejara,269.47,2023,Língua Portuguesa,0,0,0,267.5675,0,0
4321006,Tapera,278.72,2023,Língua Portuguesa,0,0,0,264.74,0,0
4321105,Tapes,262.84,2023,Língua Portuguesa,0,0,0,259.66499999999996,1,0
4321204,Taquara,263.44,2023,Língua Portuguesa,1,0,0,254.595,1,0
4321303,Taquari,261.95,2023,Língua Portuguesa,1,0,0,258.84,1,0
4321329,Taquaruçu do Sul,281.94,2023,Língua Portuguesa,0,0,0,285.52,0,0
4321352,Tavares,245.09,2023,Língua Portuguesa,0,0,0,250.535,1,0
4321402,Tenente Portela,264.13,2023,Língua Portuguesa,0,0,0,253.49,1,0
4321436,Terra de Areia,269.1,2023,Língua Portuguesa,0,0,0,282.2875,0,0
4321451,Teutônia,270.92,2023,Língua Portuguesa,0,0,0,284.005,0,0
4321469,Tio Hugo,267.34,2023,Língua Portuguesa,0,0,0,272.2075,0,0
4321477,Tiradentes do Sul,273.69,2023,Língua Portuguesa,0,0,0,283.9075,0,0
4321493,Toropi,275.82,2023,Língua Portuguesa,0,0,0,242.08749999999998,1,0
4321501,Torres,265.44,2023,Língua Portuguesa,0,0,0,265.0675,0,0
4321600,Tramandaí,268.41,2023,Língua Portuguesa,0,0,0,271.6275,0,0
4321626,Travesseiro,284.67,2023,Língua Portuguesa,0,0,0,275.8225,0,0
4321634,Três Arroios,284.21,2023,Língua Portuguesa,0,0,0,293.435,0,0
4321667,Três Cachoeiras,268.57,2023,Língua Portuguesa,0,0,0,274.79,0,0
4321709,Três Coroas,265.15,2023,Língua Portuguesa,0,0,0,281.4075,0,0
4321808,Três de Maio,262.74,2023,Língua Portuguesa,0,0,0,264.6975,0,0
4321832,Três Forquilhas,266.23,2023,Língua Portuguesa,0,0,0,263.8075,0,0
4321857,Três Palmeiras,239.42,2023,Língua Portuguesa,0,0,0,265.375,0,0
4321907,Três Passos,270.74,2023,Língua Portuguesa,0,0,0,276.645,0,0
4321956,Trindade do Sul,263.23,2023,Língua Portuguesa,0,0,0,267.1225,0,0
4322004,Triunfo,265.41,2023,Língua Portuguesa,0,0,0,248.135,1,0
4322103,Tucunduva,280.86,2023,Língua Portuguesa,0,0,0,279.47749999999996,0,0
4322152,Tunas,255.71,2023,Língua Portuguesa,0,0,0,260.325,1,0
4322186,Tupanci do Sul,292.98,2023,Língua Portuguesa,0,0,0,294.8675,0,0
4322202,Tupanciretã,249.77,2023,Língua Portuguesa,0,0,0,261.90250000000003,0,0
4322251,Tupandi,281.93,2023,Língua Portuguesa,1,0,0,297.295,0,0
4322301,Tuparendi,250.77,2023,Língua Portuguesa,0,0,0,265.695,0,0
4322327,Turuçu,245.14,2023,Língua Portuguesa,1,0,0,283.5375,0,0
4322343,Ubiretama,268.09,2023,Língua Portuguesa,0,0,0,256.1475,1,0
4322350,União da Serra,,2023,Língua Portuguesa,0,0,0,267.9825,0,0
4322376,Unistalda,245.97,2023,Língua Portuguesa,0,0,0,285.225,0,0
4322400,Uruguaiana,247.37,2023,Língua Portuguesa,0,0,0,246.65,1,0
4322509,Vacaria,263.08,2023,Língua Portuguesa,0,0,0,264.72249999999997,0,0
4322525,Vale Verde,249.34,2023,Língua Portuguesa,0,0,0,270.515,0,0
4322533,Vale do Sol,256.14,2023,Língua Portuguesa,0,0,0,270.97749999999996,0,0
4322541,Vale Real,282.68,2023,Língua Portuguesa,0,0,0,290.5575,0,0
4322558,Vanini,,2023,Língua Portuguesa,0,0,0,293.3175,0,0
4322608,Venâncio Aires,271.68,2023,Língua Portuguesa,0,0,0,269.6225,0,0
4322707,Vera Cruz,266.53,2023,Língua Portuguesa,0,0,0,267.53,0,0
4322806,Veranópolis,286.75,2023,Língua Portuguesa,0,0,0,275.505,0,0
4322855,Vespasiano Corrêa,258.38,2023,Língua Portuguesa,1,0,0,279.6375,0,0
4322905,Viadutos,266.92,2023,Língua Portuguesa,0,0,0,283.3825,0,0
4323002,Viamão,251.18,2023,Língua Portuguesa,0,0,0,248.1,1,0
4323101,Vicente Dutra,245.61,2023,Língua Portuguesa,0,0,0,240.8075,1,0
4323200,Victor Graeff,275.75,2023,Língua Portuguesa,0,0,0,273.8225,0,0
4323309,Vila Flores,295.09,2023,Língua Portuguesa,0,0,0,284.625,0,0
4323358,Vila Lângaro,235.13,2023,Língua Portuguesa,0,0,0,279.46,0,0
4323408,Vila Maria,268.07,2023,Língua Portuguesa,0,0,0,263.60749999999996,0,0
4323457,Vila Nova do Sul,241.66,2023,Língua Portuguesa,0,0,0,244.41,1,0
4323507,Vista Alegre,259.08,2023,Língua Portuguesa,0,0,0,278.615,0,0
4323606,Vista Alegre do Prata,251.42,2023,Língua Portuguesa,0,0,0,271.9225,0,0
4323705,Vista Gaúcha,249.76,2023,Língua Portuguesa,0,0,0,264.475,0,0
4323754,Vitória das Missões,289.22,2023,Língua Portuguesa,0,0,0,271.16,0,0
4323770,Westfália,278.38,2023,Língua Portuguesa,0,0,0,283.4925,0,0
4323804,Xangri-lá,256.14,2023,Língua Portuguesa,0,0,0,265.4425,0,0
4300034,Aceguá,255.96,2025,Matemática,0,1,0,258.8025,1,0
4300059,Água Santa,278.43,2025,Matemática,0,1,0,273.90999999999997,0,0
4300109,Agudo,266.92,2025,Matemática,1,1,1,283.125,0,0
4300208,Ajuricaba,294.12,2025,Matemática,0,1,0,282.4875,0,0
4300307,Alecrim,283.07,2025,Matemática,0,1,0,270.22,0,0
4300406,Alegrete,258.45,2025,Matemática,0,1,0,255.27499999999998,1,0
4300455,Alegria,255.55,2025,Matemática,0,1,0,248.785,1,0
4300471,Almirante Tamandaré do Sul,273.35,2025,Matemática,0,1,0,263.03499999999997,0,0
4300505,Alpestre,278.28000000000003,2025,Matemática,0,1,0,253.365,1,0
4300554,Alto Alegre,274.17,2025,Matemática,0,1,0,268.0275,0,0
4300570,Alto Feliz,277.14,2025,Matemática,1,1,1,272.85,0,0
4300604,Alvorada,244.74,2025,Matemática,0,1,0,249.875,1,0
4300638,Amaral Ferrador,253.58,2025,Matemática,0,1,0,243.3175,1,0
4300646,Ametista do Sul,256.56,2025,Matemática,0,1,0,260.3375,1,0
4300661,André da Rocha,282.01,2025,Matemática,0,1,0,,0,0
4300703,Anta Gorda,254.35,2025,Matemática,0,1,0,275.6625,0,0
4300802,Antônio Prado,271.98,2025,Matemática,0,1,0,278.4175,0,0
4300851,Arambaré,272.55,2025,Matemática,0,1,0,261.385,1,0
4300877,Araricá,273.96,2025,Matemática,1,1,1,267.5125,0,0
4300901,Aratiba,262.67,2025,Matemática,0,1,0,272.885,0,0
4301008,Arroio do Meio,290.76,2025,Matemática,0,1,0,278.38,0,0
4301057,Arroio do Sal,263.23,2025,Matemática,0,1,0,259.7175,1,0
4301073,Arroio do Padre,293.95,2025,Matemática,0,1,0,276.6875,0,0
4301107,Arroio dos Ratos,247.94,2025,Matemática,0,1,0,258.9475,1,0
4301206,Arroio do Tigre,282.48,2025,Matemática,1,1,1,273.1425,0,0
4301305,Arroio Grande,263.24,2025,Matemática,1,1,1,252.03,1,1
4301404,Arvorezinha,271.32,2025,Matemática,0,1,0,254.0325,1,0
4301503,Augusto Pestana,306.81,2025,Matemática,0,1,0,287.62,0,0
4301552,Áurea,272.9,2025,Matemática,0,1,0,287.3,0,0
4301602,Bagé,259.56,2025,Matemática,0,1,0,259.52750000000003,1,0
4301636,Balneário Pinhal,256.15,2025,Matemática,0,1,0,248.6575,1,0
4301651,Barão,290.88,2025,Matemática,1,1,1,286.47749999999996,0,0
4301701,Barão de Cotegipe,262.42,2025,Matemática,0,1,0,261.39,1,0
4301750,Barão do Triunfo,262.61,2025,Matemática,0,1,0,247.54500000000002,1,0
4301800,Barracão,284.33,2025,Matemática,0,1,0,260.42,1,0
4301859,Barra do Guarita,259.92,2025,Matemática,0,1,0,245.8625,1,0
4301875,Barra do Quaraí,235.56,2025,Matemática,0,1,0,246.0125,1,0
4301909,Barra do Ribeiro,252.3,2025,Matemática,0,1,0,248.1525,1,0
4301925,Barra do Rio Azul,,2025,Matemática,0,1,0,291.45500000000004,0,0
4301958,Barra Funda,277.59000000000003,2025,Matemática,0,1,0,280.58500000000004,0,0
4302006,Barros Cassal,248.37,2025,Matemática,0,1,0,242.02249999999998,1,0
4302055,Benjamin Constant do Sul,274.73,2025,Matemática,0,1,0,250.905,1,0
4302105,Bento Gonçalves,280.3,2025,Matemática,0,1,0,278.49,0,0
4302154,Boa Vista das Missões,260.7,2025,Matemática,0,1,0,272.745,0,0
4302204,Boa Vista do Buricá,308.78000000000003,2025,Matemática,0,1,0,283.9475,0,0
4302220,Boa Vista do Cadeado,289.7,2025,Matemática,0,1,0,232.07,1,0
4302238,Boa Vista do Incra,240.46,2025,Matemática,0,1,0,263.09000000000003,0,0
4302253,Boa Vista do Sul,279.39,2025,Matemática,0,1,0,276.225,0,0
4302303,Bom Jesus,272.61,2025,Matemática,0,1,0,262.40999999999997,0,0
4302352,Bom Princípio,288.05,2025,Matemática,1,1,1,294.6,0,0
4302378,Bom Progresso,262.13,2025,Matemática,0,1,0,272.47,0,0
4302402,Bom Retiro do Sul,276.18,2025,Matemática,1,1,1,279.4075,0,0
4302451,Boqueirão do Leão,271.76,2025,Matemática,0,1,0,260.3675,1,0
4302501,Bossoroca,249.1,2025,Matemática,0,1,0,250.0275,1,0
4302584,Bozano,255.03,2025,Matemática,0,1,0,283.14,0,0
4302600,Braga,246.83,2025,Matemática,0,1,0,266.14,0,0
4302659,Brochier,294.04,2025,Matemática,1,1,1,317.675,0,0
4302709,Butiá,250.73000000000002,2025,Matemática,1,1,1,227.42000000000002,1,1
4302808,Caçapava do Sul,262.44,2025,Matemática,0,1,0,254.54250000000002,1,0
4302907,Cacequi,240.52,2025,Matemática,0,1,0,243.95499999999998,1,0
4303004,Cachoeira do Sul,269.03000000000003,2025,Matemática,1,1,1,259.44,1,1
4303103,Cachoeirinha,256.79,2025,Matemática,0,1,0,254.6925,1,0
4303202,Cacique Doble,248.05,2025,Matemática,0,1,0,268.835,0,0
4303301,Caibaté,260.8,2025,Matemática,0,1,0,253.8675,1,0
4303400,Caiçara,273.83,2025,Matemática,0,1,0,263.9725,0,0
4303509,Camaquã,265.74,2025,Matemática,1,1,1,257.87,1,1
4303558,Camargo,264.75,2025,Matemática,0,1,0,277.94500000000005,0,0
4303608,Cambará do Sul,250.66,2025,Matemática,0,1,0,253.89499999999998,1,0
4303673,Campestre da Serra,288.0,2025,Matemática,0,1,0,280.15999999999997,0,0
4303707,Campina das Missões,308.11,2025,Matemática,0,1,0,276.8675,0,0
4303806,Campinas do Sul,291.41,2025,Matemática,0,1,0,287.3275,0,0
4303905,Campo Bom,275.93,2025,Matemática,1,1,1,277.98,0,0
4304002,Campo Novo,256.6,2025,Matemática,0,1,0,250.65,1,0
4304101,Campos Borges,260.16,2025,Matemática,0,1,0,248.02749999999997,1,0
4304200,Candelária,267.76,2025,Matemática,0,1,0,257.2225,1,0
4304309,Cândido Godói,296.41,2025,Matemática,0,1,0,277.0475,0,0
4304358,Candiota,259.35,2025,Matemática,0,1,0,256.425,1,0
4304408,Canela,269.87,2025,Matemática,0,1,0,265.1925,0,0
4304507,Canguçu,275.67,2025,Matemática,0,1,0,286.52250000000004,0,0
4304606,Canoas,260.69,2025,Matemática,1,1,1,262.84000000000003,0,0
4304614,Canudos do Vale,258.08,2025,Matemática,0,1,0,261.0825,1,0
4304622,Capão Bonito do Sul,272.82,2025,Matemática,0,1,0,252.98250000000002,1,0
4304630,Capão da Canoa,257.5,2025,Matemática,0,1,0,264.2625,0,0
4304655,Capão do Cipó,269.55,2025,Matemática,0,1,0,260.1325,1,0
4304663,Capão do Leão,250.1,2025,Matemática,1,1,1,257.65,1,1
4304671,Capivari do Sul,258.6,2025,Matemática,0,1,0,265.8975,0,0
4304689,Capela de Santana,281.34000000000003,2025,Matemática,1,1,1,260.0325,1,1
4304697,Capitão,278.54,2025,Matemática,0,1,0,275.08000000000004,0,0
4304705,Carazinho,267.0,2025,Matemática,0,1,0,258.59749999999997,1,0
4304713,Caraá,260.56,2025,Matemática,0,1,0,223.9,1,0
4304804,Carlos Barbosa,288.12,2025,Matemática,0,1,0,285.27,0,0
4304853,Carlos Gomes,,2025,Matemática,0,1,0,,0,0
4304903,Casca,275.48,2025,Matemática,0,1,0,270.7,0,0
4304952,Caseiros,261.16,2025,Matemática,0,1,0,258.97,1,0
4305009,Catuípe,288.38,2025,Matemática,0,1,0,271.6225,0,0
4305108,Caxias do Sul,264.33,2025,Matemática,1,1,1,268.43,0,0
4305116,Centenário,306.26,2025,Matemática,0,1,0,286.9775,0,0
4305124,Cerrito,259.25,2025,Matemática,0,1,0,267.835,0,0
4305132,Cerro Branco,290.11,2025,Matemática,0,1,0,271.105,0,0
4305157,Cerro Grande,253.84,2025,Matemática,0,1,0,279.815,0,0
4305173,Cerro Grande do Sul,252.53,2025,Matemática,1,1,1,264.0375,0,0
4305207,Cerro Largo,280.3,2025,Matemática,0,1,0,286.55,0,0
4305306,Chapada,273.39,2025,Matemática,0,1,0,270.98249999999996,0,0
4305355,Charqueadas,278.11,2025,Matemática,0,1,0,261.0675,1,0
4305371,Charrua,262.71,2025,Matemática,0,1,0,275.225,0,0
4305405,Chiapetta,277.22,2025,Matemática,0,1,0,261.68,1,0
4305439,Chuí,256.91,2025,Matemática,1,1,1,,0,0
4305447,Chuvisca,259.73,2025,Matemática,1,1,1,260.015,1,1
4305454,Cidreira,251.3,2025,Matemática,0,1,0,258.90999999999997,1,0
4305504,Ciríaco,283.99,2025,Matemática,0,1,0,256.21250000000003,1,0
4305587,Colinas,302.05,2025,Matemática,0,1,0,288.32,0,0
4305603,Colorado,290.19,2025,Matemática,0,1,0,291.46000000000004,0,0
4305702,Condor,276.17,2025,Matemática,0,1,0,268.6075,0,0
4305801,Constantina,277.42,2025,Matemática,0,1,0,268.3375,0,0
4305835,Coqueiro Baixo,,2025,Matemática,0,1,0,296.775,0,0
4305850,Coqueiros do Sul,278.83,2025,Matemática,0,1,0,235.36,1,0
4305871,Coronel Barros,289.12,2025,Matemática,0,1,0,287.375,0,0
4305900,Coronel Bicaco,260.95,2025,Matemática,0,1,0,251.2725,1,0
4305934,Coronel Pilar,,2025,Matemática,0,1,0,274.95500000000004,0,0
4305959,Cotiporã,295.71,2025,Matemática,0,1,0,279.155,0,0
4305975,Coxilha,257.22,2025,Matemática,0,1,0,262.2375,0,0
4306007,Crissiumal,281.6,2025,Matemática,0,1,0,277.26,0,0
4306056,Cristal,261.88,2025,Matemática,0,1,0,262.325,0,0
4306072,Cristal do Sul,254.3,2025,Matemática,0,1,0,239.67000000000002,1,0
4306106,Cruz Alta,256.4,2025,Matemática,0,1,0,255.2525,1,0
4306130,Cruzaltense,273.48,2025,Matemática,0,1,0,287.585,0,0
4306205,Cruzeiro do Sul,295.40000000000003,2025,Matemática,1,1,1,264.855,0,0
4306304,David Canabarro,287.85,2025,Matemática,0,1,0,268.75,0,0
4306320,Derrubadas,276.69,2025,Matemática,0,1,0,286.65999999999997,0,0
4306353,Dezesseis de Novembro,,2025,Matemática,0,1,0,257.25250000000005,1,0
4306379,Dilermando de Aguiar,254.92000000000002,2025,Matemática,0,1,0,,0,0
4306403,Dois Irmãos,294.63,2025,Matemática,1,1,1,281.48,0,0
4306429,Dois Irmãos das Missões,256.48,2025,Matemática,0,1,0,,0,0
4306452,Dois Lajeados,302.63,2025,Matemática,0,1,0,296.695,0,0
4306502,Dom Feliciano,267.17,2025,Matemática,1,1,1,267.5075,0,0
4306551,Dom Pedro de Alcântara,296.43,2025,Matemática,0,1,0,269.84,0,0
4306601,Dom Pedrito,259.74,2025,Matemática,0,1,0,249.8275,1,0
4306700,Dona Francisca,269.44,2025,Matemática,1,1,1,274.475,0,0
4306734,Doutor Maurício Cardoso,271.15,2025,Matemática,0,1,0,261.805,0,0
4306759,Doutor Ricardo,,2025,Matemática,0,1,0,,0,0
4306767,Eldorado do Sul,240.74,2025,Matemática,0,1,0,259.9975,1,0
4306809,Encantado,281.83,2025,Matemática,0,1,0,280.855,0,0
4306908,Encruzilhada do Sul,259.48,2025,Matemática,0,1,0,256.9325,1,0
4306924,Engenho Velho,233.47,2025,Matemática,0,1,0,227.77,1,0
4306932,Entre-Ijuís,272.18,2025,Matemática,0,1,0,262.28499999999997,0,0
4306957,Entre Rios do Sul,275.52,2025,Matemática,0,1,0,291.59000000000003,0,0
4306973,Erebango,,2025,Matemática,0,1,0,266.5475,0,0
4307005,Erechim,283.06,2025,Matemática,0,1,0,276.5175,0,0
4307054,Ernestina,260.49,2025,Matemática,0,1,0,262.69,0,0
4307104,Herval,254.22,2025,Matemática,0,1,0,258.245,1,0
4307203,Erval Grande,266.03000000000003,2025,Matemática,0,1,0,262.9125,0,0
4307302,Erval Seco,264.79,2025,Matemática,0,1,0,271.1925,0,0
4307401,Esmeralda,252.28,2025,Matemática,0,1,0,255.6775,1,0
4307450,Esperança do Sul,259.5,2025,Matemática,0,1,0,249.405,1,0
4307500,Espumoso,276.58,2025,Matemática,0,1,0,274.885,0,0
4307559,Estação,274.93,2025,Matemática,0,1,0,269.89,0,0
4307609,Estância Velha,273.88,2025,Matemática,1,1,1,271.89,0,0
4307708,Esteio,259.04,2025,Matemática,0,1,0,255.48250000000002,1,0
4307807,Estrela,285.43,2025,Matemática,1,1,1,272.0675,0,0
4307815,Estrela Velha,287.65000000000003,2025,Matemática,1,1,1,259.7125,1,1
4307831,Eugênio de Castro,286.32,2025,Matemática,0,1,0,275.15250000000003,0,0
4307864,Fagundes Varela,281.27,2025,Matemática,0,1,0,262.72249999999997,0,0
4307906,Farroupilha,291.01,2025,Matemática,0,1,0,289.96500000000003,0,0
4308003,Faxinal do Soturno,267.86,2025,Matemática,0,1,0,270.95,0,0
4308052,Faxinalzinho,246.65,2025,Matemática,0,1,0,238.07999999999998,1,0
4308078,Fazenda Vilanova,259.74,2025,Matemática,0,1,0,266.7075,0,0
4308102,Feliz,296.93,2025,Matemática,1,1,1,292.92,0,0
4308201,Flores da Cunha,282.7,2025,Matemática,0,1,0,287.8225,0,0
4308250,Floriano Peixoto,284.21,2025,Matemática,0,1,0,289.125,0,0
4308300,Fontoura Xavier,268.64,2025,Matemática,0,1,0,256.0175,1,0
4308409,Formigueiro,248.8,2025,Matemática,0,1,0,247.4175,1,0
4308433,Forquetinha,313.61,2025,Matemática,1,1,1,258.475,1,1
4308458,Fortaleza dos Valos,295.77,2025,Matemática,0,1,0,260.8175,1,0
4308508,Frederico Westphalen,284.02,2025,Matemática,0,1,0,281.63,0,0
4308607,Garibaldi,282.97,2025,Matemática,0,1,0,277.8825,0,0
4308656,Garruchos,273.25,2025,Matemática,0,1,0,263.995,0,0
4308706,Gaurama,281.53000000000003,2025,Matemática,0,1,0,277.07,0,0
4308805,General Câmara,258.57,2025,Matemática,0,1,0,238.71249999999998,1,0
4308854,Gentil,295.64,2025,Matemática,0,1,0,276.245,0,0
4308904,Getúlio Vargas,272.28000000000003,2025,Matemática,0,1,0,269.7425,0,0
4309001,Giruá,274.38,2025,Matemática,0,1,0,252.3975,1,0
4309050,Glorinha,254.49,2025,Matemática,0,1,0,260.4,1,0
4309100,Gramado,277.67,2025,Matemática,1,1,1,273.725,0,0
4309126,Gramado dos Loureiros,311.84000000000003,2025,Matemática,0,1,0,287.33500000000004,0,0
4309159,Gramado Xavier,258.92,2025,Matemática,0,1,0,262.23,0,0
4309209,Gravataí,259.8,2025,Matemática,0,1,0,258.17,1,0
4309258,Guabiju,303.0,2025,Matemática,0,1,0,295.995,0,0
4309308,Guaíba,259.89,2025,Matemática,0,1,0,259.62,1,0
4309407,Guaporé,266.05,2025,Matemática,0,1,0,270.3025,0,0
4309506,Guarani das Missões,293.62,2025,Matemática,0,1,0,260.4675,1,0
4309555,Harmonia,295.57,2025,Matemática,1,1,1,289.6925,0,0
4309571,Herveiras,264.73,2025,Matemática,0,1,0,,0,0
4309605,Horizontina,291.57,2025,Matemática,0,1,0,275.78999999999996,0,0
4309654,Hulha Negra,244.39000000000001,2025,Matemática,0,1,0,243.965,1,0
4309704,Humaitá,285.28000000000003,2025,Matemática,0,1,0,269.4625,0,0
4309753,Ibarama,276.84000000000003,2025,Matemática,1,1,1,266.0775,0,0
4309803,Ibiaçá,277.32,2025,Matemática,0,1,0,268.3,0,0
4309902,Ibiraiaras,288.95,2025,Matemática,0,1,0,277.61,0,0
4309951,Ibirapuitã,279.14,2025,Matemática,0,1,0,259.635,1,0
4310009,Ibirubá,288.71,2025,Matemática,0,1,0,284.3225,0,0
4310108,Igrejinha,277.2,2025,Matemática,1,1,1,280.45500000000004,0,0
4310207,Ijuí,280.71,2025,Matemática,0,1,0,276.125,0,0
4310306,Ilópolis,275.3,2025,Matemática,0,1,0,274.415,0,0
4310330,Imbé,266.61,2025,Matemática,0,1,0,265.9125,0,0
4310363,Imigrante,278.07,2025,Matemática,0,1,0,314.095,0,0
4310405,Independência,276.84000000000003,2025,Matemática,0,1,0,270.01,0,0
4310413,Inhacorá,245.67000000000002,2025,Matemática,0,1,0,241.72,1,0
4310439,Ipê,284.17,2025,Matemática,0,1,0,278.12,0,0
4310462,Ipiranga do Sul,292.54,2025,Matemática,0,1,0,273.4625,0,0
4310504,Iraí,281.26,2025,Matemática,0,1,0,278.305,0,0
4310538,Itaara,277.61,2025,Matemática,0,1,0,270.71500000000003,0,0
4310553,Itacurubi,260.49,2025,Matemática,0,1,0,248.8,1,0
4310579,Itapuca,274.13,2025,Matemática,0,1,0,261.815,0,0
4310603,Itaqui,257.02,2025,Matemática,0,1,0,250.2475,1,0
4310652,Itati,258.8,2025,Matemática,0,1,0,277.8825,0,0
4310702,Itatiba do Sul,290.61,2025,Matemática,0,1,0,281.985,0,0
4310751,Ivorá,,2025,Matemática,0,1,0,257.36,1,0
4310801,Ivoti,291.87,2025,Matemática,1,1,1,290.4175,0,0
4310850,Jaboticaba,280.67,2025,Matemática,0,1,0,270.905,0,0
4310876,Jacuizinho,251.94,2025,Matemática,0,1,0,230.04,1,0
4310900,Jacutinga,292.82,2025,Matemática,0,1,0,288.6225,0,0
4311007,Jaguarão,267.32,2025,Matemática,0,1,0,266.1075,0,0
4311106,Jaguari,282.06,2025,Matemática,0,1,0,275.045,0,0
4311122,Jaquirana,242.68,2025,Matemática,0,1,0,242.95,1,0
4311130,Jari,276.41,2025,Matemática,0,1,0,263.505,0,0
4311155,Jóia,268.7,2025,Matemática,0,1,0,269.4425,0,0
4311205,Júlio de Castilhos,258.45,2025,Matemática,0,1,0,262.755,0,0
4311239,Lagoa Bonita do Sul,270.38,2025,Matemática,0,1,0,245.8575,1,0
4311254,Lagoão,251.55,2025,Matemática,0,1,0,265.555,0,0
4311270,Lagoa dos Três Cantos,281.31,2025,Matemática,0,1,0,278.515,0,0
4311304,Lagoa Vermelha,265.39,2025,Matemática,0,1,0,258.63,1,0
4311403,Lajeado,269.84000000000003,2025,Matemática,1,1,1,276.10249999999996,0,0
4311429,Lajeado do Bugre,270.49,2025,Matemática,0,1,0,,0,0
4311502,Lavras do Sul,245.82,2025,Matemática,0,1,0,254.60250000000002,1,0
4311601,Liberato Salzano,277.07,2025,Matemática,0,1,0,265.94,0,0
4311627,Lindolfo Collor,267.75,2025,Matemática,0,1,0,281.4275,0,0
4311643,Linha Nova,275.5,2025,Matemática,1,1,1,286.825,0,0
4311700,Machadinho,280.31,2025,Matemática,0,1,0,260.32,1,0
4311718,Maçambará,250.1,2025,Matemática,0,1,0,232.3275,1,0
4311734,Mampituba,265.52,2025,Matemática,0,1,0,271.475,0,0
4311759,Manoel Viana,267.65,2025,Matemática,0,1,0,253.1625,1,0
4311775,Maquiné,258.4,2025,Matemática,0,1,0,261.61,1,0
4311791,Maratá,281.61,2025,Matemática,0,1,0,279.76,0,0
4311809,Marau,265.45,2025,Matemática,0,1,0,265.78,0,0
4311908,Marcelino Ramos,268.1,2025,Matemática,0,1,0,244.51999999999998,1,0
4311981,Mariana Pimentel,261.25,2025,Matemática,0,1,0,261.555,1,0
4312005,Mariano Moro,282.46,2025,Matemática,0,1,0,237.0475,1,0
4312054,Marques de Souza,279.1,2025,Matemática,0,1,0,283.3525,0,0
4312104,Mata,265.93,2025,Matemática,0,1,0,262.84250000000003,0,0
4312138,Mato Castelhano,261.41,2025,Matemática,0,1,0,232.94,1,0
4312153,Mato Leitão,302.21,2025,Matemática,0,1,0,283.765,0,0
4312179,Mato Queimado,288.23,2025,Matemática,0,1,0,284.9875,0,0
4312203,Maximiliano de Almeida,268.9,2025,Matemática,0,1,0,264.61,0,0
4312252,Minas do Leão,273.8,2025,Matemática,1,1,1,256.20500000000004,1,1
4312302,Miraguaí,269.04,2025,Matemática,0,1,0,251.9525,1,0
4312351,Montauri,320.75,2025,Matemática,0,1,0,300.265,0,0
4312377,Monte Alegre dos Campos,267.75,2025,Matemática,0,1,0,244.48250000000002,1,0
4312385,Monte Belo do Sul,301.44,2025,Matemática,0,1,0,282.6375,0,0
4312401,Montenegro,263.9,2025,Matemática,1,1,1,261.1775,1,1
4312427,Mormaço,281.05,2025,Matemática,0,1,0,259.805,1,0
4312443,Morrinhos do Sul,284.84000000000003,2025,Matemática,0,1,0,286.285,0,0
4312450,Morro Redondo,277.32,2025,Matemática,0,1,0,270.59000000000003,0,0
4312476,Morro Reuter,306.07,2025,Matemática,1,1,1,287.4925,0,0
4312500,Mostardas,258.46,2025,Matemática,0,1,0,251.8225,1,0
4312609,Muçum,288.77,2025,Matemática,0,1,0,268.775,0,0
4312617,Muitos Capões,255.43,2025,Matemática,0,1,0,260.4375,1,0
4312625,Muliterno,276.79,2025,Matemática,0,1,0,261.045,1,0
4312658,Não-Me-Toque,267.71,2025,Matemática,0,1,0,260.67,1,0
4312674,Nicolau Vergueiro,266.82,2025,Matemática,0,1,0,246.98,1,0
4312708,Nonoai,255.14000000000001,2025,Matemática,0,1,0,269.1175,0,0
4312757,Nova Alvorada,275.18,2025,Matemática,0,1,0,281.76,0,0
4312807,Nova Araçá,257.75,2025,Matemática,0,1,0,274.5925,0,0
4312906,Nova Bassano,274.55,2025,Matemática,0,1,0,266.2675,0,0
4312955,Nova Boa Vista,283.05,2025,Matemática,0,1,0,276.22249999999997,0,0
4313003,Nova Bréscia,291.90000000000003,2025,Matemática,0,1,0,269.0575,0,0
4313011,Nova Candelária,302.31,2025,Matemática,0,1,0,284.65999999999997,0,0
4313037,Nova Esperança do Sul,262.49,2025,Matemática,0,1,0,253.46,1,0
4313060,Nova Hartz,275.81,2025,Matemática,1,1,1,269.175,0,0
4313086,Nova Pádua,279.05,2025,Matemática,0,1,0,262.9375,0,0
4313102,Nova Palma,281.01,2025,Matemática,0,1,0,264.4275,0,0
4313201,Nova Petrópolis,297.32,2025,Matemática,0,1,0,295.1225,0,0
4313300,Nova Prata,279.62,2025,Matemática,0,1,0,272.12,0,0
4313334,Nova Ramada,293.76,2025,Matemática,0,1,0,,0,0
4313359,Nova Roma do Sul,293.27,2025,Matemática,0,1,0,282.83500000000004,0,0
4313375,Nova Santa Rita,263.21,2025,Matemática,0,1,0,263.56,0,0
4313391,Novo Cabrais,273.75,2025,Matemática,0,1,0,,0,0
4313409,Novo Hamburgo,257.26,2025,Matemática,1,1,1,262.5975,0,0
4313425,Novo Machado,280.09000000000003,2025,Matemática,0,1,0,273.24,0,0
4313441,Novo Tiradentes,266.04,2025,Matemática,0,1,0,,0,0
4313466,Novo Xingu,272.4,2025,Matemática,0,1,0,264.58000000000004,0,0
4313490,Novo Barreiro,284.04,2025,Matemática,0,1,0,245.58499999999998,1,0
4313508,Osório,265.84000000000003,2025,Matemática,0,1,0,270.8225,0,0
4313607,Paim Filho,273.87,2025,Matemática,0,1,0,254.39,1,0
4313656,Palmares do Sul,247.4,2025,Matemática,0,1,0,248.7225,1,0
4313706,Palmeira das Missões,279.56,2025,Matemática,0,1,0,256.305,1,0
4313805,Palmitinho,280.34000000000003,2025,Matemática,0,1,0,269.9325,0,0
4313904,Panambi,278.06,2025,Matemática,0,1,0,276.56,0,0
4313953,Pantano Grande,238.5,2025,Matemática,0,1,0,246.0575,1,0
4314001,Paraí,287.63,2025,Matemática,0,1,0,279.74,0,0
4314027,Paraíso do Sul,290.47,2025,Matemática,1,1,1,270.52250000000004,0,0
4314035,Pareci Novo,270.22,2025,Matemática,1,1,1,283.0425,0,0
4314050,Parobé,265.18,2025,Matemática,1,1,1,267.53999999999996,0,0
4314068,Passa Sete,279.58,2025,Matemática,0,1,0,273.87,0,0
4314076,Passo do Sobrado,271.0,2025,Matemática,0,1,0,267.4075,0,0
4314100,Passo Fundo,251.3,2025,Matemática,0,1,0,257.48,1,0
4314134,Paulo Bento,289.86,2025,Matemática,0,1,0,274.035,0,0
4314159,Paverama,264.33,2025,Matemática,0,1,0,258.2,1,0
4314175,Pedras Altas,236.16,2025,Matemática,0,1,0,,0,0
4314209,Pedro Osório,238.18,2025,Matemática,0,1,0,243.815,1,0
4314308,Pejuçara,292.3,2025,Matemática,0,1,0,274.65250000000003,0,0
4314407,Pelotas,248.68,2025,Matemática,1,1,1,264.845,0,0
4314423,Picada Café,297.23,2025,Matemática,0,1,0,294.65999999999997,0,0
4314456,Pinhal,282.61,2025,Matemática,0,1,0,269.0825,0,0
4314464,Pinhal da Serra,273.03000000000003,2025,Matemática,0,1,0,271.9825,0,0
4314472,Pinhal Grande,301.72,2025,Matemática,0,1,0,276.085,0,0
4314498,Pinheirinho do Vale,286.23,2025,Matemática,0,1,0,278.35,0,0
4314506,Pinheiro Machado,244.63,2025,Matemática,0,1,0,261.7125,1,0
4314548,Pinto Bandeira,305.5,2025,Matemática,0,1,0,275.36,0,0
4314555,Pirapó,,2025,Matemática,0,1,0,263.7625,0,0
4314605,Piratini,257.82,2025,Matemática,0,1,0,256.49,1,0
4314704,Planalto,271.1,2025,Matemática,0,1,0,264.48,0,0
4314753,Poço das Antas,308.14,2025,Matemática,1,1,1,276.18,0,0
4314779,Pontão,276.18,2025,Matemática,0,1,0,272.495,0,0
4314787,Ponte Preta,264.01,2025,Matemática,0,1,0,269.605,0,0
4314803,Portão,269.86,2025,Matemática,1,1,1,280.7,0,0
4314902,Porto Alegre,250.93,2025,Matemática,1,1,1,253.5,1,1
4315008,Porto Lucena,288.46,2025,Matemática,0,1,0,265.32,0,0
4315057,Porto Mauá,260.89,2025,Matemática,0,1,0,254.38,1,0
4315073,Porto Vera Cruz,273.36,2025,Matemática,0,1,0,263.54,0,0
4315107,Porto Xavier,274.55,2025,Matemática,0,1,0,272.135,0,0
4315131,Pouso Novo,288.28000000000003,2025,Matemática,0,1,0,264.1375,0,0
4315149,Presidente Lucena,299.45,2025,Matemática,1,1,1,286.67,0,0
4315156,Progresso,258.53000000000003,2025,Matemática,0,1,0,247.5275,1,0
4315172,Protásio Alves,281.28000000000003,2025,Matemática,0,1,0,264.3575,0,0
4315206,Putinga,303.98,2025,Matemática,0,1,0,246.4325,1,0
4315305,Quaraí,268.89,2025,Matemática,0,1,0,267.21500000000003,0,0
4315313,Quatro Irmãos,252.35,2025,Matemática,0,1,0,261.11,1,0
4315321,Quevedos,229.4,2025,Matemática,0,1,0,253.7125,1,0
4315354,Quinze de Novembro,286.37,2025,Matemática,0,1,0,275.4375,0,0
4315404,Redentora,248.45000000000002,2025,Matemática,0,1,0,250.36,1,0
4315453,Relvado,300.34000000000003,2025,Matemática,0,1,0,281.5,0,0
4315503,Restinga Sêca,276.91,2025,Matemática,1,1,1,266.78249999999997,0,0
4315552,Rio dos Índios,272.82,2025,Matemática,0,1,0,265.09000000000003,0,0
4315602,Rio Grande,255.73000000000002,2025,Matemática,1,1,1,262.90749999999997,0,0
4315701,Rio Pardo,263.55,2025,Matemática,0,1,0,261.53999999999996,1,0
4315750,Riozinho,279.63,2025,Matemática,0,1,0,270.635,0,0
4315800,Roca Sales,284.78000000000003,2025,Matemática,0,1,0,264.0675,0,0
4315909,Rodeio Bonito,270.86,2025,Matemática,0,1,0,274.935,0,0
4315958,Rolador,280.01,2025,Matemática,0,1,0,280.1225,0,0
4316006,Rolante,264.22,2025,Matemática,0,1,0,268.5775,0,0
4316105,Ronda Alta,281.66,2025,Matemática,0,1,0,264.77,0,0
4316204,Rondinha,304.54,2025,Matemática,0,1,0,265.72249999999997,0,0
4316303,Roque Gonzales,268.39,2025,Matemática,0,1,0,277.695,0,0
4316402,Rosário do Sul,251.4,2025,Matemática,0,1,0,243.51999999999998,1,0
4316428,Sagrada Família,282.08,2025,Matemática,0,1,0,267.9,0,0
4316436,Saldanha Marinho,279.99,2025,Matemática,0,1,0,292.145,0,0
4316451,Salto do Jacuí,275.54,2025,Matemática,0,1,0,263.0675,0,0
4316477,Salvador das Missões,294.44,2025,Matemática,0,1,0,274.1075,0,0
4316501,Salvador do Sul,285.09000000000003,2025,Matemática,1,1,1,295.6075,0,0
4316600,Sananduva,269.29,2025,Matemática,0,1,0,278.63750000000005,0,0
4316709,Santa Bárbara do Sul,260.86,2025,Matemática,0,1,0,249.405,1,0
4316733,Santa Cecília do Sul,262.42,2025,Matemática,0,1,0,245.10500000000002,1,0
4316758,Santa Clara do Sul,284.76,2025,Matemática,0,1,0,284.4125,0,0
4316808,Santa Cruz do Sul,281.82,2025,Matemática,0,1,0,277.06,0,0
4316907,Santa Maria,271.13,2025,Matemática,0,1,0,270.0075,0,0
4316956,Santa Maria do Herval,309.1,2025,Matemática,1,1,1,290.365,0,0
4316972,Santa Margarida do Sul,263.06,2025,Matemática,0,1,0,252.86,1,0
4317004,Santana da Boa Vista,266.68,2025,Matemática,0,1,0,240.97,1,0
4317103,Sant'Ana do Livramento,250.65,2025,Matemática,0,1,0,250.275,1,0
4317202,Santa Rosa,282.13,2025,Matemática,0,1,0,270.305,0,0
4317251,Santa Tereza,,2025,Matemática,0,1,0,298.14,0,0
4317301,Santa Vitória do Palmar,253.98000000000002,2025,Matemática,1,1,1,239.61,1,1
4317400,Santiago,268.16,2025,Matemática,0,1,0,263.0475,0,0
4317509,Santo Ângelo,268.54,2025,Matemática,0,1,0,260.2575,1,0
4317558,Santo Antônio do Palma,283.83,2025,Matemática,0,1,0,267.3575,0,0
4317608,Santo Antônio da Patrulha,272.84000000000003,2025,Matemática,0,1,0,267.955,0,0
4317707,Santo Antônio das Missões,250.78,2025,Matemática,0,1,0,259.145,1,0
4317756,Santo Antônio do Planalto,255.97,2025,Matemática,0,1,0,269.45000000000005,0,0
4317806,Santo Augusto,280.38,2025,Matemática,0,1,0,262.945,0,0
4317905,Santo Cristo,288.19,2025,Matemática,0,1,0,280.7475,0,0
4317954,Santo Expedito do Sul,274.88,2025,Matemática,0,1,0,273.025,0,0
4318002,São Borja,252.74,2025,Matemática,0,1,0,247.0775,1,0
4318051,São Domingos do Sul,282.58,2025,Matemática,0,1,0,281.8975,0,0
4318101,São Francisco de Assis,248.01000000000002,2025,Matemática,0,1,0,235.9175,1,0
4318200,São Francisco de Paula,256.53000000000003,2025,Matemática,0,1,0,250.665,1,0
4318309,São Gabriel,259.18,2025,Matemática,0,1,0,246.1925,1,0
4318408,São Jerônimo,258.35,2025,Matemática,0,1,0,256.955,1,0
4318424,São João da Urtiga,284.85,2025,Matemática,0,1,0,270.5125,0,0
4318432,São João do Polêsine,,2025,Matemática,0,1,0,286.72,0,0
4318440,São Jorge,268.6,2025,Matemática,0,1,0,261.30499999999995,1,0
4318457,São José das Missões,264.29,2025,Matemática,0,1,0,269.15500000000003,0,0
4318465,São José do Herval,250.4,2025,Matemática,0,1,0,275.05,0,0
4318481,São José do Hortêncio,291.88,2025,Matemática,1,1,1,288.51750000000004,0,0
4318499,São José do Inhacorá,317.96,2025,Matemática,0,1,0,,0,0
4318507,São José do Norte,257.08,2025,Matemática,1,1,1,259.2975,1,1
4318606,São José do Ouro,281.81,2025,Matemática,0,1,0,274.76,0,0
4318614,São José do Sul,261.7,2025,Matemática,1,1,1,272.265,0,0
4318622,São José dos Ausentes,256.9,2025,Matemática,0,1,0,251.92000000000002,1,0
4318705,São Leopoldo,256.77,2025,Matemática,1,1,1,262.5125,0,0
4318804,São Lourenço do Sul,271.54,2025,Matemática,1,1,1,278.795,0,0
4318903,São Luiz Gonzaga,269.87,2025,Matemática,0,1,0,261.3875,1,0
4319000,São Marcos,282.84000000000003,2025,Matemática,0,1,0,293.1125,0,0
4319109,São Martinho,316.96,2025,Matemática,0,1,0,277.43,0,0
4319125,São Martinho da Serra,188.05,2025,Matemática,0,1,0,,0,0
4319158,São Miguel das Missões,266.01,2025,Matemática,0,1,0,269.61,0,0
4319208,São Nicolau,278.08,2025,Matemática,0,1,0,254.625,1,0
4319307,São Paulo das Missões,296.58,2025,Matemática,0,1,0,284.695,0,0
4319356,São Pedro da Serra,279.91,2025,Matemática,1,1,1,273.54999999999995,0,0
4319364,São Pedro das Missões,229.68,2025,Matemática,0,1,0,,0,0
4319372,São Pedro do Butiá,290.27,2025,Matemática,0,1,0,291.7675,0,0
4319406,São Pedro do Sul,266.79,2025,Matemática,0,1,0,264.2025,0,0
4319505,São Sebastião do Caí,268.37,2025,Matemática,0,1,0,263.9225,0,0
4319604,São Sepé,256.94,2025,Matemática,0,1,0,255.82750000000001,1,0
4319703,São Valentim,271.68,2025,Matemática,0,1,0,269.0475,0,0
4319711,São Valentim do Sul,304.03000000000003,2025,Matemática,0,1,0,290.6475,0,0
4319737,São Valério do Sul,279.48,2025,Matemática,0,1,0,245.83499999999998,1,0
4319752,São Vendelino,284.88,2025,Matemática,1,1,1,290.555,0,0
4319802,São Vicente do Sul,262.59000000000003,2025,Matemática,0,1,0,262.9875,0,0
4319901,Sapiranga,281.42,2025,Matemática,1,1,1,277.77250000000004,0,0
4320008,Sapucaia do Sul,262.18,2025,Matemática,0,1,0,268.925,0,0
4320107,Sarandi,263.79,2025,Matemática,0,1,0,265.0,0,0
4320206,Seberi,279.77,2025,Matemática,0,1,0,278.505,0,0
4320230,Sede Nova,261.35,2025,Matemática,0,1,0,276.6425,0,0
4320263,Segredo,264.76,2025,Matemática,1,1,1,270.01,0,0
4320305,Selbach,309.49,2025,Matemática,0,1,0,287.625,0,0
4320321,Senador Salgado Filho,273.24,2025,Matemática,0,1,0,268.28499999999997,0,0
4320354,Sentinela do Sul,241.19,2025,Matemática,1,1,1,229.37,1,1
4320404,Serafina Corrêa,264.66,2025,Matemática,0,1,0,279.6825,0,0
4320453,Sério,269.54,2025,Matemática,0,1,0,260.0575,1,0
4320503,Sertão,254.44,2025,Matemática,0,1,0,260.6175,1,0
4320552,Sertão Santana,260.58,2025,Matemática,1,1,1,267.15999999999997,0,0
4320578,Sete de Setembro,268.77,2025,Matemática,0,1,0,278.165,0,0
4320602,Severiano de Almeida,297.31,2025,Matemática,0,1,0,292.7975,0,0
4320651,Silveira Martins,230.96,2025,Matemática,0,1,0,283.24,0,0
4320677,Sinimbu,274.90000000000003,2025,Matemática,0,1,0,275.19,0,0
4320701,Sobradinho,257.78000000000003,2025,Matemática,0,1,0,265.2925,0,0
4320800,Soledade,264.79,2025,Matemática,0,1,0,256.075,1,0
4320859,Tabaí,270.77,2025,Matemática,0,1,0,274.5875,0,0
4320909,Tapejara,274.74,2025,Matemática,0,1,0,267.5675,0,0
4321006,Tapera,282.45,2025,Matemática,0,1,0,264.74,0,0
4321105,Tapes,258.92,2025,Matemática,0,1,0,259.66499999999996,1,0
4321204,Taquara,261.17,2025,Matemática,1,1,1,254.595,1,1
4321303,Taquari,268.33,2025,Matemática,1,1,1,258.84,1,1
4321329,Taquaruçu do Sul,307.2,2025,Matemática,0,1,0,285.52,0,0
4321352,Tavares,255.78,2025,Matemática,0,1,0,250.535,1,0
4321402,Tenente Portela,275.8,2025,Matemática,0,1,0,253.49,1,0
4321436,Terra de Areia,276.24,2025,Matemática,0,1,0,282.2875,0,0
4321451,Teutônia,282.87,2025,Matemática,0,1,0,284.005,0,0
4321469,Tio Hugo,262.48,2025,Matemática,0,1,0,272.2075,0,0
4321477,Tiradentes do Sul,294.63,2025,Matemática,0,1,0,283.9075,0,0
4321493,Toropi,281.78000000000003,2025,Matemática,0,1,0,242.08749999999998,1,0
4321501,Torres,271.23,2025,Matemática,0,1,0,265.0675,0,0
4321600,Tramandaí,266.9,2025,Matemática,0,1,0,271.6275,0,0
4321626,Travesseiro,297.74,2025,Matemática,0,1,0,275.8225,0,0
4321634,Três Arroios,281.76,2025,Matemática,0,1,0,293.435,0,0
4321667,Três Cachoeiras,292.43,2025,Matemática,0,1,0,274.79,0,0
4321709,Três Coroas,272.56,2025,Matemática,0,1,0,281.4075,0,0
4321808,Três de Maio,278.43,2025,Matemática,0,1,0,264.6975,0,0
4321832,Três Forquilhas,270.45,2025,Matemática,0,1,0,263.8075,0,0
4321857,Três Palmeiras,255.28,2025,Matemática,0,1,0,265.375,0,0
4321907,Três Passos,290.86,2025,Matemática,0,1,0,276.645,0,0
4321956,Trindade do Sul,261.97,2025,Matemática,0,1,0,267.1225,0,0
4322004,Triunfo,263.3,2025,Matemática,0,1,0,248.135,1,0
4322103,Tucunduva,288.53000000000003,2025,Matemática,0,1,0,279.47749999999996,0,0
4322152,Tunas,247.4,2025,Matemática,0,1,0,260.325,1,0
4322186,Tupanci do Sul,302.69,2025,Matemática,0,1,0,294.8675,0,0
4322202,Tupanciretã,270.02,2025,Matemática,0,1,0,261.90250000000003,0,0
4322251,Tupandi,313.8,2025,Matemática,1,1,1,297.295,0,0
4322301,Tuparendi,274.75,2025,Matemática,0,1,0,265.695,0,0
4322327,Turuçu,268.11,2025,Matemática,1,1,1,283.5375,0,0
4322343,Ubiretama,293.03000000000003,2025,Matemática,0,1,0,256.1475,1,0
4322376,Unistalda,259.61,2025,Matemática,0,1,0,285.225,0,0
4322400,Uruguaiana,246.86,2025,Matemática,0,1,0,246.65,1,0
4322509,Vacaria,259.84000000000003,2025,Matemática,0,1,0,264.72249999999997,0,0
4322525,Vale Verde,273.77,2025,Matemática,0,1,0,270.515,0,0
4322533,Vale do Sol,282.35,2025,Matemática,0,1,0,270.97749999999996,0,0
4322541,Vale Real,294.3,2025,Matemática,0,1,0,290.5575,0,0
4322558,Vanini,286.88,2025,Matemática,0,1,0,293.3175,0,0
4322608,Venâncio Aires,279.17,2025,Matemática,0,1,0,269.6225,0,0
4322707,Vera Cruz,267.77,2025,Matemática,0,1,0,267.53,0,0
4322806,Veranópolis,278.41,2025,Matemática,0,1,0,275.505,0,0
4322855,Vespasiano Corrêa,292.18,2025,Matemática,1,1,1,279.6375,0,0
4322905,Viadutos,278.35,2025,Matemática,0,1,0,283.3825,0,0
4323002,Viamão,251.76000000000002,2025,Matemática,0,1,0,248.1,1,0
4323101,Vicente Dutra,236.43,2025,Matemática,0,1,0,240.8075,1,0
4323200,Victor Graeff,270.82,2025,Matemática,0,1,0,273.8225,0,0
4323309,Vila Flores,290.46,2025,Matemática,0,1,0,284.625,0,0
4323358,Vila Lângaro,289.34000000000003,2025,Matemática,0,1,0,279.46,0,0
4323408,Vila Maria,269.45,2025,Matemática,0,1,0,263.60749999999996,0,0
4323457,Vila Nova do Sul,243.35,2025,Matemática,0,1,0,244.41,1,0
4323507,Vista Alegre,250.98000000000002,2025,Matemática,0,1,0,278.615,0,0
4323606,Vista Alegre do Prata,309.86,2025,Matemática,0,1,0,271.9225,0,0
4323705,Vista Gaúcha,291.35,2025,Matemática,0,1,0,264.475,0,0
4323754,Vitória das Missões,286.26,2025,Matemática,0,1,0,271.16,0,0
4323770,Westfália,306.29,2025,Matemática,0,1,0,283.4925,0,0
4323804,Xangri-lá,262.66,2025,Matemática,0,1,0,265.4425,0,0
4300034,Aceguá,269.64,2025,Língua Portuguesa,0,1,0,258.8025,1,0
4300059,Água Santa,267.21,2025,Língua Portuguesa,0,1,0,273.90999999999997,0,0
4300109,Agudo,265.18,2025,Língua Portuguesa,1,1,1,283.125,0,0
4300208,Ajuricaba,286.43,2025,Língua Portuguesa,0,1,0,282.4875,0,0
4300307,Alecrim,267.76,2025,Língua Portuguesa,0,1,0,270.22,0,0
4300406,Alegrete,267.25,2025,Língua Portuguesa,0,1,0,255.27499999999998,1,0
4300455,Alegria,245.16,2025,Língua Portuguesa,0,1,0,248.785,1,0
4300471,Almirante Tamandaré do Sul,273.78000000000003,2025,Língua Portuguesa,0,1,0,263.03499999999997,0,0
4300505,Alpestre,272.43,2025,Língua Portuguesa,0,1,0,253.365,1,0
4300554,Alto Alegre,280.27,2025,Língua Portuguesa,0,1,0,268.0275,0,0
4300570,Alto Feliz,284.23,2025,Língua Portuguesa,1,1,1,272.85,0,0
4300604,Alvorada,258.02,2025,Língua Portuguesa,0,1,0,249.875,1,0
4300638,Amaral Ferrador,257.73,2025,Língua Portuguesa,0,1,0,243.3175,1,0
4300646,Ametista do Sul,259.96,2025,Língua Portuguesa,0,1,0,260.3375,1,0
4300661,André da Rocha,290.46,2025,Língua Portuguesa,0,1,0,,0,0
4300703,Anta Gorda,263.13,2025,Língua Portuguesa,0,1,0,275.6625,0,0
4300802,Antônio Prado,270.79,2025,Língua Portuguesa,0,1,0,278.4175,0,0
4300851,Arambaré,284.89,2025,Língua Portuguesa,0,1,0,261.385,1,0
4300877,Araricá,273.2,2025,Língua Portuguesa,1,1,1,267.5125,0,0
4300901,Aratiba,267.24,2025,Língua Portuguesa,0,1,0,272.885,0,0
4301008,Arroio do Meio,279.74,2025,Língua Portuguesa,0,1,0,278.38,0,0
4301057,Arroio do Sal,274.02,2025,Língua Portuguesa,0,1,0,259.7175,1,0
4301073,Arroio do Padre,288.36,2025,Língua Portuguesa,0,1,0,276.6875,0,0
4301107,Arroio dos Ratos,259.19,2025,Língua Portuguesa,0,1,0,258.9475,1,0
4301206,Arroio do Tigre,283.48,2025,Língua Portuguesa,1,1,1,273.1425,0,0
4301305,Arroio Grande,266.76,2025,Língua Portuguesa,1,1,1,252.03,1,1
4301404,Arvorezinha,259.47,2025,Língua Portuguesa,0,1,0,254.0325,1,0
4301503,Augusto Pestana,285.69,2025,Língua Portuguesa,0,1,0,287.62,0,0
4301552,Áurea,270.32,2025,Língua Portuguesa,0,1,0,287.3,0,0
4301602,Bagé,264.53000000000003,2025,Língua Portuguesa,0,1,0,259.52750000000003,1,0
4301636,Balneário Pinhal,260.76,2025,Língua Portuguesa,0,1,0,248.6575,1,0
4301651,Barão,282.6,2025,Língua Portuguesa,1,1,1,286.47749999999996,0,0
4301701,Barão de Cotegipe,255.70000000000002,2025,Língua Portuguesa,0,1,0,261.39,1,0
4301750,Barão do Triunfo,266.59000000000003,2025,Língua Portuguesa,0,1,0,247.54500000000002,1,0
4301800,Barracão,285.97,2025,Língua Portuguesa,0,1,0,260.42,1,0
4301859,Barra do Guarita,260.74,2025,Língua Portuguesa,0,1,0,245.8625,1,0
4301875,Barra do Quaraí,250.63,2025,Língua Portuguesa,0,1,0,246.0125,1,0
4301909,Barra do Ribeiro,258.84000000000003,2025,Língua Portuguesa,0,1,0,248.1525,1,0
4301925,Barra do Rio Azul,,2025,Língua Portuguesa,0,1,0,291.45500000000004,0,0
4301958,Barra Funda,277.62,2025,Língua Portuguesa,0,1,0,280.58500000000004,0,0
4302006,Barros Cassal,244.82,2025,Língua Portuguesa,0,1,0,242.02249999999998,1,0
4302055,Benjamin Constant do Sul,274.85,2025,Língua Portuguesa,0,1,0,250.905,1,0
4302105,Bento Gonçalves,281.24,2025,Língua Portuguesa,0,1,0,278.49,0,0
4302154,Boa Vista das Missões,271.75,2025,Língua Portuguesa,0,1,0,272.745,0,0
4302204,Boa Vista do Buricá,288.39,2025,Língua Portuguesa,0,1,0,283.9475,0,0
4302220,Boa Vista do Cadeado,285.36,2025,Língua Portuguesa,0,1,0,232.07,1,0
4302238,Boa Vista do Incra,263.49,2025,Língua Portuguesa,0,1,0,263.09000000000003,0,0
4302253,Boa Vista do Sul,289.48,2025,Língua Portuguesa,0,1,0,276.225,0,0
4302303,Bom Jesus,270.51,2025,Língua Portuguesa,0,1,0,262.40999999999997,0,0
4302352,Bom Princípio,279.24,2025,Língua Portuguesa,1,1,1,294.6,0,0
4302378,Bom Progresso,274.39,2025,Língua Portuguesa,0,1,0,272.47,0,0
4302402,Bom Retiro do Sul,272.36,2025,Língua Portuguesa,1,1,1,279.4075,0,0
4302451,Boqueirão do Leão,264.57,2025,Língua Portuguesa,0,1,0,260.3675,1,0
4302501,Bossoroca,249.55,2025,Língua Portuguesa,0,1,0,250.0275,1,0
4302584,Bozano,266.4,2025,Língua Portuguesa,0,1,0,283.14,0,0
4302600,Braga,254.48000000000002,2025,Língua Portuguesa,0,1,0,266.14,0,0
4302659,Brochier,289.74,2025,Língua Portuguesa,1,1,1,317.675,0,0
4302709,Butiá,260.93,2025,Língua Portuguesa,1,1,1,227.42000000000002,1,1
4302808,Caçapava do Sul,264.99,2025,Língua Portuguesa,0,1,0,254.54250000000002,1,0
4302907,Cacequi,246.35,2025,Língua Portuguesa,0,1,0,243.95499999999998,1,0
4303004,Cachoeira do Sul,277.25,2025,Língua Portuguesa,1,1,1,259.44,1,1
4303103,Cachoeirinha,268.23,2025,Língua Portuguesa,0,1,0,254.6925,1,0
4303202,Cacique Doble,252.0,2025,Língua Portuguesa,0,1,0,268.835,0,0
4303301,Caibaté,275.82,2025,Língua Portuguesa,0,1,0,253.8675,1,0
4303400,Caiçara,274.72,2025,Língua Portuguesa,0,1,0,263.9725,0,0
4303509,Camaquã,271.49,2025,Língua Portuguesa,1,1,1,257.87,1,1
4303558,Camargo,248.41,2025,Língua Portuguesa,0,1,0,277.94500000000005,0,0
4303608,Cambará do Sul,254.39000000000001,2025,Língua Portuguesa,0,1,0,253.89499999999998,1,0
4303673,Campestre da Serra,259.64,2025,Língua Portuguesa,0,1,0,280.15999999999997,0,0
4303707,Campina das Missões,287.87,2025,Língua Portuguesa,0,1,0,276.8675,0,0
4303806,Campinas do Sul,277.83,2025,Língua Portuguesa,0,1,0,287.3275,0,0
4303905,Campo Bom,278.27,2025,Língua Portuguesa,1,1,1,277.98,0,0
4304002,Campo Novo,263.61,2025,Língua Portuguesa,0,1,0,250.65,1,0
4304101,Campos Borges,262.28000000000003,2025,Língua Portuguesa,0,1,0,248.02749999999997,1,0
4304200,Candelária,266.32,2025,Língua Portuguesa,0,1,0,257.2225,1,0
4304309,Cândido Godói,288.86,2025,Língua Portuguesa,0,1,0,277.0475,0,0
4304358,Candiota,266.76,2025,Língua Portuguesa,0,1,0,256.425,1,0
4304408,Canela,273.55,2025,Língua Portuguesa,0,1,0,265.1925,0,0
4304507,Canguçu,276.92,2025,Língua Portuguesa,0,1,0,286.52250000000004,0,0
4304606,Canoas,266.73,2025,Língua Portuguesa,1,1,1,262.84000000000003,0,0
4304614,Canudos do Vale,240.47,2025,Língua Portuguesa,0,1,0,261.0825,1,0
4304622,Capão Bonito do Sul,275.52,2025,Língua Portuguesa,0,1,0,252.98250000000002,1,0
4304630,Capão da Canoa,263.06,2025,Língua Portuguesa,0,1,0,264.2625,0,0
4304655,Capão do Cipó,262.26,2025,Língua Portuguesa,0,1,0,260.1325,1,0
4304663,Capão do Leão,262.23,2025,Língua Portuguesa,1,1,1,257.65,1,1
4304671,Capivari do Sul,257.8,2025,Língua Portuguesa,0,1,0,265.8975,0,0
4304689,Capela de Santana,285.43,2025,Língua Portuguesa,1,1,1,260.0325,1,1
4304697,Capitão,283.06,2025,Língua Portuguesa,0,1,0,275.08000000000004,0,0
4304705,Carazinho,269.77,2025,Língua Portuguesa,0,1,0,258.59749999999997,1,0
4304713,Caraá,270.68,2025,Língua Portuguesa,0,1,0,223.9,1,0
4304804,Carlos Barbosa,289.2,2025,Língua Portuguesa,0,1,0,285.27,0,0
4304853,Carlos Gomes,,2025,Língua Portuguesa,0,1,0,,0,0
4304903,Casca,273.0,2025,Língua Portuguesa,0,1,0,270.7,0,0
4304952,Caseiros,248.38,2025,Língua Portuguesa,0,1,0,258.97,1,0
4305009,Catuípe,278.18,2025,Língua Portuguesa,0,1,0,271.6225,0,0
4305108,Caxias do Sul,269.07,2025,Língua Portuguesa,1,1,1,268.43,0,0
4305116,Centenário,288.97,2025,Língua Portuguesa,0,1,0,286.9775,0,0
4305124,Cerrito,255.91,2025,Língua Portuguesa,0,1,0,267.835,0,0
4305132,Cerro Branco,284.49,2025,Língua Portuguesa,0,1,0,271.105,0,0
4305157,Cerro Grande,266.7,2025,Língua Portuguesa,0,1,0,279.815,0,0
4305173,Cerro Grande do Sul,255.25,2025,Língua Portuguesa,1,1,1,264.0375,0,0
4305207,Cerro Largo,286.06,2025,Língua Portuguesa,0,1,0,286.55,0,0
4305306,Chapada,267.1,2025,Língua Portuguesa,0,1,0,270.98249999999996,0,0
4305355,Charqueadas,284.3,2025,Língua Portuguesa,0,1,0,261.0675,1,0
4305371,Charrua,261.58,2025,Língua Portuguesa,0,1,0,275.225,0,0
4305405,Chiapetta,269.92,2025,Língua Portuguesa,0,1,0,261.68,1,0
4305439,Chuí,270.38,2025,Língua Portuguesa,1,1,1,,0,0
4305447,Chuvisca,270.29,2025,Língua Portuguesa,1,1,1,260.015,1,1
4305454,Cidreira,259.95,2025,Língua Portuguesa,0,1,0,258.90999999999997,1,0
4305504,Ciríaco,275.14,2025,Língua Portuguesa,0,1,0,256.21250000000003,1,0
4305587,Colinas,306.39,2025,Língua Portuguesa,0,1,0,288.32,0,0
4305603,Colorado,284.15000000000003,2025,Língua Portuguesa,0,1,0,291.46000000000004,0,0
4305702,Condor,267.81,2025,Língua Portuguesa,0,1,0,268.6075,0,0
4305801,Constantina,281.58,2025,Língua Portuguesa,0,1,0,268.3375,0,0
4305835,Coqueiro Baixo,,2025,Língua Portuguesa,0,1,0,296.775,0,0
4305850,Coqueiros do Sul,289.16,2025,Língua Portuguesa,0,1,0,235.36,1,0
4305871,Coronel Barros,282.15000000000003,2025,Língua Portuguesa,0,1,0,287.375,0,0
4305900,Coronel Bicaco,267.57,2025,Língua Portuguesa,0,1,0,251.2725,1,0
4305934,Coronel Pilar,,2025,Língua Portuguesa,0,1,0,274.95500000000004,0,0
4305959,Cotiporã,281.1,2025,Língua Portuguesa,0,1,0,279.155,0,0
4305975,Coxilha,258.06,2025,Língua Portuguesa,0,1,0,262.2375,0,0
4306007,Crissiumal,283.45,2025,Língua Portuguesa,0,1,0,277.26,0,0
4306056,Cristal,263.74,2025,Língua Portuguesa,0,1,0,262.325,0,0
4306072,Cristal do Sul,255.67000000000002,2025,Língua Portuguesa,0,1,0,239.67000000000002,1,0
4306106,Cruz Alta,268.78000000000003,2025,Língua Portuguesa,0,1,0,255.2525,1,0
4306130,Cruzaltense,277.05,2025,Língua Portuguesa,0,1,0,287.585,0,0
4306205,Cruzeiro do Sul,278.82,2025,Língua Portuguesa,1,1,1,264.855,0,0
4306304,David Canabarro,282.65000000000003,2025,Língua Portuguesa,0,1,0,268.75,0,0
4306320,Derrubadas,278.18,2025,Língua Portuguesa,0,1,0,286.65999999999997,0,0
4306353,Dezesseis de Novembro,,2025,Língua Portuguesa,0,1,0,257.25250000000005,1,0
4306379,Dilermando de Aguiar,247.01000000000002,2025,Língua Portuguesa,0,1,0,,0,0
4306403,Dois Irmãos,288.56,2025,Língua Portuguesa,1,1,1,281.48,0,0
4306429,Dois Irmãos das Missões,254.59,2025,Língua Portuguesa,0,1,0,,0,0
4306452,Dois Lajeados,286.61,2025,Língua Portuguesa,0,1,0,296.695,0,0
4306502,Dom Feliciano,271.98,2025,Língua Portuguesa,1,1,1,267.5075,0,0
4306551,Dom Pedro de Alcântara,286.73,2025,Língua Portuguesa,0,1,0,269.84,0,0
4306601,Dom Pedrito,266.4,2025,Língua Portuguesa,0,1,0,249.8275,1,0
4306700,Dona Francisca,284.66,2025,Língua Portuguesa,1,1,1,274.475,0,0
4306734,Doutor Maurício Cardoso,269.88,2025,Língua Portuguesa,0,1,0,261.805,0,0
4306759,Doutor Ricardo,,2025,Língua Portuguesa,0,1,0,,0,0
4306767,Eldorado do Sul,248.3,2025,Língua Portuguesa,0,1,0,259.9975,1,0
4306809,Encantado,284.26,2025,Língua Portuguesa,0,1,0,280.855,0,0
4306908,Encruzilhada do Sul,257.15,2025,Língua Portuguesa,0,1,0,256.9325,1,0
4306924,Engenho Velho,241.21,2025,Língua Portuguesa,0,1,0,227.77,1,0
4306932,Entre-Ijuís,281.59000000000003,2025,Língua Portuguesa,0,1,0,262.28499999999997,0,0
4306957,Entre Rios do Sul,272.77,2025,Língua Portuguesa,0,1,0,291.59000000000003,0,0
4306973,Erebango,,2025,Língua Portuguesa,0,1,0,266.5475,0,0
4307005,Erechim,281.57,2025,Língua Portuguesa,0,1,0,276.5175,0,0
4307054,Ernestina,261.31,2025,Língua Portuguesa,0,1,0,262.69,0,0
4307104,Herval,257.64,2025,Língua Portuguesa,0,1,0,258.245,1,0
4307203,Erval Grande,253.87,2025,Língua Portuguesa,0,1,0,262.9125,0,0
4307302,Erval Seco,273.81,2025,Língua Portuguesa,0,1,0,271.1925,0,0
4307401,Esmeralda,252.95000000000002,2025,Língua Portuguesa,0,1,0,255.6775,1,0
4307450,Esperança do Sul,257.21,2025,Língua Portuguesa,0,1,0,249.405,1,0
4307500,Espumoso,272.78000000000003,2025,Língua Portuguesa,0,1,0,274.885,0,0
4307559,Estação,267.66,2025,Língua Portuguesa,0,1,0,269.89,0,0
4307609,Estância Velha,276.96,2025,Língua Portuguesa,1,1,1,271.89,0,0
4307708,Esteio,265.49,2025,Língua Portuguesa,0,1,0,255.48250000000002,1,0
4307807,Estrela,277.78000000000003,2025,Língua Portuguesa,1,1,1,272.0675,0,0
4307815,Estrela Velha,275.59000000000003,2025,Língua Portuguesa,1,1,1,259.7125,1,1
4307831,Eugênio de Castro,279.87,2025,Língua Portuguesa,0,1,0,275.15250000000003,0,0
4307864,Fagundes Varela,282.23,2025,Língua Portuguesa,0,1,0,262.72249999999997,0,0
4307906,Farroupilha,289.36,2025,Língua Portuguesa,0,1,0,289.96500000000003,0,0
4308003,Faxinal do Soturno,261.53000000000003,2025,Língua Portuguesa,0,1,0,270.95,0,0
4308052,Faxinalzinho,247.89000000000001,2025,Língua Portuguesa,0,1,0,238.07999999999998,1,0
4308078,Fazenda Vilanova,280.11,2025,Língua Portuguesa,0,1,0,266.7075,0,0
4308102,Feliz,291.76,2025,Língua Portuguesa,1,1,1,292.92,0,0
4308201,Flores da Cunha,278.95,2025,Língua Portuguesa,0,1,0,287.8225,0,0
4308250,Floriano Peixoto,269.47,2025,Língua Portuguesa,0,1,0,289.125,0,0
4308300,Fontoura Xavier,277.81,2025,Língua Portuguesa,0,1,0,256.0175,1,0
4308409,Formigueiro,255.18,2025,Língua Portuguesa,0,1,0,247.4175,1,0
4308433,Forquetinha,299.32,2025,Língua Portuguesa,1,1,1,258.475,1,1
4308458,Fortaleza dos Valos,280.06,2025,Língua Portuguesa,0,1,0,260.8175,1,0
4308508,Frederico Westphalen,278.97,2025,Língua Portuguesa,0,1,0,281.63,0,0
4308607,Garibaldi,282.39,2025,Língua Portuguesa,0,1,0,277.8825,0,0
4308656,Garruchos,254.29,2025,Língua Portuguesa,0,1,0,263.995,0,0
4308706,Gaurama,285.82,2025,Língua Portuguesa,0,1,0,277.07,0,0
4308805,General Câmara,267.39,2025,Língua Portuguesa,0,1,0,238.71249999999998,1,0
4308854,Gentil,270.65,2025,Língua Portuguesa,0,1,0,276.245,0,0
4308904,Getúlio Vargas,273.74,2025,Língua Portuguesa,0,1,0,269.7425,0,0
4309001,Giruá,278.8,2025,Língua Portuguesa,0,1,0,252.3975,1,0
4309050,Glorinha,250.8,2025,Língua Portuguesa,0,1,0,260.4,1,0
4309100,Gramado,278.52,2025,Língua Portuguesa,1,1,1,273.725,0,0
4309126,Gramado dos Loureiros,273.45,2025,Língua Portuguesa,0,1,0,287.33500000000004,0,0
4309159,Gramado Xavier,266.96,2025,Língua Portuguesa,0,1,0,262.23,0,0
4309209,Gravataí,268.09000000000003,2025,Língua Portuguesa,0,1,0,258.17,1,0
4309258,Guabiju,285.34000000000003,2025,Língua Portuguesa,0,1,0,295.995,0,0
4309308,Guaíba,270.9,2025,Língua Portuguesa,0,1,0,259.62,1,0
4309407,Guaporé,266.69,2025,Língua Portuguesa,0,1,0,270.3025,0,0
4309506,Guarani das Missões,278.06,2025,Língua Portuguesa,0,1,0,260.4675,1,0
4309555,Harmonia,296.36,2025,Língua Portuguesa,1,1,1,289.6925,0,0
4309571,Herveiras,269.47,2025,Língua Portuguesa,0,1,0,,0,0
4309605,Horizontina,284.74,2025,Língua Portuguesa,0,1,0,275.78999999999996,0,0
4309654,Hulha Negra,241.63,2025,Língua Portuguesa,0,1,0,243.965,1,0
4309704,Humaitá,275.5,2025,Língua Portuguesa,0,1,0,269.4625,0,0
4309753,Ibarama,282.39,2025,Língua Portuguesa,1,1,1,266.0775,0,0
4309803,Ibiaçá,273.51,2025,Língua Portuguesa,0,1,0,268.3,0,0
4309902,Ibiraiaras,267.59000000000003,2025,Língua Portuguesa,0,1,0,277.61,0,0
4309951,Ibirapuitã,276.71,2025,Língua Portuguesa,0,1,0,259.635,1,0
4310009,Ibirubá,285.22,2025,Língua Portuguesa,0,1,0,284.3225,0,0
4310108,Igrejinha,276.43,2025,Língua Portuguesa,1,1,1,280.45500000000004,0,0
4310207,Ijuí,277.91,2025,Língua Portuguesa,0,1,0,276.125,0,0
4310306,Ilópolis,270.8,2025,Língua Portuguesa,0,1,0,274.415,0,0
4310330,Imbé,269.63,2025,Língua Portuguesa,0,1,0,265.9125,0,0
4310363,Imigrante,268.43,2025,Língua Portuguesa,0,1,0,314.095,0,0
4310405,Independência,271.16,2025,Língua Portuguesa,0,1,0,270.01,0,0
4310413,Inhacorá,241.91,2025,Língua Portuguesa,0,1,0,241.72,1,0
4310439,Ipê,279.23,2025,Língua Portuguesa,0,1,0,278.12,0,0
4310462,Ipiranga do Sul,289.06,2025,Língua Portuguesa,0,1,0,273.4625,0,0
4310504,Iraí,281.15000000000003,2025,Língua Portuguesa,0,1,0,278.305,0,0
4310538,Itaara,270.26,2025,Língua Portuguesa,0,1,0,270.71500000000003,0,0
4310553,Itacurubi,263.21,2025,Língua Portuguesa,0,1,0,248.8,1,0
4310579,Itapuca,278.41,2025,Língua Portuguesa,0,1,0,261.815,0,0
4310603,Itaqui,262.75,2025,Língua Portuguesa,0,1,0,250.2475,1,0
4310652,Itati,271.8,2025,Língua Portuguesa,0,1,0,277.8825,0,0
4310702,Itatiba do Sul,267.9,2025,Língua Portuguesa,0,1,0,281.985,0,0
4310751,Ivorá,,2025,Língua Portuguesa,0,1,0,257.36,1,0
4310801,Ivoti,286.31,2025,Língua Portuguesa,1,1,1,290.4175,0,0
4310850,Jaboticaba,280.34000000000003,2025,Língua Portuguesa,0,1,0,270.905,0,0
4310876,Jacuizinho,252.29,2025,Língua Portuguesa,0,1,0,230.04,1,0
4310900,Jacutinga,275.54,2025,Língua Portuguesa,0,1,0,288.6225,0,0
4311007,Jaguarão,280.19,2025,Língua Portuguesa,0,1,0,266.1075,0,0
4311106,Jaguari,277.66,2025,Língua Portuguesa,0,1,0,275.045,0,0
4311122,Jaquirana,254.33,2025,Língua Portuguesa,0,1,0,242.95,1,0
4311130,Jari,275.81,2025,Língua Portuguesa,0,1,0,263.505,0,0
4311155,Jóia,256.74,2025,Língua Portuguesa,0,1,0,269.4425,0,0
4311205,Júlio de Castilhos,262.95,2025,Língua Portuguesa,0,1,0,262.755,0,0
4311239,Lagoa Bonita do Sul,257.62,2025,Língua Portuguesa,0,1,0,245.8575,1,0
4311254,Lagoão,262.34000000000003,2025,Língua Portuguesa,0,1,0,265.555,0,0
4311270,Lagoa dos Três Cantos,281.41,2025,Língua Portuguesa,0,1,0,278.515,0,0
4311304,Lagoa Vermelha,272.95,2025,Língua Portuguesa,0,1,0,258.63,1,0
4311403,Lajeado,271.91,2025,Língua Portuguesa,1,1,1,276.10249999999996,0,0
4311429,Lajeado do Bugre,260.49,2025,Língua Portuguesa,0,1,0,,0,0
4311502,Lavras do Sul,246.57,2025,Língua Portuguesa,0,1,0,254.60250000000002,1,0
4311601,Liberato Salzano,271.98,2025,Língua Portuguesa,0,1,0,265.94,0,0
4311627,Lindolfo Collor,260.3,2025,Língua Portuguesa,0,1,0,281.4275,0,0
4311643,Linha Nova,284.67,2025,Língua Portuguesa,1,1,1,286.825,0,0
4311700,Machadinho,275.2,2025,Língua Portuguesa,0,1,0,260.32,1,0
4311718,Maçambará,249.99,2025,Língua Portuguesa,0,1,0,232.3275,1,0
4311734,Mampituba,270.29,2025,Língua Portuguesa,0,1,0,271.475,0,0
4311759,Manoel Viana,273.14,2025,Língua Portuguesa,0,1,0,253.1625,1,0
4311775,Maquiné,264.81,2025,Língua Portuguesa,0,1,0,261.61,1,0
4311791,Maratá,278.7,2025,Língua Portuguesa,0,1,0,279.76,0,0
4311809,Marau,271.39,2025,Língua Portuguesa,0,1,0,265.78,0,0
4311908,Marcelino Ramos,261.8,2025,Língua Portuguesa,0,1,0,244.51999999999998,1,0
4311981,Mariana Pimentel,274.1,2025,Língua Portuguesa,0,1,0,261.555,1,0
4312005,Mariano Moro,286.97,2025,Língua Portuguesa,0,1,0,237.0475,1,0
4312054,Marques de Souza,266.91,2025,Língua Portuguesa,0,1,0,283.3525,0,0
4312104,Mata,274.63,2025,Língua Portuguesa,0,1,0,262.84250000000003,0,0
4312138,Mato Castelhano,263.76,2025,Língua Portuguesa,0,1,0,232.94,1,0
4312153,Mato Leitão,288.1,2025,Língua Portuguesa,0,1,0,283.765,0,0
4312179,Mato Queimado,277.11,2025,Língua Portuguesa,0,1,0,284.9875,0,0
4312203,Maximiliano de Almeida,268.6,2025,Língua Portuguesa,0,1,0,264.61,0,0
4312252,Minas do Leão,271.39,2025,Língua Portuguesa,1,1,1,256.20500000000004,1,1
4312302,Miraguaí,260.42,2025,Língua Portuguesa,0,1,0,251.9525,1,0
4312351,Montauri,297.83,2025,Língua Portuguesa,0,1,0,300.265,0,0
4312377,Monte Alegre dos Campos,272.18,2025,Língua Portuguesa,0,1,0,244.48250000000002,1,0
4312385,Monte Belo do Sul,294.79,2025,Língua Portuguesa,0,1,0,282.6375,0,0
4312401,Montenegro,270.13,2025,Língua Portuguesa,1,1,1,261.1775,1,1
4312427,Mormaço,271.76,2025,Língua Portuguesa,0,1,0,259.805,1,0
4312443,Morrinhos do Sul,305.59000000000003,2025,Língua Portuguesa,0,1,0,286.285,0,0
4312450,Morro Redondo,279.47,2025,Língua Portuguesa,0,1,0,270.59000000000003,0,0
4312476,Morro Reuter,297.98,2025,Língua Portuguesa,1,1,1,287.4925,0,0
4312500,Mostardas,267.12,2025,Língua Portuguesa,0,1,0,251.8225,1,0
4312609,Muçum,275.28000000000003,2025,Língua Portuguesa,0,1,0,268.775,0,0
4312617,Muitos Capões,247.06,2025,Língua Portuguesa,0,1,0,260.4375,1,0
4312625,Muliterno,263.65,2025,Língua Portuguesa,0,1,0,261.045,1,0
4312658,Não-Me-Toque,270.9,2025,Língua Portuguesa,0,1,0,260.67,1,0
4312674,Nicolau Vergueiro,239.53,2025,Língua Portuguesa,0,1,0,246.98,1,0
4312708,Nonoai,256.03000000000003,2025,Língua Portuguesa,0,1,0,269.1175,0,0
4312757,Nova Alvorada,273.12,2025,Língua Portuguesa,0,1,0,281.76,0,0
4312807,Nova Araçá,248.86,2025,Língua Portuguesa,0,1,0,274.5925,0,0
4312906,Nova Bassano,267.54,2025,Língua Portuguesa,0,1,0,266.2675,0,0
4312955,Nova Boa Vista,292.69,2025,Língua Portuguesa,0,1,0,276.22249999999997,0,0
4313003,Nova Bréscia,294.93,2025,Língua Portuguesa,0,1,0,269.0575,0,0
4313011,Nova Candelária,289.06,2025,Língua Portuguesa,0,1,0,284.65999999999997,0,0
4313037,Nova Esperança do Sul,266.63,2025,Língua Portuguesa,0,1,0,253.46,1,0
4313060,Nova Hartz,276.66,2025,Língua Portuguesa,1,1,1,269.175,0,0
4313086,Nova Pádua,264.59000000000003,2025,Língua Portuguesa,0,1,0,262.9375,0,0
4313102,Nova Palma,283.66,2025,Língua Portuguesa,0,1,0,264.4275,0,0
4313201,Nova Petrópolis,295.45,2025,Língua Portuguesa,0,1,0,295.1225,0,0
4313300,Nova Prata,281.69,2025,Língua Portuguesa,0,1,0,272.12,0,0
4313334,Nova Ramada,287.16,2025,Língua Portuguesa,0,1,0,,0,0
4313359,Nova Roma do Sul,287.84000000000003,2025,Língua Portuguesa,0,1,0,282.83500000000004,0,0
4313375,Nova Santa Rita,271.77,2025,Língua Portuguesa,0,1,0,263.56,0,0
4313391,Novo Cabrais,275.66,2025,Língua Portuguesa,0,1,0,,0,0
4313409,Novo Hamburgo,263.57,2025,Língua Portuguesa,1,1,1,262.5975,0,0
4313425,Novo Machado,283.8,2025,Língua Portuguesa,0,1,0,273.24,0,0
4313441,Novo Tiradentes,278.39,2025,Língua Portuguesa,0,1,0,,0,0
4313466,Novo Xingu,268.71,2025,Língua Portuguesa,0,1,0,264.58000000000004,0,0
4313490,Novo Barreiro,273.7,2025,Língua Portuguesa,0,1,0,245.58499999999998,1,0
4313508,Osório,271.49,2025,Língua Portuguesa,0,1,0,270.8225,0,0
4313607,Paim Filho,261.13,2025,Língua Portuguesa,0,1,0,254.39,1,0
4313656,Palmares do Sul,255.22,2025,Língua Portuguesa,0,1,0,248.7225,1,0
4313706,Palmeira das Missões,282.93,2025,Língua Portuguesa,0,1,0,256.305,1,0
4313805,Palmitinho,273.39,2025,Língua Portuguesa,0,1,0,269.9325,0,0
4313904,Panambi,282.72,2025,Língua Portuguesa,0,1,0,276.56,0,0
4313953,Pantano Grande,244.86,2025,Língua Portuguesa,0,1,0,246.0575,1,0
4314001,Paraí,285.58,2025,Língua Portuguesa,0,1,0,279.74,0,0
4314027,Paraíso do Sul,272.3,2025,Língua Portuguesa,1,1,1,270.52250000000004,0,0
4314035,Pareci Novo,264.89,2025,Língua Portuguesa,1,1,1,283.0425,0,0
4314050,Parobé,265.38,2025,Língua Portuguesa,1,1,1,267.53999999999996,0,0
4314068,Passa Sete,268.44,2025,Língua Portuguesa,0,1,0,273.87,0,0
4314076,Passo do Sobrado,271.85,2025,Língua Portuguesa,0,1,0,267.4075,0,0
4314100,Passo Fundo,259.23,2025,Língua Portuguesa,0,1,0,257.48,1,0
4314134,Paulo Bento,275.66,2025,Língua Portuguesa,0,1,0,274.035,0,0
4314159,Paverama,267.35,2025,Língua Portuguesa,0,1,0,258.2,1,0
4314175,Pedras Altas,237.82,2025,Língua Portuguesa,0,1,0,,0,0
4314209,Pedro Osório,241.64000000000001,2025,Língua Portuguesa,0,1,0,243.815,1,0
4314308,Pejuçara,276.59000000000003,2025,Língua Portuguesa,0,1,0,274.65250000000003,0,0
4314407,Pelotas,257.48,2025,Língua Portuguesa,1,1,1,264.845,0,0
4314423,Picada Café,290.58,2025,Língua Portuguesa,0,1,0,294.65999999999997,0,0
4314456,Pinhal,273.02,2025,Língua Portuguesa,0,1,0,269.0825,0,0
4314464,Pinhal da Serra,285.51,2025,Língua Portuguesa,0,1,0,271.9825,0,0
4314472,Pinhal Grande,282.71,2025,Língua Portuguesa,0,1,0,276.085,0,0
4314498,Pinheirinho do Vale,273.32,2025,Língua Portuguesa,0,1,0,278.35,0,0
4314506,Pinheiro Machado,256.15,2025,Língua Portuguesa,0,1,0,261.7125,1,0
4314548,Pinto Bandeira,275.99,2025,Língua Portuguesa,0,1,0,275.36,0,0
4314555,Pirapó,,2025,Língua Portuguesa,0,1,0,263.7625,0,0
4314605,Piratini,255.83,2025,Língua Portuguesa,0,1,0,256.49,1,0
4314704,Planalto,270.98,2025,Língua Portuguesa,0,1,0,264.48,0,0
4314753,Poço das Antas,282.31,2025,Língua Portuguesa,1,1,1,276.18,0,0
4314779,Pontão,283.28000000000003,2025,Língua Portuguesa,0,1,0,272.495,0,0
4314787,Ponte Preta,261.16,2025,Língua Portuguesa,0,1,0,269.605,0,0
4314803,Portão,271.13,2025,Língua Portuguesa,1,1,1,280.7,0,0
4314902,Porto Alegre,260.49,2025,Língua Portuguesa,1,1,1,253.5,1,1
4315008,Porto Lucena,292.12,2025,Língua Portuguesa,0,1,0,265.32,0,0
4315057,Porto Mauá,255.0,2025,Língua Portuguesa,0,1,0,254.38,1,0
4315073,Porto Vera Cruz,270.73,2025,Língua Portuguesa,0,1,0,263.54,0,0
4315107,Porto Xavier,274.57,2025,Língua Portuguesa,0,1,0,272.135,0,0
4315131,Pouso Novo,295.61,2025,Língua Portuguesa,0,1,0,264.1375,0,0
4315149,Presidente Lucena,294.6,2025,Língua Portuguesa,1,1,1,286.67,0,0
4315156,Progresso,255.4,2025,Língua Portuguesa,0,1,0,247.5275,1,0
4315172,Protásio Alves,282.39,2025,Língua Portuguesa,0,1,0,264.3575,0,0
4315206,Putinga,286.39,2025,Língua Portuguesa,0,1,0,246.4325,1,0
4315305,Quaraí,272.71,2025,Língua Portuguesa,0,1,0,267.21500000000003,0,0
4315313,Quatro Irmãos,243.89000000000001,2025,Língua Portuguesa,0,1,0,261.11,1,0
4315321,Quevedos,228.70000000000002,2025,Língua Portuguesa,0,1,0,253.7125,1,0
4315354,Quinze de Novembro,274.54,2025,Língua Portuguesa,0,1,0,275.4375,0,0
4315404,Redentora,240.73000000000002,2025,Língua Portuguesa,0,1,0,250.36,1,0
4315453,Relvado,278.2,2025,Língua Portuguesa,0,1,0,281.5,0,0
4315503,Restinga Sêca,277.13,2025,Língua Portuguesa,1,1,1,266.78249999999997,0,0
4315552,Rio dos Índios,264.57,2025,Língua Portuguesa,0,1,0,265.09000000000003,0,0
4315602,Rio Grande,265.23,2025,Língua Portuguesa,1,1,1,262.90749999999997,0,0
4315701,Rio Pardo,267.02,2025,Língua Portuguesa,0,1,0,261.53999999999996,1,0
4315750,Riozinho,284.88,2025,Língua Portuguesa,0,1,0,270.635,0,0
4315800,Roca Sales,273.33,2025,Língua Portuguesa,0,1,0,264.0675,0,0
4315909,Rodeio Bonito,269.22,2025,Língua Portuguesa,0,1,0,274.935,0,0
4315958,Rolador,278.18,2025,Língua Portuguesa,0,1,0,280.1225,0,0
4316006,Rolante,266.98,2025,Língua Portuguesa,0,1,0,268.5775,0,0
4316105,Ronda Alta,277.28000000000003,2025,Língua Portuguesa,0,1,0,264.77,0,0
4316204,Rondinha,295.34000000000003,2025,Língua Portuguesa,0,1,0,265.72249999999997,0,0
4316303,Roque Gonzales,264.49,2025,Língua Portuguesa,0,1,0,277.695,0,0
4316402,Rosário do Sul,260.25,2025,Língua Portuguesa,0,1,0,243.51999999999998,1,0
4316428,Sagrada Família,296.52,2025,Língua Portuguesa,0,1,0,267.9,0,0
4316436,Saldanha Marinho,282.69,2025,Língua Portuguesa,0,1,0,292.145,0,0
4316451,Salto do Jacuí,280.95,2025,Língua Portuguesa,0,1,0,263.0675,0,0
4316477,Salvador das Missões,300.36,2025,Língua Portuguesa,0,1,0,274.1075,0,0
4316501,Salvador do Sul,273.55,2025,Língua Portuguesa,1,1,1,295.6075,0,0
4316600,Sananduva,274.73,2025,Língua Portuguesa,0,1,0,278.63750000000005,0,0
4316709,Santa Bárbara do Sul,266.2,2025,Língua Portuguesa,0,1,0,249.405,1,0
4316733,Santa Cecília do Sul,252.93,2025,Língua Portuguesa,0,1,0,245.10500000000002,1,0
4316758,Santa Clara do Sul,282.52,2025,Língua Portuguesa,0,1,0,284.4125,0,0
4316808,Santa Cruz do Sul,280.24,2025,Língua Portuguesa,0,1,0,277.06,0,0
4316907,Santa Maria,275.7,2025,Língua Portuguesa,0,1,0,270.0075,0,0
4316956,Santa Maria do Herval,289.22,2025,Língua Portuguesa,1,1,1,290.365,0,0
4316972,Santa Margarida do Sul,272.27,2025,Língua Portuguesa,0,1,0,252.86,1,0
4317004,Santana da Boa Vista,258.42,2025,Língua Portuguesa,0,1,0,240.97,1,0
4317103,Sant'Ana do Livramento,262.63,2025,Língua Portuguesa,0,1,0,250.275,1,0
4317202,Santa Rosa,280.19,2025,Língua Portuguesa,0,1,0,270.305,0,0
4317251,Santa Tereza,,2025,Língua Portuguesa,0,1,0,298.14,0,0
4317301,Santa Vitória do Palmar,267.32,2025,Língua Portuguesa,1,1,1,239.61,1,1
4317400,Santiago,271.34000000000003,2025,Língua Portuguesa,0,1,0,263.0475,0,0
4317509,Santo Ângelo,270.45,2025,Língua Portuguesa,0,1,0,260.2575,1,0
4317558,Santo Antônio do Palma,280.7,2025,Língua Portuguesa,0,1,0,267.3575,0,0
4317608,Santo Antônio da Patrulha,275.87,2025,Língua Portuguesa,0,1,0,267.955,0,0
4317707,Santo Antônio das Missões,260.2,2025,Língua Portuguesa,0,1,0,259.145,1,0
4317756,Santo Antônio do Planalto,269.76,2025,Língua Portuguesa,0,1,0,269.45000000000005,0,0
4317806,Santo Augusto,274.99,2025,Língua Portuguesa,0,1,0,262.945,0,0
4317905,Santo Cristo,277.1,2025,Língua Portuguesa,0,1,0,280.7475,0,0
4317954,Santo Expedito do Sul,282.98,2025,Língua Portuguesa,0,1,0,273.025,0,0
4318002,São Borja,266.61,2025,Língua Portuguesa,0,1,0,247.0775,1,0
4318051,São Domingos do Sul,283.76,2025,Língua Portuguesa,0,1,0,281.8975,0,0
4318101,São Francisco de Assis,257.58,2025,Língua Portuguesa,0,1,0,235.9175,1,0
4318200,São Francisco de Paula,257.31,2025,Língua Portuguesa,0,1,0,250.665,1,0
4318309,São Gabriel,266.96,2025,Língua Portuguesa,0,1,0,246.1925,1,0
4318408,São Jerônimo,264.53000000000003,2025,Língua Portuguesa,0,1,0,256.955,1,0
4318424,São João da Urtiga,277.32,2025,Língua Portuguesa,0,1,0,270.5125,0,0
4318432,São João do Polêsine,,2025,Língua Portuguesa,0,1,0,286.72,0,0
4318440,São Jorge,271.5,2025,Língua Portuguesa,0,1,0,261.30499999999995,1,0
4318457,São José das Missões,262.84000000000003,2025,Língua Portuguesa,0,1,0,269.15500000000003,0,0
4318465,São José do Herval,254.84,2025,Língua Portuguesa,0,1,0,275.05,0,0
4318481,São José do Hortêncio,290.59000000000003,2025,Língua Portuguesa,1,1,1,288.51750000000004,0,0
4318499,São José do Inhacorá,293.6,2025,Língua Portuguesa,0,1,0,,0,0
4318507,São José do Norte,266.64,2025,Língua Portuguesa,1,1,1,259.2975,1,1
4318606,São José do Ouro,298.67,2025,Língua Portuguesa,0,1,0,274.76,0,0
4318614,São José do Sul,267.5,2025,Língua Portuguesa,1,1,1,272.265,0,0
4318622,São José dos Ausentes,260.53000000000003,2025,Língua Portuguesa,0,1,0,251.92000000000002,1,0
4318705,São Leopoldo,261.84000000000003,2025,Língua Portuguesa,1,1,1,262.5125,0,0
4318804,São Lourenço do Sul,273.09000000000003,2025,Língua Portuguesa,1,1,1,278.795,0,0
4318903,São Luiz Gonzaga,271.74,2025,Língua Portuguesa,0,1,0,261.3875,1,0
4319000,São Marcos,281.45,2025,Língua Portuguesa,0,1,0,293.1125,0,0
4319109,São Martinho,288.34000000000003,2025,Língua Portuguesa,0,1,0,277.43,0,0
4319125,São Martinho da Serra,188.14000000000001,2025,Língua Portuguesa,0,1,0,,0,0
4319158,São Miguel das Missões,277.35,2025,Língua Portuguesa,0,1,0,269.61,0,0
4319208,São Nicolau,281.28000000000003,2025,Língua Portuguesa,0,1,0,254.625,1,0
4319307,São Paulo das Missões,275.09000000000003,2025,Língua Portuguesa,0,1,0,284.695,0,0
4319356,São Pedro da Serra,273.21,2025,Língua Portuguesa,1,1,1,273.54999999999995,0,0
4319364,São Pedro das Missões,237.44,2025,Língua Portuguesa,0,1,0,,0,0
4319372,São Pedro do Butiá,280.54,2025,Língua Portuguesa,0,1,0,291.7675,0,0
4319406,São Pedro do Sul,270.22,2025,Língua Portuguesa,0,1,0,264.2025,0,0
4319505,São Sebastião do Caí,264.74,2025,Língua Portuguesa,0,1,0,263.9225,0,0
4319604,São Sepé,259.33,2025,Língua Portuguesa,0,1,0,255.82750000000001,1,0
4319703,São Valentim,262.07,2025,Língua Portuguesa,0,1,0,269.0475,0,0
4319711,São Valentim do Sul,279.03000000000003,2025,Língua Portuguesa,0,1,0,290.6475,0,0
4319737,São Valério do Sul,279.25,2025,Língua Portuguesa,0,1,0,245.83499999999998,1,0
4319752,São Vendelino,281.19,2025,Língua Portuguesa,1,1,1,290.555,0,0
4319802,São Vicente do Sul,264.54,2025,Língua Portuguesa,0,1,0,262.9875,0,0
4319901,Sapiranga,280.69,2025,Língua Portuguesa,1,1,1,277.77250000000004,0,0
4320008,Sapucaia do Sul,265.03000000000003,2025,Língua Portuguesa,0,1,0,268.925,0,0
4320107,Sarandi,268.82,2025,Língua Portuguesa,0,1,0,265.0,0,0
4320206,Seberi,271.66,2025,Língua Portuguesa,0,1,0,278.505,0,0
4320230,Sede Nova,262.59000000000003,2025,Língua Portuguesa,0,1,0,276.6425,0,0
4320263,Segredo,267.47,2025,Língua Portuguesa,1,1,1,270.01,0,0
4320305,Selbach,285.7,2025,Língua Portuguesa,0,1,0,287.625,0,0
4320321,Senador Salgado Filho,258.25,2025,Língua Portuguesa,0,1,0,268.28499999999997,0,0
4320354,Sentinela do Sul,243.58,2025,Língua Portuguesa,1,1,1,229.37,1,1
4320404,Serafina Corrêa,271.54,2025,Língua Portuguesa,0,1,0,279.6825,0,0
4320453,Sério,252.35,2025,Língua Portuguesa,0,1,0,260.0575,1,0
4320503,Sertão,246.66,2025,Língua Portuguesa,0,1,0,260.6175,1,0
4320552,Sertão Santana,257.34000000000003,2025,Língua Portuguesa,1,1,1,267.15999999999997,0,0
4320578,Sete de Setembro,270.73,2025,Língua Portuguesa,0,1,0,278.165,0,0
4320602,Severiano de Almeida,278.71,2025,Língua Portuguesa,0,1,0,292.7975,0,0
4320651,Silveira Martins,253.24,2025,Língua Portuguesa,0,1,0,283.24,0,0
4320677,Sinimbu,267.41,2025,Língua Portuguesa,0,1,0,275.19,0,0
4320701,Sobradinho,266.02,2025,Língua Portuguesa,0,1,0,265.2925,0,0
4320800,Soledade,267.32,2025,Língua Portuguesa,0,1,0,256.075,1,0
4320859,Tabaí,267.37,2025,Língua Portuguesa,0,1,0,274.5875,0,0
4320909,Tapejara,273.91,2025,Língua Portuguesa,0,1,0,267.5675,0,0
4321006,Tapera,289.58,2025,Língua Portuguesa,0,1,0,264.74,0,0
4321105,Tapes,269.5,2025,Língua Portuguesa,0,1,0,259.66499999999996,1,0
4321204,Taquara,261.71,2025,Língua Portuguesa,1,1,1,254.595,1,1
4321303,Taquari,266.03000000000003,2025,Língua Portuguesa,1,1,1,258.84,1,1
4321329,Taquaruçu do Sul,288.09000000000003,2025,Língua Portuguesa,0,1,0,285.52,0,0
4321352,Tavares,263.49,2025,Língua Portuguesa,0,1,0,250.535,1,0
4321402,Tenente Portela,272.27,2025,Língua Portuguesa,0,1,0,253.49,1,0
4321436,Terra de Areia,283.12,2025,Língua Portuguesa,0,1,0,282.2875,0,0
4321451,Teutônia,277.95,2025,Língua Portuguesa,0,1,0,284.005,0,0
4321469,Tio Hugo,278.2,2025,Língua Portuguesa,0,1,0,272.2075,0,0
4321477,Tiradentes do Sul,272.6,2025,Língua Portuguesa,0,1,0,283.9075,0,0
4321493,Toropi,273.26,2025,Língua Portuguesa,0,1,0,242.08749999999998,1,0
4321501,Torres,277.3,2025,Língua Portuguesa,0,1,0,265.0675,0,0
4321600,Tramandaí,273.06,2025,Língua Portuguesa,0,1,0,271.6275,0,0
4321626,Travesseiro,294.11,2025,Língua Portuguesa,0,1,0,275.8225,0,0
4321634,Três Arroios,269.24,2025,Língua Portuguesa,0,1,0,293.435,0,0
4321667,Três Cachoeiras,284.15000000000003,2025,Língua Portuguesa,0,1,0,274.79,0,0
4321709,Três Coroas,271.26,2025,Língua Portuguesa,0,1,0,281.4075,0,0
4321808,Três de Maio,278.7,2025,Língua Portuguesa,0,1,0,264.6975,0,0
4321832,Três Forquilhas,271.49,2025,Língua Portuguesa,0,1,0,263.8075,0,0
4321857,Três Palmeiras,260.2,2025,Língua Portuguesa,0,1,0,265.375,0,0
4321907,Três Passos,288.51,2025,Língua Portuguesa,0,1,0,276.645,0,0
4321956,Trindade do Sul,268.09000000000003,2025,Língua Portuguesa,0,1,0,267.1225,0,0
4322004,Triunfo,270.57,2025,Língua Portuguesa,0,1,0,248.135,1,0
4322103,Tucunduva,282.37,2025,Língua Portuguesa,0,1,0,279.47749999999996,0,0
4322152,Tunas,258.96,2025,Língua Portuguesa,0,1,0,260.325,1,0
4322186,Tupanci do Sul,288.46,2025,Língua Portuguesa,0,1,0,294.8675,0,0
4322202,Tupanciretã,276.13,2025,Língua Portuguesa,0,1,0,261.90250000000003,0,0
4322251,Tupandi,282.73,2025,Língua Portuguesa,1,1,1,297.295,0,0
4322301,Tuparendi,272.18,2025,Língua Portuguesa,0,1,0,265.695,0,0
4322327,Turuçu,259.24,2025,Língua Portuguesa,1,1,1,283.5375,0,0
4322343,Ubiretama,290.89,2025,Língua Portuguesa,0,1,0,256.1475,1,0
4322376,Unistalda,279.86,2025,Língua Portuguesa,0,1,0,285.225,0,0
4322400,Uruguaiana,258.01,2025,Língua Portuguesa,0,1,0,246.65,1,0
4322509,Vacaria,268.83,2025,Língua Portuguesa,0,1,0,264.72249999999997,0,0
4322525,Vale Verde,278.74,2025,Língua Portuguesa,0,1,0,270.515,0,0
4322533,Vale do Sol,268.83,2025,Língua Portuguesa,0,1,0,270.97749999999996,0,0
4322541,Vale Real,288.51,2025,Língua Portuguesa,0,1,0,290.5575,0,0
4322558,Vanini,271.94,2025,Língua Portuguesa,0,1,0,293.3175,0,0
4322608,Venâncio Aires,277.45,2025,Língua Portuguesa,0,1,0,269.6225,0,0
4322707,Vera Cruz,276.71,2025,Língua Portuguesa,0,1,0,267.53,0,0
4322806,Veranópolis,280.6,2025,Língua Portuguesa,0,1,0,275.505,0,0
4322855,Vespasiano Corrêa,284.76,2025,Língua Portuguesa,1,1,1,279.6375,0,0
4322905,Viadutos,275.36,2025,Língua Portuguesa,0,1,0,283.3825,0,0
4323002,Viamão,260.3,2025,Língua Portuguesa,0,1,0,248.1,1,0
4323101,Vicente Dutra,236.83,2025,Língua Portuguesa,0,1,0,240.8075,1,0
4323200,Victor Graeff,275.68,2025,Língua Portuguesa,0,1,0,273.8225,0,0
4323309,Vila Flores,301.06,2025,Língua Portuguesa,0,1,0,284.625,0,0
4323358,Vila Lângaro,272.49,2025,Língua Portuguesa,0,1,0,279.46,0,0
4323408,Vila Maria,270.05,2025,Língua Portuguesa,0,1,0,263.60749999999996,0,0
4323457,Vila Nova do Sul,253.69,2025,Língua Portuguesa,0,1,0,244.41,1,0
4323507,Vista Alegre,237.06,2025,Língua Portuguesa,0,1,0,278.615,0,0
4323606,Vista Alegre do Prata,300.21,2025,Língua Portuguesa,0,1,0,271.9225,0,0
4323705,Vista Gaúcha,291.40000000000003,2025,Língua Portuguesa,0,1,0,264.475,0,0
4323754,Vitória das Missões,269.51,2025,Língua Portuguesa,0,1,0,271.16,0,0
4323770,Westfália,273.92,2025,Língua Portuguesa,0,1,0,283.4925,0,0
4323804,Xangri-lá,266.74,2025,Língua Portuguesa,0,1,0,265.4425,0,0
